2026-05-14 16:11:26,335 - INFO - Log directory: /home/lizhuoxuan/lzq/Bigscity-LibCity-master/outputs/20260514_161126__traffic_state_pred__new_diffusion_fuzzy_2__PEMSD4/logs
2026-05-14 16:11:26,419 - INFO - Log directory: /home/lizhuoxuan/lzq/Bigscity-LibCity-master/outputs/20260514_161126__traffic_state_pred__new_diffusion_fuzzy_2__PEMSD4/logs
2026-05-14 16:11:26,464 - INFO - Log directory: /home/lizhuoxuan/lzq/Bigscity-LibCity-master/outputs/20260514_161126__traffic_state_pred__new_diffusion_fuzzy_2__PEMSD4/logs
2026-05-14 16:11:26,599 - INFO - Log directory: /home/lizhuoxuan/lzq/Bigscity-LibCity-master/outputs/20260514_161126__traffic_state_pred__new_diffusion_fuzzy_2__PEMSD4/logs
2026-05-14 16:11:26,599 - INFO - Begin artifact training pipeline, task=traffic_state_pred, model_name=new_diffusion_fuzzy_2, dataset_name=PEMSD4, exp_id=20260514_161126__traffic_state_pred__new_diffusion_fuzzy_2__PEMSD4
2026-05-14 16:11:26,599 - INFO - {'task': 'traffic_state_pred', 'model': 'new_diffusion_fuzzy_2', 'dataset': 'PEMSD4', 'saved_model': True, 'train': True, 'seed': 42, 'train_rate': 0.6, 'eval_rate': 0.2, 'batch_size': 32, 'learning_rate': 0.001, 'max_epoch': 50, 'dataset_class': 'TrafficStatePointDataset', 'executor': 'DiffusionTrafficStateExecutor', 'evaluator': 'TrafficStateEvaluator', 'adaptive_graph_blend_init': 0.5, 'adaptive_graph_embed_dim': 32, 'adaptive_graph_topk': 12, 'beta_end': 0.01, 'beta_start': 0.0001, 'calculate_weight_adj': False, 'data_col': ['traffic_flow', 'traffic_occupancy', 'traffic_speed'], 'data_files': ['PEMSD4'], 'ddim_eta': 0, 'denoiser_layers': 6, 'device': device(type='cuda', index=0), 'diffusion_schedule': 'linear', 'diffusion_steps': 200, 'disturb_rate': 0.5, 'dropout': 0.1, 'dyna': {'including_types': ['state'], 'state': {'entity_id': 'geo_id', 'traffic_flow': 'num', 'traffic_occupancy': 'num', 'traffic_speed': 'num'}}, 'encoder_layers': 2, 'eval_batch_size': 32, 'evaluator_mode': 'single', 'ffn_hidden_dim': 256, 'flow_conservation_coeff': 1, 'fuzzy_conservation_temperature': 8, 'fuzzy_conservation_threshold': 0.6, 'fuzzy_graph_num_sets': 3, 'fuzzy_graph_sigma_init': 0.7, 'geo': {'including_types': ['Point'], 'Point': {}}, 'geo_file': 'PEMSD4', 'graph_k_hop': 2, 'hidden_dim': 128, 'init_weight_inf_or_zero': 'zero', 'is_distributed': True, 'metrics': ['MAE', 'MAPE', 'MSE', 'RMSE', 'masked_MAE', 'masked_MAPE', 'masked_MSE', 'masked_RMSE', 'R2', 'EVAR'], 'noise_SD': [10], 'noise_mean': [5], 'noise_type': 'gaussian', 'num_heads': 4, 'num_prediction_samples': 1, 'num_sampling_steps': 50, 'num_workers': 0, 'output_dim': 3, 'pad_with_last_sample': True, 'physics_channel_idx': 0, 'physics_loss_weight': 0, 'physics_warmup_mode': 'linear', 'physics_warmup_start_ratio': 0.2, 'physics_warmup_steps': 3000, 'prediction_clamp_max': 3, 'prediction_clamp_min': -3, 'rank': 0, 'rel': {'including_types': ['geo'], 'geo': {'cost': 'num'}}, 'rel_file': 'PEMSD4', 'robustness_test': False, 'sampling_method': 'ddim', 'save_mode': ['csv'], 'scale_lr': False, 'set_weight_link_or_dist': 'link', 'time_intervals': 300, 'use_adaptive_graph': True, 'use_amp': True, 'use_fuzzy_conservation': True, 'use_fuzzy_graph': True, 'use_gradient_checkpointing': False, 'use_spatiotemporal_attention': True, 'use_temporal_position_embedding': True, 'weight_adj_epsilon': 0.1, 'weight_col': 'cost', 'world_size': 4, 'clip_grad_norm': True, 'epoch': 0, 'gpu': True, 'gpu_id': 0, 'learner': 'adamw', 'load_best_epoch': True, 'log_every': 1, 'lr_T_max': 50, 'lr_decay': True, 'lr_eta_min': 1e-05, 'lr_scheduler': 'cosineannealinglr', 'max_grad_norm': 3, 'patience': 30, 'train_loss': 'none', 'use_early_stop': True, 'weight_decay': 0.0001, 'data_version_id': 'dv_1778739638_21d60162', 'input_window': 12, 'output_window': 12, 'scaler': 'standard', 'load_external': False, 'normal_external': False, 'add_time_in_day': True, 'add_day_in_week': True, 'cache_dataset': True, 'ext_scaler': 'none', 'local_rank': 0, 'dist_backend': 'nccl', 'exp_id': '20260514_161126__traffic_state_pred__new_diffusion_fuzzy_2__PEMSD4'}
2026-05-14 16:11:45,335 - INFO - DistributedDataParallel(
  (module): NewDiffusion(
    (condition_encoder): STEncoder(
      (input_projection): Linear(in_features=3, out_features=128, bias=True)
      (blocks): ModuleList(
        (0-1): 2 x STEncoderBlock(
          (temporal_attention): MultiHeadAttention(
            (query_projection): Linear(in_features=128, out_features=128, bias=True)
            (key_projection): Linear(in_features=128, out_features=128, bias=True)
            (value_projection): Linear(in_features=128, out_features=128, bias=True)
            (output_projection): Linear(in_features=128, out_features=128, bias=True)
            (dropout): Dropout(p=0.1, inplace=False)
          )
          (graph_convolution): GraphConvolution(
            (projections): ModuleList(
              (0-2): 3 x Linear(in_features=128, out_features=128, bias=True)
            )
          )
          (feed_forward): FeedForwardNetwork(
            (network): Sequential(
              (0): Linear(in_features=128, out_features=256, bias=True)
              (1): GELU(approximate='none')
              (2): Dropout(p=0.1, inplace=False)
              (3): Linear(in_features=256, out_features=128, bias=True)
              (4): Dropout(p=0.1, inplace=False)
            )
          )
          (norm_temporal): LayerNorm((128,), eps=1e-05, elementwise_affine=True)
          (norm_graph): LayerNorm((128,), eps=1e-05, elementwise_affine=True)
          (norm_ffn): LayerNorm((128,), eps=1e-05, elementwise_affine=True)
          (dropout): Dropout(p=0.1, inplace=False)
        )
      )
      (final_norm): LayerNorm((128,), eps=1e-05, elementwise_affine=True)
    )
    (noise_predictor): AttentionDenoiser(
      (input_projection): Linear(in_features=3, out_features=128, bias=True)
      (time_embedding): SinusoidalTimeEmbedding()
      (time_projection): Sequential(
        (0): Linear(in_features=128, out_features=128, bias=True)
        (1): SiLU()
        (2): Linear(in_features=128, out_features=128, bias=True)
      )
      (condition_fusion): Linear(in_features=256, out_features=128, bias=True)
      (blocks): ModuleList(
        (0-5): 6 x DenoiserBlock(
          (temporal_attention): MultiHeadAttention(
            (query_projection): Linear(in_features=128, out_features=128, bias=True)
            (key_projection): Linear(in_features=128, out_features=128, bias=True)
            (value_projection): Linear(in_features=128, out_features=128, bias=True)
            (output_projection): Linear(in_features=128, out_features=128, bias=True)
            (dropout): Dropout(p=0.1, inplace=False)
          )
          (graph_convolution): GraphConvolution(
            (projections): ModuleList(
              (0-2): 3 x Linear(in_features=128, out_features=128, bias=True)
            )
          )
          (cross_attention): MultiHeadAttention(
            (query_projection): Linear(in_features=128, out_features=128, bias=True)
            (key_projection): Linear(in_features=128, out_features=128, bias=True)
            (value_projection): Linear(in_features=128, out_features=128, bias=True)
            (output_projection): Linear(in_features=128, out_features=128, bias=True)
            (dropout): Dropout(p=0.1, inplace=False)
          )
          (spatiotemporal_attention): MultiHeadAttention(
            (query_projection): Linear(in_features=128, out_features=128, bias=True)
            (key_projection): Linear(in_features=128, out_features=128, bias=True)
            (value_projection): Linear(in_features=128, out_features=128, bias=True)
            (output_projection): Linear(in_features=128, out_features=128, bias=True)
            (dropout): Dropout(p=0.1, inplace=False)
          )
          (feed_forward): FeedForwardNetwork(
            (network): Sequential(
              (0): Linear(in_features=128, out_features=256, bias=True)
              (1): GELU(approximate='none')
              (2): Dropout(p=0.1, inplace=False)
              (3): Linear(in_features=256, out_features=128, bias=True)
              (4): Dropout(p=0.1, inplace=False)
            )
          )
          (norm_temporal): LayerNorm((128,), eps=1e-05, elementwise_affine=True)
          (norm_graph): LayerNorm((128,), eps=1e-05, elementwise_affine=True)
          (norm_cross): LayerNorm((128,), eps=1e-05, elementwise_affine=True)
          (norm_spatiotemporal): LayerNorm((128,), eps=1e-05, elementwise_affine=True)
          (norm_ffn): LayerNorm((128,), eps=1e-05, elementwise_affine=True)
          (dropout): Dropout(p=0.1, inplace=False)
          (time_scale_shift): Sequential(
            (0): SiLU()
            (1): Linear(in_features=128, out_features=256, bias=True)
          )
        )
      )
      (final_norm): LayerNorm((128,), eps=1e-05, elementwise_affine=True)
      (output_projection): Linear(in_features=128, out_features=3, bias=True)
      (adaptive_graph_learner): AdaptiveGraphLearner(
        (feature_projection): Linear(in_features=128, out_features=32, bias=True)
        (time_projection): Linear(in_features=128, out_features=32, bias=True)
      )
    )
    (diffusion_scheduler): DiffusionScheduler()
  )
)
2026-05-14 16:11:45,340 - INFO - module.condition_encoder.temporal_position_embedding	torch.Size([1, 12, 1, 128])	cuda:0	True
2026-05-14 16:11:45,340 - INFO - module.condition_encoder.input_projection.weight	torch.Size([128, 3])	cuda:0	True
2026-05-14 16:11:45,340 - INFO - module.condition_encoder.input_projection.bias	torch.Size([128])	cuda:0	True
2026-05-14 16:11:45,340 - INFO - module.condition_encoder.blocks.0.temporal_attention.query_projection.weight	torch.Size([128, 128])	cuda:0	True
2026-05-14 16:11:45,341 - INFO - module.condition_encoder.blocks.0.temporal_attention.query_projection.bias	torch.Size([128])	cuda:0	True
2026-05-14 16:11:45,341 - INFO - module.condition_encoder.blocks.0.temporal_attention.key_projection.weight	torch.Size([128, 128])	cuda:0	True
2026-05-14 16:11:45,341 - INFO - module.condition_encoder.blocks.0.temporal_attention.key_projection.bias	torch.Size([128])	cuda:0	True
2026-05-14 16:11:45,341 - INFO - module.condition_encoder.blocks.0.temporal_attention.value_projection.weight	torch.Size([128, 128])	cuda:0	True
2026-05-14 16:11:45,341 - INFO - module.condition_encoder.blocks.0.temporal_attention.value_projection.bias	torch.Size([128])	cuda:0	True
2026-05-14 16:11:45,341 - INFO - module.condition_encoder.blocks.0.temporal_attention.output_projection.weight	torch.Size([128, 128])	cuda:0	True
2026-05-14 16:11:45,341 - INFO - module.condition_encoder.blocks.0.temporal_attention.output_projection.bias	torch.Size([128])	cuda:0	True
2026-05-14 16:11:45,341 - INFO - module.condition_encoder.blocks.0.graph_convolution.projections.0.weight	torch.Size([128, 128])	cuda:0	True
2026-05-14 16:11:45,341 - INFO - module.condition_encoder.blocks.0.graph_convolution.projections.0.bias	torch.Size([128])	cuda:0	True
2026-05-14 16:11:45,341 - INFO - module.condition_encoder.blocks.0.graph_convolution.projections.1.weight	torch.Size([128, 128])	cuda:0	True
2026-05-14 16:11:45,341 - INFO - module.condition_encoder.blocks.0.graph_convolution.projections.1.bias	torch.Size([128])	cuda:0	True
2026-05-14 16:11:45,341 - INFO - module.condition_encoder.blocks.0.graph_convolution.projections.2.weight	torch.Size([128, 128])	cuda:0	True
2026-05-14 16:11:45,341 - INFO - module.condition_encoder.blocks.0.graph_convolution.projections.2.bias	torch.Size([128])	cuda:0	True
2026-05-14 16:11:45,341 - INFO - module.condition_encoder.blocks.0.feed_forward.network.0.weight	torch.Size([256, 128])	cuda:0	True
2026-05-14 16:11:45,341 - INFO - module.condition_encoder.blocks.0.feed_forward.network.0.bias	torch.Size([256])	cuda:0	True
2026-05-14 16:11:45,341 - INFO - module.condition_encoder.blocks.0.feed_forward.network.3.weight	torch.Size([128, 256])	cuda:0	True
2026-05-14 16:11:45,341 - INFO - module.condition_encoder.blocks.0.feed_forward.network.3.bias	torch.Size([128])	cuda:0	True
2026-05-14 16:11:45,342 - INFO - module.condition_encoder.blocks.0.norm_temporal.weight	torch.Size([128])	cuda:0	True
2026-05-14 16:11:45,342 - INFO - module.condition_encoder.blocks.0.norm_temporal.bias	torch.Size([128])	cuda:0	True
2026-05-14 16:11:45,342 - INFO - module.condition_encoder.blocks.0.norm_graph.weight	torch.Size([128])	cuda:0	True
2026-05-14 16:11:45,342 - INFO - module.condition_encoder.blocks.0.norm_graph.bias	torch.Size([128])	cuda:0	True
2026-05-14 16:11:45,342 - INFO - module.condition_encoder.blocks.0.norm_ffn.weight	torch.Size([128])	cuda:0	True
2026-05-14 16:11:45,342 - INFO - module.condition_encoder.blocks.0.norm_ffn.bias	torch.Size([128])	cuda:0	True
2026-05-14 16:11:45,342 - INFO - module.condition_encoder.blocks.1.temporal_attention.query_projection.weight	torch.Size([128, 128])	cuda:0	True
2026-05-14 16:11:45,342 - INFO - module.condition_encoder.blocks.1.temporal_attention.query_projection.bias	torch.Size([128])	cuda:0	True
2026-05-14 16:11:45,342 - INFO - module.condition_encoder.blocks.1.temporal_attention.key_projection.weight	torch.Size([128, 128])	cuda:0	True
2026-05-14 16:11:45,342 - INFO - module.condition_encoder.blocks.1.temporal_attention.key_projection.bias	torch.Size([128])	cuda:0	True
2026-05-14 16:11:45,342 - INFO - module.condition_encoder.blocks.1.temporal_attention.value_projection.weight	torch.Size([128, 128])	cuda:0	True
2026-05-14 16:11:45,342 - INFO - module.condition_encoder.blocks.1.temporal_attention.value_projection.bias	torch.Size([128])	cuda:0	True
2026-05-14 16:11:45,342 - INFO - module.condition_encoder.blocks.1.temporal_attention.output_projection.weight	torch.Size([128, 128])	cuda:0	True
2026-05-14 16:11:45,342 - INFO - module.condition_encoder.blocks.1.temporal_attention.output_projection.bias	torch.Size([128])	cuda:0	True
2026-05-14 16:11:45,342 - INFO - module.condition_encoder.blocks.1.graph_convolution.projections.0.weight	torch.Size([128, 128])	cuda:0	True
2026-05-14 16:11:45,342 - INFO - module.condition_encoder.blocks.1.graph_convolution.projections.0.bias	torch.Size([128])	cuda:0	True
2026-05-14 16:11:45,342 - INFO - module.condition_encoder.blocks.1.graph_convolution.projections.1.weight	torch.Size([128, 128])	cuda:0	True
2026-05-14 16:11:45,342 - INFO - module.condition_encoder.blocks.1.graph_convolution.projections.1.bias	torch.Size([128])	cuda:0	True
2026-05-14 16:11:45,343 - INFO - module.condition_encoder.blocks.1.graph_convolution.projections.2.weight	torch.Size([128, 128])	cuda:0	True
2026-05-14 16:11:45,343 - INFO - module.condition_encoder.blocks.1.graph_convolution.projections.2.bias	torch.Size([128])	cuda:0	True
2026-05-14 16:11:45,343 - INFO - module.condition_encoder.blocks.1.feed_forward.network.0.weight	torch.Size([256, 128])	cuda:0	True
2026-05-14 16:11:45,343 - INFO - module.condition_encoder.blocks.1.feed_forward.network.0.bias	torch.Size([256])	cuda:0	True
2026-05-14 16:11:45,343 - INFO - module.condition_encoder.blocks.1.feed_forward.network.3.weight	torch.Size([128, 256])	cuda:0	True
2026-05-14 16:11:45,342 - INFO - Enable AMP training (dtype=float16).
2026-05-14 16:11:45,343 - INFO - module.condition_encoder.blocks.1.feed_forward.network.3.bias	torch.Size([128])	cuda:0	True
2026-05-14 16:11:45,343 - INFO - module.condition_encoder.blocks.1.norm_temporal.weight	torch.Size([128])	cuda:0	True
2026-05-14 16:11:45,343 - INFO - You select `adamw` optimizer.
2026-05-14 16:11:45,343 - INFO - module.condition_encoder.blocks.1.norm_temporal.bias	torch.Size([128])	cuda:0	True
2026-05-14 16:11:45,344 - INFO - You select `cosineannealinglr` lr_scheduler.
2026-05-14 16:11:45,343 - INFO - module.condition_encoder.blocks.1.norm_graph.weight	torch.Size([128])	cuda:0	True
2026-05-14 16:11:45,345 - WARNING - Received none train loss func and will use the loss func defined in the model.
2026-05-14 16:11:45,345 - INFO - module.condition_encoder.blocks.1.norm_graph.bias	torch.Size([128])	cuda:0	True
2026-05-14 16:11:45,345 - INFO - module.condition_encoder.blocks.1.norm_ffn.weight	torch.Size([128])	cuda:0	True
2026-05-14 16:11:45,345 - INFO - Start training ...
2026-05-14 16:11:45,345 - INFO - module.condition_encoder.blocks.1.norm_ffn.bias	torch.Size([128])	cuda:0	True
2026-05-14 16:11:45,345 - INFO - num_batches:80
2026-05-14 16:11:45,345 - INFO - module.condition_encoder.final_norm.weight	torch.Size([128])	cuda:0	True
2026-05-14 16:11:45,345 - INFO - module.condition_encoder.final_norm.bias	torch.Size([128])	cuda:0	True
2026-05-14 16:11:45,345 - INFO - module.noise_predictor.future_position_embedding	torch.Size([1, 12, 1, 128])	cuda:0	True
2026-05-14 16:11:45,345 - INFO - module.noise_predictor.condition_temporal_weight	torch.Size([12])	cuda:0	True
2026-05-14 16:11:45,345 - INFO - module.noise_predictor.input_projection.weight	torch.Size([128, 3])	cuda:0	True
2026-05-14 16:11:45,345 - INFO - module.noise_predictor.input_projection.bias	torch.Size([128])	cuda:0	True
2026-05-14 16:11:45,346 - INFO - module.noise_predictor.time_projection.0.weight	torch.Size([128, 128])	cuda:0	True
2026-05-14 16:11:45,346 - INFO - module.noise_predictor.time_projection.0.bias	torch.Size([128])	cuda:0	True
2026-05-14 16:11:45,346 - INFO - module.noise_predictor.time_projection.2.weight	torch.Size([128, 128])	cuda:0	True
2026-05-14 16:11:45,346 - INFO - module.noise_predictor.time_projection.2.bias	torch.Size([128])	cuda:0	True
2026-05-14 16:11:45,346 - INFO - module.noise_predictor.condition_fusion.weight	torch.Size([128, 256])	cuda:0	True
2026-05-14 16:11:45,346 - INFO - module.noise_predictor.condition_fusion.bias	torch.Size([128])	cuda:0	True
2026-05-14 16:11:45,346 - INFO - module.noise_predictor.blocks.0.temporal_attention.query_projection.weight	torch.Size([128, 128])	cuda:0	True
2026-05-14 16:11:45,346 - INFO - module.noise_predictor.blocks.0.temporal_attention.query_projection.bias	torch.Size([128])	cuda:0	True
2026-05-14 16:11:45,346 - INFO - module.noise_predictor.blocks.0.temporal_attention.key_projection.weight	torch.Size([128, 128])	cuda:0	True
2026-05-14 16:11:45,346 - INFO - module.noise_predictor.blocks.0.temporal_attention.key_projection.bias	torch.Size([128])	cuda:0	True
2026-05-14 16:11:45,346 - INFO - module.noise_predictor.blocks.0.temporal_attention.value_projection.weight	torch.Size([128, 128])	cuda:0	True
2026-05-14 16:11:45,346 - INFO - module.noise_predictor.blocks.0.temporal_attention.value_projection.bias	torch.Size([128])	cuda:0	True
2026-05-14 16:11:45,346 - INFO - module.noise_predictor.blocks.0.temporal_attention.output_projection.weight	torch.Size([128, 128])	cuda:0	True
2026-05-14 16:11:45,346 - INFO - module.noise_predictor.blocks.0.temporal_attention.output_projection.bias	torch.Size([128])	cuda:0	True
2026-05-14 16:11:45,346 - INFO - module.noise_predictor.blocks.0.graph_convolution.projections.0.weight	torch.Size([128, 128])	cuda:0	True
2026-05-14 16:11:45,347 - INFO - module.noise_predictor.blocks.0.graph_convolution.projections.0.bias	torch.Size([128])	cuda:0	True
2026-05-14 16:11:45,347 - INFO - module.noise_predictor.blocks.0.graph_convolution.projections.1.weight	torch.Size([128, 128])	cuda:0	True
2026-05-14 16:11:45,347 - INFO - module.noise_predictor.blocks.0.graph_convolution.projections.1.bias	torch.Size([128])	cuda:0	True
2026-05-14 16:11:45,347 - INFO - module.noise_predictor.blocks.0.graph_convolution.projections.2.weight	torch.Size([128, 128])	cuda:0	True
2026-05-14 16:11:45,347 - INFO - module.noise_predictor.blocks.0.graph_convolution.projections.2.bias	torch.Size([128])	cuda:0	True
2026-05-14 16:11:45,347 - INFO - module.noise_predictor.blocks.0.cross_attention.query_projection.weight	torch.Size([128, 128])	cuda:0	True
2026-05-14 16:11:45,347 - INFO - module.noise_predictor.blocks.0.cross_attention.query_projection.bias	torch.Size([128])	cuda:0	True
2026-05-14 16:11:45,348 - INFO - module.noise_predictor.blocks.0.cross_attention.key_projection.weight	torch.Size([128, 128])	cuda:0	True
2026-05-14 16:11:45,348 - INFO - module.noise_predictor.blocks.0.cross_attention.key_projection.bias	torch.Size([128])	cuda:0	True
2026-05-14 16:11:45,348 - INFO - module.noise_predictor.blocks.0.cross_attention.value_projection.weight	torch.Size([128, 128])	cuda:0	True
2026-05-14 16:11:45,348 - INFO - module.noise_predictor.blocks.0.cross_attention.value_projection.bias	torch.Size([128])	cuda:0	True
2026-05-14 16:11:45,348 - INFO - module.noise_predictor.blocks.0.cross_attention.output_projection.weight	torch.Size([128, 128])	cuda:0	True
2026-05-14 16:11:45,348 - INFO - module.noise_predictor.blocks.0.cross_attention.output_projection.bias	torch.Size([128])	cuda:0	True
2026-05-14 16:11:45,348 - INFO - module.noise_predictor.blocks.0.spatiotemporal_attention.query_projection.weight	torch.Size([128, 128])	cuda:0	True
2026-05-14 16:11:45,348 - INFO - module.noise_predictor.blocks.0.spatiotemporal_attention.query_projection.bias	torch.Size([128])	cuda:0	True
2026-05-14 16:11:45,348 - INFO - module.noise_predictor.blocks.0.spatiotemporal_attention.key_projection.weight	torch.Size([128, 128])	cuda:0	True
2026-05-14 16:11:45,348 - INFO - module.noise_predictor.blocks.0.spatiotemporal_attention.key_projection.bias	torch.Size([128])	cuda:0	True
2026-05-14 16:11:45,348 - INFO - module.noise_predictor.blocks.0.spatiotemporal_attention.value_projection.weight	torch.Size([128, 128])	cuda:0	True
2026-05-14 16:11:45,349 - INFO - module.noise_predictor.blocks.0.spatiotemporal_attention.value_projection.bias	torch.Size([128])	cuda:0	True
2026-05-14 16:11:45,349 - INFO - module.noise_predictor.blocks.0.spatiotemporal_attention.output_projection.weight	torch.Size([128, 128])	cuda:0	True
2026-05-14 16:11:45,349 - INFO - module.noise_predictor.blocks.0.spatiotemporal_attention.output_projection.bias	torch.Size([128])	cuda:0	True
2026-05-14 16:11:45,349 - INFO - module.noise_predictor.blocks.0.feed_forward.network.0.weight	torch.Size([256, 128])	cuda:0	True
2026-05-14 16:11:45,349 - INFO - module.noise_predictor.blocks.0.feed_forward.network.0.bias	torch.Size([256])	cuda:0	True
2026-05-14 16:11:45,349 - INFO - module.noise_predictor.blocks.0.feed_forward.network.3.weight	torch.Size([128, 256])	cuda:0	True
2026-05-14 16:11:45,349 - INFO - module.noise_predictor.blocks.0.feed_forward.network.3.bias	torch.Size([128])	cuda:0	True
2026-05-14 16:11:45,349 - INFO - module.noise_predictor.blocks.0.norm_temporal.weight	torch.Size([128])	cuda:0	True
2026-05-14 16:11:45,349 - INFO - module.noise_predictor.blocks.0.norm_temporal.bias	torch.Size([128])	cuda:0	True
2026-05-14 16:11:45,349 - INFO - module.noise_predictor.blocks.0.norm_graph.weight	torch.Size([128])	cuda:0	True
2026-05-14 16:11:45,349 - INFO - module.noise_predictor.blocks.0.norm_graph.bias	torch.Size([128])	cuda:0	True
2026-05-14 16:11:45,349 - INFO - Enable AMP training (dtype=float16).
2026-05-14 16:11:45,349 - INFO - module.noise_predictor.blocks.0.norm_cross.weight	torch.Size([128])	cuda:0	True
2026-05-14 16:11:45,349 - INFO - module.noise_predictor.blocks.0.norm_cross.bias	torch.Size([128])	cuda:0	True
2026-05-14 16:11:45,349 - INFO - You select `adamw` optimizer.
2026-05-14 16:11:45,350 - INFO - module.noise_predictor.blocks.0.norm_spatiotemporal.weight	torch.Size([128])	cuda:0	True
2026-05-14 16:11:45,350 - INFO - module.noise_predictor.blocks.0.norm_spatiotemporal.bias	torch.Size([128])	cuda:0	True
2026-05-14 16:11:45,350 - INFO - module.noise_predictor.blocks.0.norm_ffn.weight	torch.Size([128])	cuda:0	True
2026-05-14 16:11:45,350 - INFO - module.noise_predictor.blocks.0.norm_ffn.bias	torch.Size([128])	cuda:0	True
2026-05-14 16:11:45,350 - INFO - module.noise_predictor.blocks.0.time_scale_shift.1.weight	torch.Size([256, 128])	cuda:0	True
2026-05-14 16:11:45,350 - INFO - module.noise_predictor.blocks.0.time_scale_shift.1.bias	torch.Size([256])	cuda:0	True
2026-05-14 16:11:45,351 - INFO - module.noise_predictor.blocks.1.temporal_attention.query_projection.weight	torch.Size([128, 128])	cuda:0	True
2026-05-14 16:11:45,351 - INFO - module.noise_predictor.blocks.1.temporal_attention.query_projection.bias	torch.Size([128])	cuda:0	True
2026-05-14 16:11:45,351 - INFO - module.noise_predictor.blocks.1.temporal_attention.key_projection.weight	torch.Size([128, 128])	cuda:0	True
2026-05-14 16:11:45,351 - INFO - module.noise_predictor.blocks.1.temporal_attention.key_projection.bias	torch.Size([128])	cuda:0	True
2026-05-14 16:11:45,351 - INFO - You select `cosineannealinglr` lr_scheduler.
2026-05-14 16:11:45,351 - INFO - module.noise_predictor.blocks.1.temporal_attention.value_projection.weight	torch.Size([128, 128])	cuda:0	True
2026-05-14 16:11:45,351 - INFO - module.noise_predictor.blocks.1.temporal_attention.value_projection.bias	torch.Size([128])	cuda:0	True
2026-05-14 16:11:45,351 - INFO - module.noise_predictor.blocks.1.temporal_attention.output_projection.weight	torch.Size([128, 128])	cuda:0	True
2026-05-14 16:11:45,351 - INFO - module.noise_predictor.blocks.1.temporal_attention.output_projection.bias	torch.Size([128])	cuda:0	True
2026-05-14 16:11:45,351 - INFO - module.noise_predictor.blocks.1.graph_convolution.projections.0.weight	torch.Size([128, 128])	cuda:0	True
2026-05-14 16:11:45,351 - WARNING - Received none train loss func and will use the loss func defined in the model.
2026-05-14 16:11:45,351 - INFO - module.noise_predictor.blocks.1.graph_convolution.projections.0.bias	torch.Size([128])	cuda:0	True
2026-05-14 16:11:45,351 - INFO - module.noise_predictor.blocks.1.graph_convolution.projections.1.weight	torch.Size([128, 128])	cuda:0	True
2026-05-14 16:11:45,351 - INFO - module.noise_predictor.blocks.1.graph_convolution.projections.1.bias	torch.Size([128])	cuda:0	True
2026-05-14 16:11:45,351 - INFO - Start training ...
2026-05-14 16:11:45,351 - INFO - module.noise_predictor.blocks.1.graph_convolution.projections.2.weight	torch.Size([128, 128])	cuda:0	True
2026-05-14 16:11:45,351 - INFO - module.noise_predictor.blocks.1.graph_convolution.projections.2.bias	torch.Size([128])	cuda:0	True
2026-05-14 16:11:45,351 - INFO - num_batches:80
2026-05-14 16:11:45,351 - INFO - module.noise_predictor.blocks.1.cross_attention.query_projection.weight	torch.Size([128, 128])	cuda:0	True
2026-05-14 16:11:45,351 - INFO - module.noise_predictor.blocks.1.cross_attention.query_projection.bias	torch.Size([128])	cuda:0	True
2026-05-14 16:11:45,351 - INFO - module.noise_predictor.blocks.1.cross_attention.key_projection.weight	torch.Size([128, 128])	cuda:0	True
2026-05-14 16:11:45,352 - INFO - module.noise_predictor.blocks.1.cross_attention.key_projection.bias	torch.Size([128])	cuda:0	True
2026-05-14 16:11:45,352 - INFO - module.noise_predictor.blocks.1.cross_attention.value_projection.weight	torch.Size([128, 128])	cuda:0	True
2026-05-14 16:11:45,352 - INFO - module.noise_predictor.blocks.1.cross_attention.value_projection.bias	torch.Size([128])	cuda:0	True
2026-05-14 16:11:45,352 - INFO - module.noise_predictor.blocks.1.cross_attention.output_projection.weight	torch.Size([128, 128])	cuda:0	True
2026-05-14 16:11:45,352 - INFO - module.noise_predictor.blocks.1.cross_attention.output_projection.bias	torch.Size([128])	cuda:0	True
2026-05-14 16:11:45,352 - INFO - module.noise_predictor.blocks.1.spatiotemporal_attention.query_projection.weight	torch.Size([128, 128])	cuda:0	True
2026-05-14 16:11:45,352 - INFO - module.noise_predictor.blocks.1.spatiotemporal_attention.query_projection.bias	torch.Size([128])	cuda:0	True
2026-05-14 16:11:45,352 - INFO - module.noise_predictor.blocks.1.spatiotemporal_attention.key_projection.weight	torch.Size([128, 128])	cuda:0	True
2026-05-14 16:11:45,352 - INFO - module.noise_predictor.blocks.1.spatiotemporal_attention.key_projection.bias	torch.Size([128])	cuda:0	True
2026-05-14 16:11:45,352 - INFO - module.noise_predictor.blocks.1.spatiotemporal_attention.value_projection.weight	torch.Size([128, 128])	cuda:0	True
2026-05-14 16:11:45,352 - INFO - module.noise_predictor.blocks.1.spatiotemporal_attention.value_projection.bias	torch.Size([128])	cuda:0	True
2026-05-14 16:11:45,352 - INFO - module.noise_predictor.blocks.1.spatiotemporal_attention.output_projection.weight	torch.Size([128, 128])	cuda:0	True
2026-05-14 16:11:45,352 - INFO - module.noise_predictor.blocks.1.spatiotemporal_attention.output_projection.bias	torch.Size([128])	cuda:0	True
2026-05-14 16:11:45,352 - INFO - module.noise_predictor.blocks.1.feed_forward.network.0.weight	torch.Size([256, 128])	cuda:0	True
2026-05-14 16:11:45,352 - INFO - module.noise_predictor.blocks.1.feed_forward.network.0.bias	torch.Size([256])	cuda:0	True
2026-05-14 16:11:45,352 - INFO - module.noise_predictor.blocks.1.feed_forward.network.3.weight	torch.Size([128, 256])	cuda:0	True
2026-05-14 16:11:45,352 - INFO - module.noise_predictor.blocks.1.feed_forward.network.3.bias	torch.Size([128])	cuda:0	True
2026-05-14 16:11:45,352 - INFO - module.noise_predictor.blocks.1.norm_temporal.weight	torch.Size([128])	cuda:0	True
2026-05-14 16:11:45,352 - INFO - module.noise_predictor.blocks.1.norm_temporal.bias	torch.Size([128])	cuda:0	True
2026-05-14 16:11:45,352 - INFO - module.noise_predictor.blocks.1.norm_graph.weight	torch.Size([128])	cuda:0	True
2026-05-14 16:11:45,352 - INFO - module.noise_predictor.blocks.1.norm_graph.bias	torch.Size([128])	cuda:0	True
2026-05-14 16:11:45,352 - INFO - module.noise_predictor.blocks.1.norm_cross.weight	torch.Size([128])	cuda:0	True
2026-05-14 16:11:45,352 - INFO - module.noise_predictor.blocks.1.norm_cross.bias	torch.Size([128])	cuda:0	True
2026-05-14 16:11:45,353 - INFO - module.noise_predictor.blocks.1.norm_spatiotemporal.weight	torch.Size([128])	cuda:0	True
2026-05-14 16:11:45,353 - INFO - module.noise_predictor.blocks.1.norm_spatiotemporal.bias	torch.Size([128])	cuda:0	True
2026-05-14 16:11:45,353 - INFO - module.noise_predictor.blocks.1.norm_ffn.weight	torch.Size([128])	cuda:0	True
2026-05-14 16:11:45,353 - INFO - module.noise_predictor.blocks.1.norm_ffn.bias	torch.Size([128])	cuda:0	True
2026-05-14 16:11:45,354 - INFO - module.noise_predictor.blocks.1.time_scale_shift.1.weight	torch.Size([256, 128])	cuda:0	True
2026-05-14 16:11:45,354 - INFO - module.noise_predictor.blocks.1.time_scale_shift.1.bias	torch.Size([256])	cuda:0	True
2026-05-14 16:11:45,354 - INFO - module.noise_predictor.blocks.2.temporal_attention.query_projection.weight	torch.Size([128, 128])	cuda:0	True
2026-05-14 16:11:45,354 - INFO - module.noise_predictor.blocks.2.temporal_attention.query_projection.bias	torch.Size([128])	cuda:0	True
2026-05-14 16:11:45,354 - INFO - module.noise_predictor.blocks.2.temporal_attention.key_projection.weight	torch.Size([128, 128])	cuda:0	True
2026-05-14 16:11:45,354 - INFO - module.noise_predictor.blocks.2.temporal_attention.key_projection.bias	torch.Size([128])	cuda:0	True
2026-05-14 16:11:45,354 - INFO - module.noise_predictor.blocks.2.temporal_attention.value_projection.weight	torch.Size([128, 128])	cuda:0	True
2026-05-14 16:11:45,354 - INFO - module.noise_predictor.blocks.2.temporal_attention.value_projection.bias	torch.Size([128])	cuda:0	True
2026-05-14 16:11:45,354 - INFO - module.noise_predictor.blocks.2.temporal_attention.output_projection.weight	torch.Size([128, 128])	cuda:0	True
2026-05-14 16:11:45,354 - INFO - module.noise_predictor.blocks.2.temporal_attention.output_projection.bias	torch.Size([128])	cuda:0	True
2026-05-14 16:11:45,354 - INFO - module.noise_predictor.blocks.2.graph_convolution.projections.0.weight	torch.Size([128, 128])	cuda:0	True
2026-05-14 16:11:45,355 - INFO - module.noise_predictor.blocks.2.graph_convolution.projections.0.bias	torch.Size([128])	cuda:0	True
2026-05-14 16:11:45,355 - INFO - module.noise_predictor.blocks.2.graph_convolution.projections.1.weight	torch.Size([128, 128])	cuda:0	True
2026-05-14 16:11:45,355 - INFO - Enable AMP training (dtype=float16).
2026-05-14 16:11:45,355 - INFO - module.noise_predictor.blocks.2.graph_convolution.projections.1.bias	torch.Size([128])	cuda:0	True
2026-05-14 16:11:45,355 - INFO - module.noise_predictor.blocks.2.graph_convolution.projections.2.weight	torch.Size([128, 128])	cuda:0	True
2026-05-14 16:11:45,355 - INFO - module.noise_predictor.blocks.2.graph_convolution.projections.2.bias	torch.Size([128])	cuda:0	True
2026-05-14 16:11:45,355 - INFO - module.noise_predictor.blocks.2.cross_attention.query_projection.weight	torch.Size([128, 128])	cuda:0	True
2026-05-14 16:11:45,355 - INFO - module.noise_predictor.blocks.2.cross_attention.query_projection.bias	torch.Size([128])	cuda:0	True
2026-05-14 16:11:45,355 - INFO - module.noise_predictor.blocks.2.cross_attention.key_projection.weight	torch.Size([128, 128])	cuda:0	True
2026-05-14 16:11:45,355 - INFO - module.noise_predictor.blocks.2.cross_attention.key_projection.bias	torch.Size([128])	cuda:0	True
2026-05-14 16:11:45,355 - INFO - module.noise_predictor.blocks.2.cross_attention.value_projection.weight	torch.Size([128, 128])	cuda:0	True
2026-05-14 16:11:45,355 - INFO - module.noise_predictor.blocks.2.cross_attention.value_projection.bias	torch.Size([128])	cuda:0	True
2026-05-14 16:11:45,355 - INFO - module.noise_predictor.blocks.2.cross_attention.output_projection.weight	torch.Size([128, 128])	cuda:0	True
2026-05-14 16:11:45,356 - INFO - module.noise_predictor.blocks.2.cross_attention.output_projection.bias	torch.Size([128])	cuda:0	True
2026-05-14 16:11:45,356 - INFO - module.noise_predictor.blocks.2.spatiotemporal_attention.query_projection.weight	torch.Size([128, 128])	cuda:0	True
2026-05-14 16:11:45,356 - INFO - module.noise_predictor.blocks.2.spatiotemporal_attention.query_projection.bias	torch.Size([128])	cuda:0	True
2026-05-14 16:11:45,356 - INFO - module.noise_predictor.blocks.2.spatiotemporal_attention.key_projection.weight	torch.Size([128, 128])	cuda:0	True
2026-05-14 16:11:45,356 - INFO - module.noise_predictor.blocks.2.spatiotemporal_attention.key_projection.bias	torch.Size([128])	cuda:0	True
2026-05-14 16:11:45,356 - INFO - module.noise_predictor.blocks.2.spatiotemporal_attention.value_projection.weight	torch.Size([128, 128])	cuda:0	True
2026-05-14 16:11:45,356 - INFO - You select `adamw` optimizer.
2026-05-14 16:11:45,356 - INFO - module.noise_predictor.blocks.2.spatiotemporal_attention.value_projection.bias	torch.Size([128])	cuda:0	True
2026-05-14 16:11:45,356 - INFO - module.noise_predictor.blocks.2.spatiotemporal_attention.output_projection.weight	torch.Size([128, 128])	cuda:0	True
2026-05-14 16:11:45,356 - INFO - module.noise_predictor.blocks.2.spatiotemporal_attention.output_projection.bias	torch.Size([128])	cuda:0	True
2026-05-14 16:11:45,356 - INFO - module.noise_predictor.blocks.2.feed_forward.network.0.weight	torch.Size([256, 128])	cuda:0	True
2026-05-14 16:11:45,356 - INFO - module.noise_predictor.blocks.2.feed_forward.network.0.bias	torch.Size([256])	cuda:0	True
2026-05-14 16:11:45,356 - INFO - module.noise_predictor.blocks.2.feed_forward.network.3.weight	torch.Size([128, 256])	cuda:0	True
2026-05-14 16:11:45,356 - INFO - module.noise_predictor.blocks.2.feed_forward.network.3.bias	torch.Size([128])	cuda:0	True
2026-05-14 16:11:45,356 - INFO - module.noise_predictor.blocks.2.norm_temporal.weight	torch.Size([128])	cuda:0	True
2026-05-14 16:11:45,356 - INFO - module.noise_predictor.blocks.2.norm_temporal.bias	torch.Size([128])	cuda:0	True
2026-05-14 16:11:45,356 - INFO - module.noise_predictor.blocks.2.norm_graph.weight	torch.Size([128])	cuda:0	True
2026-05-14 16:11:45,356 - INFO - module.noise_predictor.blocks.2.norm_graph.bias	torch.Size([128])	cuda:0	True
2026-05-14 16:11:45,356 - INFO - module.noise_predictor.blocks.2.norm_cross.weight	torch.Size([128])	cuda:0	True
2026-05-14 16:11:45,356 - INFO - module.noise_predictor.blocks.2.norm_cross.bias	torch.Size([128])	cuda:0	True
2026-05-14 16:11:45,356 - INFO - module.noise_predictor.blocks.2.norm_spatiotemporal.weight	torch.Size([128])	cuda:0	True
2026-05-14 16:11:45,356 - INFO - module.noise_predictor.blocks.2.norm_spatiotemporal.bias	torch.Size([128])	cuda:0	True
2026-05-14 16:11:45,356 - INFO - module.noise_predictor.blocks.2.norm_ffn.weight	torch.Size([128])	cuda:0	True
2026-05-14 16:11:45,357 - INFO - module.noise_predictor.blocks.2.norm_ffn.bias	torch.Size([128])	cuda:0	True
2026-05-14 16:11:45,357 - INFO - module.noise_predictor.blocks.2.time_scale_shift.1.weight	torch.Size([256, 128])	cuda:0	True
2026-05-14 16:11:45,357 - INFO - module.noise_predictor.blocks.2.time_scale_shift.1.bias	torch.Size([256])	cuda:0	True
2026-05-14 16:11:45,357 - INFO - You select `cosineannealinglr` lr_scheduler.
2026-05-14 16:11:45,357 - INFO - module.noise_predictor.blocks.3.temporal_attention.query_projection.weight	torch.Size([128, 128])	cuda:0	True
2026-05-14 16:11:45,358 - INFO - module.noise_predictor.blocks.3.temporal_attention.query_projection.bias	torch.Size([128])	cuda:0	True
2026-05-14 16:11:45,358 - INFO - module.noise_predictor.blocks.3.temporal_attention.key_projection.weight	torch.Size([128, 128])	cuda:0	True
2026-05-14 16:11:45,358 - WARNING - Received none train loss func and will use the loss func defined in the model.
2026-05-14 16:11:45,358 - INFO - module.noise_predictor.blocks.3.temporal_attention.key_projection.bias	torch.Size([128])	cuda:0	True
2026-05-14 16:11:45,358 - INFO - module.noise_predictor.blocks.3.temporal_attention.value_projection.weight	torch.Size([128, 128])	cuda:0	True
2026-05-14 16:11:45,358 - INFO - module.noise_predictor.blocks.3.temporal_attention.value_projection.bias	torch.Size([128])	cuda:0	True
2026-05-14 16:11:45,358 - INFO - module.noise_predictor.blocks.3.temporal_attention.output_projection.weight	torch.Size([128, 128])	cuda:0	True
2026-05-14 16:11:45,358 - INFO - module.noise_predictor.blocks.3.temporal_attention.output_projection.bias	torch.Size([128])	cuda:0	True
2026-05-14 16:11:45,358 - INFO - module.noise_predictor.blocks.3.graph_convolution.projections.0.weight	torch.Size([128, 128])	cuda:0	True
2026-05-14 16:11:45,359 - INFO - module.noise_predictor.blocks.3.graph_convolution.projections.0.bias	torch.Size([128])	cuda:0	True
2026-05-14 16:11:45,359 - INFO - module.noise_predictor.blocks.3.graph_convolution.projections.1.weight	torch.Size([128, 128])	cuda:0	True
2026-05-14 16:11:45,359 - INFO - module.noise_predictor.blocks.3.graph_convolution.projections.1.bias	torch.Size([128])	cuda:0	True
2026-05-14 16:11:45,359 - INFO - module.noise_predictor.blocks.3.graph_convolution.projections.2.weight	torch.Size([128, 128])	cuda:0	True
2026-05-14 16:11:45,359 - INFO - module.noise_predictor.blocks.3.graph_convolution.projections.2.bias	torch.Size([128])	cuda:0	True
2026-05-14 16:11:45,359 - INFO - Start training ...
2026-05-14 16:11:45,359 - INFO - num_batches:80
2026-05-14 16:11:45,359 - INFO - module.noise_predictor.blocks.3.cross_attention.query_projection.weight	torch.Size([128, 128])	cuda:0	True
2026-05-14 16:11:45,359 - INFO - module.noise_predictor.blocks.3.cross_attention.query_projection.bias	torch.Size([128])	cuda:0	True
2026-05-14 16:11:45,359 - INFO - module.noise_predictor.blocks.3.cross_attention.key_projection.weight	torch.Size([128, 128])	cuda:0	True
2026-05-14 16:11:45,359 - INFO - module.noise_predictor.blocks.3.cross_attention.key_projection.bias	torch.Size([128])	cuda:0	True
2026-05-14 16:11:45,360 - INFO - module.noise_predictor.blocks.3.cross_attention.value_projection.weight	torch.Size([128, 128])	cuda:0	True
2026-05-14 16:11:45,360 - INFO - module.noise_predictor.blocks.3.cross_attention.value_projection.bias	torch.Size([128])	cuda:0	True
2026-05-14 16:11:45,360 - INFO - module.noise_predictor.blocks.3.cross_attention.output_projection.weight	torch.Size([128, 128])	cuda:0	True
2026-05-14 16:11:45,360 - INFO - module.noise_predictor.blocks.3.cross_attention.output_projection.bias	torch.Size([128])	cuda:0	True
2026-05-14 16:11:45,360 - INFO - module.noise_predictor.blocks.3.spatiotemporal_attention.query_projection.weight	torch.Size([128, 128])	cuda:0	True
2026-05-14 16:11:45,360 - INFO - module.noise_predictor.blocks.3.spatiotemporal_attention.query_projection.bias	torch.Size([128])	cuda:0	True
2026-05-14 16:11:45,360 - INFO - module.noise_predictor.blocks.3.spatiotemporal_attention.key_projection.weight	torch.Size([128, 128])	cuda:0	True
2026-05-14 16:11:45,360 - INFO - module.noise_predictor.blocks.3.spatiotemporal_attention.key_projection.bias	torch.Size([128])	cuda:0	True
2026-05-14 16:11:45,360 - INFO - module.noise_predictor.blocks.3.spatiotemporal_attention.value_projection.weight	torch.Size([128, 128])	cuda:0	True
2026-05-14 16:11:45,360 - INFO - module.noise_predictor.blocks.3.spatiotemporal_attention.value_projection.bias	torch.Size([128])	cuda:0	True
2026-05-14 16:11:45,360 - INFO - module.noise_predictor.blocks.3.spatiotemporal_attention.output_projection.weight	torch.Size([128, 128])	cuda:0	True
2026-05-14 16:11:45,360 - INFO - module.noise_predictor.blocks.3.spatiotemporal_attention.output_projection.bias	torch.Size([128])	cuda:0	True
2026-05-14 16:11:45,360 - INFO - module.noise_predictor.blocks.3.feed_forward.network.0.weight	torch.Size([256, 128])	cuda:0	True
2026-05-14 16:11:45,360 - INFO - module.noise_predictor.blocks.3.feed_forward.network.0.bias	torch.Size([256])	cuda:0	True
2026-05-14 16:11:45,361 - INFO - module.noise_predictor.blocks.3.feed_forward.network.3.weight	torch.Size([128, 256])	cuda:0	True
2026-05-14 16:11:45,361 - INFO - module.noise_predictor.blocks.3.feed_forward.network.3.bias	torch.Size([128])	cuda:0	True
2026-05-14 16:11:45,361 - INFO - module.noise_predictor.blocks.3.norm_temporal.weight	torch.Size([128])	cuda:0	True
2026-05-14 16:11:45,361 - INFO - module.noise_predictor.blocks.3.norm_temporal.bias	torch.Size([128])	cuda:0	True
2026-05-14 16:11:45,361 - INFO - module.noise_predictor.blocks.3.norm_graph.weight	torch.Size([128])	cuda:0	True
2026-05-14 16:11:45,361 - INFO - module.noise_predictor.blocks.3.norm_graph.bias	torch.Size([128])	cuda:0	True
2026-05-14 16:11:45,361 - INFO - module.noise_predictor.blocks.3.norm_cross.weight	torch.Size([128])	cuda:0	True
2026-05-14 16:11:45,361 - INFO - module.noise_predictor.blocks.3.norm_cross.bias	torch.Size([128])	cuda:0	True
2026-05-14 16:11:45,361 - INFO - module.noise_predictor.blocks.3.norm_spatiotemporal.weight	torch.Size([128])	cuda:0	True
2026-05-14 16:11:45,361 - INFO - module.noise_predictor.blocks.3.norm_spatiotemporal.bias	torch.Size([128])	cuda:0	True
2026-05-14 16:11:45,361 - INFO - module.noise_predictor.blocks.3.norm_ffn.weight	torch.Size([128])	cuda:0	True
2026-05-14 16:11:45,361 - INFO - module.noise_predictor.blocks.3.norm_ffn.bias	torch.Size([128])	cuda:0	True
2026-05-14 16:11:45,361 - INFO - module.noise_predictor.blocks.3.time_scale_shift.1.weight	torch.Size([256, 128])	cuda:0	True
2026-05-14 16:11:45,361 - INFO - module.noise_predictor.blocks.3.time_scale_shift.1.bias	torch.Size([256])	cuda:0	True
2026-05-14 16:11:45,361 - INFO - module.noise_predictor.blocks.4.temporal_attention.query_projection.weight	torch.Size([128, 128])	cuda:0	True
2026-05-14 16:11:45,361 - INFO - module.noise_predictor.blocks.4.temporal_attention.query_projection.bias	torch.Size([128])	cuda:0	True
2026-05-14 16:11:45,361 - INFO - module.noise_predictor.blocks.4.temporal_attention.key_projection.weight	torch.Size([128, 128])	cuda:0	True
2026-05-14 16:11:45,361 - INFO - module.noise_predictor.blocks.4.temporal_attention.key_projection.bias	torch.Size([128])	cuda:0	True
2026-05-14 16:11:45,361 - INFO - module.noise_predictor.blocks.4.temporal_attention.value_projection.weight	torch.Size([128, 128])	cuda:0	True
2026-05-14 16:11:45,361 - INFO - module.noise_predictor.blocks.4.temporal_attention.value_projection.bias	torch.Size([128])	cuda:0	True
2026-05-14 16:11:45,361 - INFO - module.noise_predictor.blocks.4.temporal_attention.output_projection.weight	torch.Size([128, 128])	cuda:0	True
2026-05-14 16:11:45,361 - INFO - module.noise_predictor.blocks.4.temporal_attention.output_projection.bias	torch.Size([128])	cuda:0	True
2026-05-14 16:11:45,361 - INFO - module.noise_predictor.blocks.4.graph_convolution.projections.0.weight	torch.Size([128, 128])	cuda:0	True
2026-05-14 16:11:45,361 - INFO - module.noise_predictor.blocks.4.graph_convolution.projections.0.bias	torch.Size([128])	cuda:0	True
2026-05-14 16:11:45,361 - INFO - module.noise_predictor.blocks.4.graph_convolution.projections.1.weight	torch.Size([128, 128])	cuda:0	True
2026-05-14 16:11:45,361 - INFO - module.noise_predictor.blocks.4.graph_convolution.projections.1.bias	torch.Size([128])	cuda:0	True
2026-05-14 16:11:45,361 - INFO - module.noise_predictor.blocks.4.graph_convolution.projections.2.weight	torch.Size([128, 128])	cuda:0	True
2026-05-14 16:11:45,362 - INFO - module.noise_predictor.blocks.4.graph_convolution.projections.2.bias	torch.Size([128])	cuda:0	True
2026-05-14 16:11:45,362 - INFO - module.noise_predictor.blocks.4.cross_attention.query_projection.weight	torch.Size([128, 128])	cuda:0	True
2026-05-14 16:11:45,362 - INFO - module.noise_predictor.blocks.4.cross_attention.query_projection.bias	torch.Size([128])	cuda:0	True
2026-05-14 16:11:45,362 - INFO - module.noise_predictor.blocks.4.cross_attention.key_projection.weight	torch.Size([128, 128])	cuda:0	True
2026-05-14 16:11:45,362 - INFO - module.noise_predictor.blocks.4.cross_attention.key_projection.bias	torch.Size([128])	cuda:0	True
2026-05-14 16:11:45,362 - INFO - module.noise_predictor.blocks.4.cross_attention.value_projection.weight	torch.Size([128, 128])	cuda:0	True
2026-05-14 16:11:45,362 - INFO - module.noise_predictor.blocks.4.cross_attention.value_projection.bias	torch.Size([128])	cuda:0	True
2026-05-14 16:11:45,362 - INFO - module.noise_predictor.blocks.4.cross_attention.output_projection.weight	torch.Size([128, 128])	cuda:0	True
2026-05-14 16:11:45,362 - INFO - module.noise_predictor.blocks.4.cross_attention.output_projection.bias	torch.Size([128])	cuda:0	True
2026-05-14 16:11:45,362 - INFO - module.noise_predictor.blocks.4.spatiotemporal_attention.query_projection.weight	torch.Size([128, 128])	cuda:0	True
2026-05-14 16:11:45,362 - INFO - module.noise_predictor.blocks.4.spatiotemporal_attention.query_projection.bias	torch.Size([128])	cuda:0	True
2026-05-14 16:11:45,362 - INFO - module.noise_predictor.blocks.4.spatiotemporal_attention.key_projection.weight	torch.Size([128, 128])	cuda:0	True
2026-05-14 16:11:45,362 - INFO - module.noise_predictor.blocks.4.spatiotemporal_attention.key_projection.bias	torch.Size([128])	cuda:0	True
2026-05-14 16:11:45,362 - INFO - module.noise_predictor.blocks.4.spatiotemporal_attention.value_projection.weight	torch.Size([128, 128])	cuda:0	True
2026-05-14 16:11:45,362 - INFO - module.noise_predictor.blocks.4.spatiotemporal_attention.value_projection.bias	torch.Size([128])	cuda:0	True
2026-05-14 16:11:45,362 - INFO - module.noise_predictor.blocks.4.spatiotemporal_attention.output_projection.weight	torch.Size([128, 128])	cuda:0	True
2026-05-14 16:11:45,362 - INFO - module.noise_predictor.blocks.4.spatiotemporal_attention.output_projection.bias	torch.Size([128])	cuda:0	True
2026-05-14 16:11:45,362 - INFO - module.noise_predictor.blocks.4.feed_forward.network.0.weight	torch.Size([256, 128])	cuda:0	True
2026-05-14 16:11:45,362 - INFO - module.noise_predictor.blocks.4.feed_forward.network.0.bias	torch.Size([256])	cuda:0	True
2026-05-14 16:11:45,362 - INFO - module.noise_predictor.blocks.4.feed_forward.network.3.weight	torch.Size([128, 256])	cuda:0	True
2026-05-14 16:11:45,362 - INFO - module.noise_predictor.blocks.4.feed_forward.network.3.bias	torch.Size([128])	cuda:0	True
2026-05-14 16:11:45,362 - INFO - module.noise_predictor.blocks.4.norm_temporal.weight	torch.Size([128])	cuda:0	True
2026-05-14 16:11:45,362 - INFO - module.noise_predictor.blocks.4.norm_temporal.bias	torch.Size([128])	cuda:0	True
2026-05-14 16:11:45,362 - INFO - module.noise_predictor.blocks.4.norm_graph.weight	torch.Size([128])	cuda:0	True
2026-05-14 16:11:45,362 - INFO - module.noise_predictor.blocks.4.norm_graph.bias	torch.Size([128])	cuda:0	True
2026-05-14 16:11:45,362 - INFO - module.noise_predictor.blocks.4.norm_cross.weight	torch.Size([128])	cuda:0	True
2026-05-14 16:11:45,362 - INFO - module.noise_predictor.blocks.4.norm_cross.bias	torch.Size([128])	cuda:0	True
2026-05-14 16:11:45,363 - INFO - module.noise_predictor.blocks.4.norm_spatiotemporal.weight	torch.Size([128])	cuda:0	True
2026-05-14 16:11:45,363 - INFO - module.noise_predictor.blocks.4.norm_spatiotemporal.bias	torch.Size([128])	cuda:0	True
2026-05-14 16:11:45,363 - INFO - module.noise_predictor.blocks.4.norm_ffn.weight	torch.Size([128])	cuda:0	True
2026-05-14 16:11:45,363 - INFO - module.noise_predictor.blocks.4.norm_ffn.bias	torch.Size([128])	cuda:0	True
2026-05-14 16:11:45,363 - INFO - module.noise_predictor.blocks.4.time_scale_shift.1.weight	torch.Size([256, 128])	cuda:0	True
2026-05-14 16:11:45,363 - INFO - module.noise_predictor.blocks.4.time_scale_shift.1.bias	torch.Size([256])	cuda:0	True
2026-05-14 16:11:45,363 - INFO - module.noise_predictor.blocks.5.temporal_attention.query_projection.weight	torch.Size([128, 128])	cuda:0	True
2026-05-14 16:11:45,363 - INFO - module.noise_predictor.blocks.5.temporal_attention.query_projection.bias	torch.Size([128])	cuda:0	True
2026-05-14 16:11:45,363 - INFO - module.noise_predictor.blocks.5.temporal_attention.key_projection.weight	torch.Size([128, 128])	cuda:0	True
2026-05-14 16:11:45,363 - INFO - module.noise_predictor.blocks.5.temporal_attention.key_projection.bias	torch.Size([128])	cuda:0	True
2026-05-14 16:11:45,363 - INFO - module.noise_predictor.blocks.5.temporal_attention.value_projection.weight	torch.Size([128, 128])	cuda:0	True
2026-05-14 16:11:45,363 - INFO - module.noise_predictor.blocks.5.temporal_attention.value_projection.bias	torch.Size([128])	cuda:0	True
2026-05-14 16:11:45,363 - INFO - module.noise_predictor.blocks.5.temporal_attention.output_projection.weight	torch.Size([128, 128])	cuda:0	True
2026-05-14 16:11:45,363 - INFO - module.noise_predictor.blocks.5.temporal_attention.output_projection.bias	torch.Size([128])	cuda:0	True
2026-05-14 16:11:45,363 - INFO - module.noise_predictor.blocks.5.graph_convolution.projections.0.weight	torch.Size([128, 128])	cuda:0	True
2026-05-14 16:11:45,363 - INFO - module.noise_predictor.blocks.5.graph_convolution.projections.0.bias	torch.Size([128])	cuda:0	True
2026-05-14 16:11:45,363 - INFO - module.noise_predictor.blocks.5.graph_convolution.projections.1.weight	torch.Size([128, 128])	cuda:0	True
2026-05-14 16:11:45,363 - INFO - module.noise_predictor.blocks.5.graph_convolution.projections.1.bias	torch.Size([128])	cuda:0	True
2026-05-14 16:11:45,363 - INFO - module.noise_predictor.blocks.5.graph_convolution.projections.2.weight	torch.Size([128, 128])	cuda:0	True
2026-05-14 16:11:45,364 - INFO - module.noise_predictor.blocks.5.graph_convolution.projections.2.bias	torch.Size([128])	cuda:0	True
2026-05-14 16:11:45,364 - INFO - module.noise_predictor.blocks.5.cross_attention.query_projection.weight	torch.Size([128, 128])	cuda:0	True
2026-05-14 16:11:45,364 - INFO - module.noise_predictor.blocks.5.cross_attention.query_projection.bias	torch.Size([128])	cuda:0	True
2026-05-14 16:11:45,364 - INFO - module.noise_predictor.blocks.5.cross_attention.key_projection.weight	torch.Size([128, 128])	cuda:0	True
2026-05-14 16:11:45,364 - INFO - module.noise_predictor.blocks.5.cross_attention.key_projection.bias	torch.Size([128])	cuda:0	True
2026-05-14 16:11:45,364 - INFO - module.noise_predictor.blocks.5.cross_attention.value_projection.weight	torch.Size([128, 128])	cuda:0	True
2026-05-14 16:11:45,364 - INFO - module.noise_predictor.blocks.5.cross_attention.value_projection.bias	torch.Size([128])	cuda:0	True
2026-05-14 16:11:45,364 - INFO - module.noise_predictor.blocks.5.cross_attention.output_projection.weight	torch.Size([128, 128])	cuda:0	True
2026-05-14 16:11:45,364 - INFO - module.noise_predictor.blocks.5.cross_attention.output_projection.bias	torch.Size([128])	cuda:0	True
2026-05-14 16:11:45,364 - INFO - module.noise_predictor.blocks.5.spatiotemporal_attention.query_projection.weight	torch.Size([128, 128])	cuda:0	True
2026-05-14 16:11:45,364 - INFO - module.noise_predictor.blocks.5.spatiotemporal_attention.query_projection.bias	torch.Size([128])	cuda:0	True
2026-05-14 16:11:45,364 - INFO - module.noise_predictor.blocks.5.spatiotemporal_attention.key_projection.weight	torch.Size([128, 128])	cuda:0	True
2026-05-14 16:11:45,364 - INFO - module.noise_predictor.blocks.5.spatiotemporal_attention.key_projection.bias	torch.Size([128])	cuda:0	True
2026-05-14 16:11:45,364 - INFO - module.noise_predictor.blocks.5.spatiotemporal_attention.value_projection.weight	torch.Size([128, 128])	cuda:0	True
2026-05-14 16:11:45,364 - INFO - module.noise_predictor.blocks.5.spatiotemporal_attention.value_projection.bias	torch.Size([128])	cuda:0	True
2026-05-14 16:11:45,364 - INFO - module.noise_predictor.blocks.5.spatiotemporal_attention.output_projection.weight	torch.Size([128, 128])	cuda:0	True
2026-05-14 16:11:45,364 - INFO - module.noise_predictor.blocks.5.spatiotemporal_attention.output_projection.bias	torch.Size([128])	cuda:0	True
2026-05-14 16:11:45,368 - INFO - module.noise_predictor.blocks.5.feed_forward.network.0.weight	torch.Size([256, 128])	cuda:0	True
2026-05-14 16:11:45,368 - INFO - module.noise_predictor.blocks.5.feed_forward.network.0.bias	torch.Size([256])	cuda:0	True
2026-05-14 16:11:45,368 - INFO - module.noise_predictor.blocks.5.feed_forward.network.3.weight	torch.Size([128, 256])	cuda:0	True
2026-05-14 16:11:45,368 - INFO - module.noise_predictor.blocks.5.feed_forward.network.3.bias	torch.Size([128])	cuda:0	True
2026-05-14 16:11:45,368 - INFO - module.noise_predictor.blocks.5.norm_temporal.weight	torch.Size([128])	cuda:0	True
2026-05-14 16:11:45,368 - INFO - module.noise_predictor.blocks.5.norm_temporal.bias	torch.Size([128])	cuda:0	True
2026-05-14 16:11:45,368 - INFO - module.noise_predictor.blocks.5.norm_graph.weight	torch.Size([128])	cuda:0	True
2026-05-14 16:11:45,368 - INFO - module.noise_predictor.blocks.5.norm_graph.bias	torch.Size([128])	cuda:0	True
2026-05-14 16:11:45,368 - INFO - module.noise_predictor.blocks.5.norm_cross.weight	torch.Size([128])	cuda:0	True
2026-05-14 16:11:45,368 - INFO - module.noise_predictor.blocks.5.norm_cross.bias	torch.Size([128])	cuda:0	True
2026-05-14 16:11:45,368 - INFO - module.noise_predictor.blocks.5.norm_spatiotemporal.weight	torch.Size([128])	cuda:0	True
2026-05-14 16:11:45,368 - INFO - module.noise_predictor.blocks.5.norm_spatiotemporal.bias	torch.Size([128])	cuda:0	True
2026-05-14 16:11:45,369 - INFO - module.noise_predictor.blocks.5.norm_ffn.weight	torch.Size([128])	cuda:0	True
2026-05-14 16:11:45,369 - INFO - module.noise_predictor.blocks.5.norm_ffn.bias	torch.Size([128])	cuda:0	True
2026-05-14 16:11:45,369 - INFO - module.noise_predictor.blocks.5.time_scale_shift.1.weight	torch.Size([256, 128])	cuda:0	True
2026-05-14 16:11:45,369 - INFO - module.noise_predictor.blocks.5.time_scale_shift.1.bias	torch.Size([256])	cuda:0	True
2026-05-14 16:11:45,369 - INFO - module.noise_predictor.final_norm.weight	torch.Size([128])	cuda:0	True
2026-05-14 16:11:45,369 - INFO - module.noise_predictor.final_norm.bias	torch.Size([128])	cuda:0	True
2026-05-14 16:11:45,369 - INFO - module.noise_predictor.output_projection.weight	torch.Size([3, 128])	cuda:0	True
2026-05-14 16:11:45,369 - INFO - module.noise_predictor.output_projection.bias	torch.Size([3])	cuda:0	True
2026-05-14 16:11:45,369 - INFO - module.noise_predictor.adaptive_graph_learner.node_embeddings	torch.Size([307, 32])	cuda:0	True
2026-05-14 16:11:45,369 - INFO - module.noise_predictor.adaptive_graph_learner.blend_logit	torch.Size([])	cuda:0	True
2026-05-14 16:11:45,369 - INFO - module.noise_predictor.adaptive_graph_learner.fuzzy_centers	torch.Size([3])	cuda:0	True
2026-05-14 16:11:45,369 - INFO - module.noise_predictor.adaptive_graph_learner.fuzzy_log_sigmas	torch.Size([3])	cuda:0	True
2026-05-14 16:11:45,369 - INFO - module.noise_predictor.adaptive_graph_learner.fuzzy_rule_logits	torch.Size([3])	cuda:0	True
2026-05-14 16:11:45,370 - INFO - module.noise_predictor.adaptive_graph_learner.feature_projection.weight	torch.Size([32, 128])	cuda:0	True
2026-05-14 16:11:45,370 - INFO - module.noise_predictor.adaptive_graph_learner.feature_projection.bias	torch.Size([32])	cuda:0	True
2026-05-14 16:11:45,370 - INFO - module.noise_predictor.adaptive_graph_learner.time_projection.weight	torch.Size([32, 128])	cuda:0	True
2026-05-14 16:11:45,370 - INFO - module.noise_predictor.adaptive_graph_learner.time_projection.bias	torch.Size([32])	cuda:0	True
2026-05-14 16:11:45,374 - INFO - Total parameter numbers: 2540985
2026-05-14 16:11:45,374 - INFO - Enable AMP training (dtype=float16).
2026-05-14 16:11:45,374 - INFO - You select `adamw` optimizer.
2026-05-14 16:11:45,376 - INFO - You select `cosineannealinglr` lr_scheduler.
2026-05-14 16:11:45,377 - WARNING - Received none train loss func and will use the loss func defined in the model.
2026-05-14 16:11:45,377 - INFO - Start training ...
2026-05-14 16:11:45,377 - INFO - num_batches:80
2026-05-14 16:11:46,022 - INFO - Enable physics warmup: steps=3000 start_ratio=0.200 mode=linear.
2026-05-14 16:11:46,070 - INFO - Enable physics warmup: steps=3000 start_ratio=0.200 mode=linear.
2026-05-14 16:11:46,161 - INFO - Enable physics warmup: steps=3000 start_ratio=0.200 mode=linear.
2026-05-14 16:11:46,165 - INFO - Enable physics warmup: steps=3000 start_ratio=0.200 mode=linear.
2026-05-14 16:13:19,765 - INFO - epoch complete!
2026-05-14 16:13:19,765 - INFO - evaluating now!
2026-05-14 16:13:19,765 - INFO - epoch complete!
2026-05-14 16:13:19,765 - INFO - evaluating now!
2026-05-14 16:13:19,767 - INFO - epoch complete!
2026-05-14 16:13:19,767 - INFO - evaluating now!
2026-05-14 16:13:19,768 - INFO - epoch complete!
2026-05-14 16:13:19,768 - INFO - evaluating now!
2026-05-14 16:13:25,844 - INFO - Epoch [0/50] train_loss: 4.4827, val_loss: 1.3086, lr: 0.000999, 100.47s
2026-05-14 16:13:25,853 - INFO - Epoch [0/50] train_loss: 4.5254, val_loss: 1.3086, lr: 0.000999, 100.50s
2026-05-14 16:13:25,856 - INFO - Epoch [0/50] train_loss: 4.4693, val_loss: 1.3086, lr: 0.000999, 100.51s
2026-05-14 16:13:25,857 - INFO - Epoch [0/50] train_loss: 4.4934, val_loss: 1.3086, lr: 0.000999, 100.50s
2026-05-14 16:13:26,027 - INFO - Saved model at 0
2026-05-14 16:13:26,027 - INFO - Saved model at 0
2026-05-14 16:13:26,027 - INFO - Val loss decrease from inf to 1.3086, saving to /home/lizhuoxuan/lzq/Bigscity-LibCity-master/outputs/20260514_161126__traffic_state_pred__new_diffusion_fuzzy_2__PEMSD4/model_cache/new_diffusion_fuzzy_2_PEMSD4_epoch0.tar
2026-05-14 16:13:26,028 - INFO - Saved model at 0
2026-05-14 16:13:26,028 - INFO - Val loss decrease from inf to 1.3086, saving to /home/lizhuoxuan/lzq/Bigscity-LibCity-master/outputs/20260514_161126__traffic_state_pred__new_diffusion_fuzzy_2__PEMSD4/model_cache/new_diffusion_fuzzy_2_PEMSD4_epoch0.tar
2026-05-14 16:13:26,028 - INFO - Val loss decrease from inf to 1.3086, saving to /home/lizhuoxuan/lzq/Bigscity-LibCity-master/outputs/20260514_161126__traffic_state_pred__new_diffusion_fuzzy_2__PEMSD4/model_cache/new_diffusion_fuzzy_2_PEMSD4_epoch0.tar
2026-05-14 16:13:26,100 - INFO - Saved model at 0
2026-05-14 16:13:26,100 - INFO - Val loss decrease from inf to 1.3086, saving to /home/lizhuoxuan/lzq/Bigscity-LibCity-master/outputs/20260514_161126__traffic_state_pred__new_diffusion_fuzzy_2__PEMSD4/model_cache/new_diffusion_fuzzy_2_PEMSD4_epoch0.tar
2026-05-14 16:15:15,668 - INFO - epoch complete!
2026-05-14 16:15:15,669 - INFO - evaluating now!
2026-05-14 16:15:15,669 - INFO - epoch complete!
2026-05-14 16:15:15,669 - INFO - evaluating now!
2026-05-14 16:15:15,671 - INFO - epoch complete!
2026-05-14 16:15:15,672 - INFO - evaluating now!
2026-05-14 16:15:15,673 - INFO - epoch complete!
2026-05-14 16:15:15,674 - INFO - evaluating now!
2026-05-14 16:15:21,412 - INFO - Epoch [1/50] train_loss: 1.2066, val_loss: 1.0723, lr: 0.000996, 115.31s
2026-05-14 16:15:21,412 - INFO - Epoch [1/50] train_loss: 1.2116, val_loss: 1.0723, lr: 0.000996, 115.38s
2026-05-14 16:15:21,418 - INFO - Epoch [1/50] train_loss: 1.2172, val_loss: 1.0723, lr: 0.000996, 115.39s
2026-05-14 16:15:21,418 - INFO - Epoch [1/50] train_loss: 1.2036, val_loss: 1.0723, lr: 0.000996, 115.39s
2026-05-14 16:15:21,670 - INFO - Saved model at 1
2026-05-14 16:15:21,671 - INFO - Val loss decrease from 1.3086 to 1.0723, saving to /home/lizhuoxuan/lzq/Bigscity-LibCity-master/outputs/20260514_161126__traffic_state_pred__new_diffusion_fuzzy_2__PEMSD4/model_cache/new_diffusion_fuzzy_2_PEMSD4_epoch1.tar
2026-05-14 16:15:21,672 - INFO - Saved model at 1
2026-05-14 16:15:21,672 - INFO - Val loss decrease from 1.3086 to 1.0723, saving to /home/lizhuoxuan/lzq/Bigscity-LibCity-master/outputs/20260514_161126__traffic_state_pred__new_diffusion_fuzzy_2__PEMSD4/model_cache/new_diffusion_fuzzy_2_PEMSD4_epoch1.tar
2026-05-14 16:15:21,672 - INFO - Saved model at 1
2026-05-14 16:15:21,672 - INFO - Saved model at 1
2026-05-14 16:15:21,673 - INFO - Val loss decrease from 1.3086 to 1.0723, saving to /home/lizhuoxuan/lzq/Bigscity-LibCity-master/outputs/20260514_161126__traffic_state_pred__new_diffusion_fuzzy_2__PEMSD4/model_cache/new_diffusion_fuzzy_2_PEMSD4_epoch1.tar
2026-05-14 16:15:21,673 - INFO - Val loss decrease from 1.3086 to 1.0723, saving to /home/lizhuoxuan/lzq/Bigscity-LibCity-master/outputs/20260514_161126__traffic_state_pred__new_diffusion_fuzzy_2__PEMSD4/model_cache/new_diffusion_fuzzy_2_PEMSD4_epoch1.tar
2026-05-14 16:17:25,067 - INFO - epoch complete!
2026-05-14 16:17:25,067 - INFO - epoch complete!
2026-05-14 16:17:25,068 - INFO - evaluating now!
2026-05-14 16:17:25,068 - INFO - evaluating now!
2026-05-14 16:17:25,068 - INFO - epoch complete!
2026-05-14 16:17:25,068 - INFO - evaluating now!
2026-05-14 16:17:25,078 - INFO - epoch complete!
2026-05-14 16:17:25,081 - INFO - evaluating now!
2026-05-14 16:17:30,949 - INFO - Epoch [2/50] train_loss: 1.0573, val_loss: 0.8873, lr: 0.000991, 129.28s
2026-05-14 16:17:30,949 - INFO - Epoch [2/50] train_loss: 1.0557, val_loss: 0.8873, lr: 0.000991, 129.28s
2026-05-14 16:17:30,950 - INFO - Epoch [2/50] train_loss: 1.0609, val_loss: 0.8873, lr: 0.000991, 129.28s
2026-05-14 16:17:30,953 - INFO - Epoch [2/50] train_loss: 1.0525, val_loss: 0.8873, lr: 0.000991, 129.28s
2026-05-14 16:17:31,086 - INFO - Saved model at 2
2026-05-14 16:17:31,087 - INFO - Val loss decrease from 1.0723 to 0.8873, saving to /home/lizhuoxuan/lzq/Bigscity-LibCity-master/outputs/20260514_161126__traffic_state_pred__new_diffusion_fuzzy_2__PEMSD4/model_cache/new_diffusion_fuzzy_2_PEMSD4_epoch2.tar
2026-05-14 16:17:31,088 - INFO - Saved model at 2
2026-05-14 16:17:31,089 - INFO - Val loss decrease from 1.0723 to 0.8873, saving to /home/lizhuoxuan/lzq/Bigscity-LibCity-master/outputs/20260514_161126__traffic_state_pred__new_diffusion_fuzzy_2__PEMSD4/model_cache/new_diffusion_fuzzy_2_PEMSD4_epoch2.tar
2026-05-14 16:17:31,089 - INFO - Saved model at 2
2026-05-14 16:17:31,090 - INFO - Val loss decrease from 1.0723 to 0.8873, saving to /home/lizhuoxuan/lzq/Bigscity-LibCity-master/outputs/20260514_161126__traffic_state_pred__new_diffusion_fuzzy_2__PEMSD4/model_cache/new_diffusion_fuzzy_2_PEMSD4_epoch2.tar
2026-05-14 16:17:31,100 - INFO - Saved model at 2
2026-05-14 16:17:31,101 - INFO - Val loss decrease from 1.0723 to 0.8873, saving to /home/lizhuoxuan/lzq/Bigscity-LibCity-master/outputs/20260514_161126__traffic_state_pred__new_diffusion_fuzzy_2__PEMSD4/model_cache/new_diffusion_fuzzy_2_PEMSD4_epoch2.tar
2026-05-14 16:19:49,822 - INFO - epoch complete!
2026-05-14 16:19:49,822 - INFO - evaluating now!
2026-05-14 16:19:49,823 - INFO - epoch complete!
2026-05-14 16:19:49,823 - INFO - evaluating now!
2026-05-14 16:19:49,831 - INFO - epoch complete!
2026-05-14 16:19:49,831 - INFO - epoch complete!
2026-05-14 16:19:49,831 - INFO - evaluating now!
2026-05-14 16:19:49,831 - INFO - evaluating now!
2026-05-14 16:19:55,677 - INFO - Epoch [3/50] train_loss: 0.9391, val_loss: 0.9028, lr: 0.000984, 144.59s
2026-05-14 16:19:55,677 - INFO - Epoch [3/50] train_loss: 0.9316, val_loss: 0.9028, lr: 0.000984, 144.59s
2026-05-14 16:19:55,679 - INFO - Epoch [3/50] train_loss: 0.9371, val_loss: 0.9028, lr: 0.000984, 144.58s
2026-05-14 16:19:55,679 - INFO - Epoch [3/50] train_loss: 0.9395, val_loss: 0.9028, lr: 0.000984, 144.59s
2026-05-14 16:22:02,538 - INFO - epoch complete!
2026-05-14 16:22:02,539 - INFO - evaluating now!
2026-05-14 16:22:02,543 - INFO - epoch complete!
2026-05-14 16:22:02,543 - INFO - evaluating now!
2026-05-14 16:22:02,544 - INFO - epoch complete!
2026-05-14 16:22:02,545 - INFO - evaluating now!
2026-05-14 16:22:02,565 - INFO - epoch complete!
2026-05-14 16:22:02,566 - INFO - evaluating now!
2026-05-14 16:22:06,608 - INFO - Epoch [4/50] train_loss: 0.8381, val_loss: 0.8882, lr: 0.000976, 130.93s
2026-05-14 16:22:06,609 - INFO - Epoch [4/50] train_loss: 0.8336, val_loss: 0.8882, lr: 0.000976, 130.93s
2026-05-14 16:22:06,609 - INFO - Epoch [4/50] train_loss: 0.8420, val_loss: 0.8882, lr: 0.000976, 130.93s
2026-05-14 16:22:06,612 - INFO - Epoch [4/50] train_loss: 0.8386, val_loss: 0.8882, lr: 0.000976, 130.93s
2026-05-14 16:24:17,974 - INFO - epoch complete!
2026-05-14 16:24:17,975 - INFO - evaluating now!
2026-05-14 16:24:17,978 - INFO - epoch complete!
2026-05-14 16:24:17,978 - INFO - evaluating now!
2026-05-14 16:24:17,978 - INFO - epoch complete!
2026-05-14 16:24:17,979 - INFO - evaluating now!
2026-05-14 16:24:17,981 - INFO - epoch complete!
2026-05-14 16:24:17,982 - INFO - evaluating now!
2026-05-14 16:24:24,851 - INFO - Epoch [5/50] train_loss: 0.8193, val_loss: 0.7814, lr: 0.000965, 138.24s
2026-05-14 16:24:24,851 - INFO - Epoch [5/50] train_loss: 0.8191, val_loss: 0.7814, lr: 0.000965, 138.24s
2026-05-14 16:24:24,851 - INFO - Epoch [5/50] train_loss: 0.8288, val_loss: 0.7814, lr: 0.000965, 138.24s
2026-05-14 16:24:24,851 - INFO - Epoch [5/50] train_loss: 0.8196, val_loss: 0.7814, lr: 0.000965, 138.24s
2026-05-14 16:24:24,991 - INFO - Saved model at 5
2026-05-14 16:24:24,991 - INFO - Saved model at 5
2026-05-14 16:24:24,992 - INFO - Val loss decrease from 0.8873 to 0.7814, saving to /home/lizhuoxuan/lzq/Bigscity-LibCity-master/outputs/20260514_161126__traffic_state_pred__new_diffusion_fuzzy_2__PEMSD4/model_cache/new_diffusion_fuzzy_2_PEMSD4_epoch5.tar
2026-05-14 16:24:24,992 - INFO - Val loss decrease from 0.8873 to 0.7814, saving to /home/lizhuoxuan/lzq/Bigscity-LibCity-master/outputs/20260514_161126__traffic_state_pred__new_diffusion_fuzzy_2__PEMSD4/model_cache/new_diffusion_fuzzy_2_PEMSD4_epoch5.tar
2026-05-14 16:24:24,992 - INFO - Saved model at 5
2026-05-14 16:24:24,992 - INFO - Val loss decrease from 0.8873 to 0.7814, saving to /home/lizhuoxuan/lzq/Bigscity-LibCity-master/outputs/20260514_161126__traffic_state_pred__new_diffusion_fuzzy_2__PEMSD4/model_cache/new_diffusion_fuzzy_2_PEMSD4_epoch5.tar
2026-05-14 16:24:24,992 - INFO - Saved model at 5
2026-05-14 16:24:24,993 - INFO - Val loss decrease from 0.8873 to 0.7814, saving to /home/lizhuoxuan/lzq/Bigscity-LibCity-master/outputs/20260514_161126__traffic_state_pred__new_diffusion_fuzzy_2__PEMSD4/model_cache/new_diffusion_fuzzy_2_PEMSD4_epoch5.tar
2026-05-14 16:26:34,533 - INFO - epoch complete!
2026-05-14 16:26:34,533 - INFO - epoch complete!
2026-05-14 16:26:34,534 - INFO - evaluating now!
2026-05-14 16:26:34,534 - INFO - evaluating now!
2026-05-14 16:26:34,536 - INFO - epoch complete!
2026-05-14 16:26:34,536 - INFO - evaluating now!
2026-05-14 16:26:34,536 - INFO - epoch complete!
2026-05-14 16:26:34,536 - INFO - evaluating now!
2026-05-14 16:26:42,664 - INFO - Epoch [6/50] train_loss: 0.8297, val_loss: 0.8337, lr: 0.000953, 137.67s
2026-05-14 16:26:42,664 - INFO - Epoch [6/50] train_loss: 0.8402, val_loss: 0.8337, lr: 0.000953, 137.67s
2026-05-14 16:26:42,664 - INFO - Epoch [6/50] train_loss: 0.8297, val_loss: 0.8337, lr: 0.000953, 137.67s
2026-05-14 16:26:42,664 - INFO - Epoch [6/50] train_loss: 0.8313, val_loss: 0.8337, lr: 0.000953, 137.67s
2026-05-14 16:29:01,935 - INFO - epoch complete!
2026-05-14 16:29:01,935 - INFO - evaluating now!
2026-05-14 16:29:01,936 - INFO - epoch complete!
2026-05-14 16:29:01,936 - INFO - evaluating now!
2026-05-14 16:29:01,937 - INFO - epoch complete!
2026-05-14 16:29:01,937 - INFO - evaluating now!
2026-05-14 16:29:01,946 - INFO - epoch complete!
2026-05-14 16:29:01,947 - INFO - evaluating now!
2026-05-14 16:29:08,450 - INFO - Epoch [7/50] train_loss: 0.8463, val_loss: 0.7691, lr: 0.000939, 145.78s
2026-05-14 16:29:08,451 - INFO - Epoch [7/50] train_loss: 0.8438, val_loss: 0.7691, lr: 0.000939, 145.78s
2026-05-14 16:29:08,451 - INFO - Epoch [7/50] train_loss: 0.8434, val_loss: 0.7691, lr: 0.000939, 145.79s
2026-05-14 16:29:08,462 - INFO - Epoch [7/50] train_loss: 0.8402, val_loss: 0.7691, lr: 0.000939, 145.80s
2026-05-14 16:29:08,713 - INFO - Saved model at 7
2026-05-14 16:29:08,713 - INFO - Saved model at 7
2026-05-14 16:29:08,713 - INFO - Saved model at 7
2026-05-14 16:29:08,713 - INFO - Saved model at 7
2026-05-14 16:29:08,713 - INFO - Val loss decrease from 0.7814 to 0.7691, saving to /home/lizhuoxuan/lzq/Bigscity-LibCity-master/outputs/20260514_161126__traffic_state_pred__new_diffusion_fuzzy_2__PEMSD4/model_cache/new_diffusion_fuzzy_2_PEMSD4_epoch7.tar
2026-05-14 16:29:08,713 - INFO - Val loss decrease from 0.7814 to 0.7691, saving to /home/lizhuoxuan/lzq/Bigscity-LibCity-master/outputs/20260514_161126__traffic_state_pred__new_diffusion_fuzzy_2__PEMSD4/model_cache/new_diffusion_fuzzy_2_PEMSD4_epoch7.tar
2026-05-14 16:29:08,713 - INFO - Val loss decrease from 0.7814 to 0.7691, saving to /home/lizhuoxuan/lzq/Bigscity-LibCity-master/outputs/20260514_161126__traffic_state_pred__new_diffusion_fuzzy_2__PEMSD4/model_cache/new_diffusion_fuzzy_2_PEMSD4_epoch7.tar
2026-05-14 16:29:08,714 - INFO - Val loss decrease from 0.7814 to 0.7691, saving to /home/lizhuoxuan/lzq/Bigscity-LibCity-master/outputs/20260514_161126__traffic_state_pred__new_diffusion_fuzzy_2__PEMSD4/model_cache/new_diffusion_fuzzy_2_PEMSD4_epoch7.tar
2026-05-14 16:31:12,354 - INFO - epoch complete!
2026-05-14 16:31:12,354 - INFO - evaluating now!
2026-05-14 16:31:12,355 - INFO - epoch complete!
2026-05-14 16:31:12,356 - INFO - evaluating now!
2026-05-14 16:31:12,363 - INFO - epoch complete!
2026-05-14 16:31:12,364 - INFO - evaluating now!
2026-05-14 16:31:12,364 - INFO - epoch complete!
2026-05-14 16:31:12,364 - INFO - evaluating now!
2026-05-14 16:31:19,361 - INFO - Epoch [8/50] train_loss: 0.7473, val_loss: 0.7820, lr: 0.000923, 130.65s
2026-05-14 16:31:19,361 - INFO - Epoch [8/50] train_loss: 0.7442, val_loss: 0.7820, lr: 0.000923, 130.65s
2026-05-14 16:31:19,361 - INFO - Epoch [8/50] train_loss: 0.7386, val_loss: 0.7820, lr: 0.000923, 130.65s
2026-05-14 16:31:19,361 - INFO - Epoch [8/50] train_loss: 0.7403, val_loss: 0.7820, lr: 0.000923, 130.65s
2026-05-14 16:32:23,374 - INFO - epoch complete!
2026-05-14 16:32:23,374 - INFO - epoch complete!
2026-05-14 16:32:23,375 - INFO - evaluating now!
2026-05-14 16:32:23,375 - INFO - epoch complete!
2026-05-14 16:32:23,375 - INFO - evaluating now!
2026-05-14 16:32:23,378 - INFO - evaluating now!
2026-05-14 16:32:23,392 - INFO - epoch complete!
2026-05-14 16:32:23,393 - INFO - evaluating now!
2026-05-14 16:32:25,865 - INFO - Epoch [9/50] train_loss: 0.7361, val_loss: 0.7646, lr: 0.000905, 66.50s
2026-05-14 16:32:25,866 - INFO - Epoch [9/50] train_loss: 0.7409, val_loss: 0.7646, lr: 0.000905, 66.50s
2026-05-14 16:32:25,866 - INFO - Epoch [9/50] train_loss: 0.7332, val_loss: 0.7646, lr: 0.000905, 66.50s
2026-05-14 16:32:25,866 - INFO - Epoch [9/50] train_loss: 0.7519, val_loss: 0.7646, lr: 0.000905, 66.50s
2026-05-14 16:32:26,073 - INFO - Saved model at 9
2026-05-14 16:32:26,073 - INFO - Val loss decrease from 0.7691 to 0.7646, saving to /home/lizhuoxuan/lzq/Bigscity-LibCity-master/outputs/20260514_161126__traffic_state_pred__new_diffusion_fuzzy_2__PEMSD4/model_cache/new_diffusion_fuzzy_2_PEMSD4_epoch9.tar
2026-05-14 16:32:26,076 - INFO - Saved model at 9
2026-05-14 16:32:26,078 - INFO - Val loss decrease from 0.7691 to 0.7646, saving to /home/lizhuoxuan/lzq/Bigscity-LibCity-master/outputs/20260514_161126__traffic_state_pred__new_diffusion_fuzzy_2__PEMSD4/model_cache/new_diffusion_fuzzy_2_PEMSD4_epoch9.tar
2026-05-14 16:32:26,086 - INFO - Saved model at 9
2026-05-14 16:32:26,086 - INFO - Val loss decrease from 0.7691 to 0.7646, saving to /home/lizhuoxuan/lzq/Bigscity-LibCity-master/outputs/20260514_161126__traffic_state_pred__new_diffusion_fuzzy_2__PEMSD4/model_cache/new_diffusion_fuzzy_2_PEMSD4_epoch9.tar
2026-05-14 16:32:26,148 - INFO - Saved model at 9
2026-05-14 16:32:26,149 - INFO - Val loss decrease from 0.7691 to 0.7646, saving to /home/lizhuoxuan/lzq/Bigscity-LibCity-master/outputs/20260514_161126__traffic_state_pred__new_diffusion_fuzzy_2__PEMSD4/model_cache/new_diffusion_fuzzy_2_PEMSD4_epoch9.tar
2026-05-14 16:34:34,228 - INFO - epoch complete!
2026-05-14 16:34:34,228 - INFO - epoch complete!
2026-05-14 16:34:34,228 - INFO - evaluating now!
2026-05-14 16:34:34,228 - INFO - evaluating now!
2026-05-14 16:34:34,240 - INFO - epoch complete!
2026-05-14 16:34:34,241 - INFO - evaluating now!
2026-05-14 16:34:34,243 - INFO - epoch complete!
2026-05-14 16:34:34,244 - INFO - evaluating now!
2026-05-14 16:34:41,890 - INFO - Epoch [10/50] train_loss: 0.7757, val_loss: 0.7641, lr: 0.000886, 135.74s
2026-05-14 16:34:41,899 - INFO - Epoch [10/50] train_loss: 0.7701, val_loss: 0.7641, lr: 0.000886, 135.82s
2026-05-14 16:34:41,899 - INFO - Epoch [10/50] train_loss: 0.7725, val_loss: 0.7641, lr: 0.000886, 135.81s
2026-05-14 16:34:41,900 - INFO - Epoch [10/50] train_loss: 0.7750, val_loss: 0.7641, lr: 0.000886, 135.83s
2026-05-14 16:34:42,054 - INFO - Saved model at 10
2026-05-14 16:34:42,054 - INFO - Saved model at 10
2026-05-14 16:34:42,054 - INFO - Saved model at 10
2026-05-14 16:34:42,054 - INFO - Val loss decrease from 0.7646 to 0.7641, saving to /home/lizhuoxuan/lzq/Bigscity-LibCity-master/outputs/20260514_161126__traffic_state_pred__new_diffusion_fuzzy_2__PEMSD4/model_cache/new_diffusion_fuzzy_2_PEMSD4_epoch10.tar
2026-05-14 16:34:42,054 - INFO - Val loss decrease from 0.7646 to 0.7641, saving to /home/lizhuoxuan/lzq/Bigscity-LibCity-master/outputs/20260514_161126__traffic_state_pred__new_diffusion_fuzzy_2__PEMSD4/model_cache/new_diffusion_fuzzy_2_PEMSD4_epoch10.tar
2026-05-14 16:34:42,054 - INFO - Val loss decrease from 0.7646 to 0.7641, saving to /home/lizhuoxuan/lzq/Bigscity-LibCity-master/outputs/20260514_161126__traffic_state_pred__new_diffusion_fuzzy_2__PEMSD4/model_cache/new_diffusion_fuzzy_2_PEMSD4_epoch10.tar
2026-05-14 16:34:42,069 - INFO - Saved model at 10
2026-05-14 16:34:42,070 - INFO - Val loss decrease from 0.7646 to 0.7641, saving to /home/lizhuoxuan/lzq/Bigscity-LibCity-master/outputs/20260514_161126__traffic_state_pred__new_diffusion_fuzzy_2__PEMSD4/model_cache/new_diffusion_fuzzy_2_PEMSD4_epoch10.tar
2026-05-14 16:36:41,145 - INFO - epoch complete!
2026-05-14 16:36:41,145 - INFO - epoch complete!
2026-05-14 16:36:41,145 - INFO - evaluating now!
2026-05-14 16:36:41,145 - INFO - evaluating now!
2026-05-14 16:36:41,153 - INFO - epoch complete!
2026-05-14 16:36:41,154 - INFO - evaluating now!
2026-05-14 16:36:41,163 - INFO - epoch complete!
2026-05-14 16:36:41,163 - INFO - evaluating now!
2026-05-14 16:36:47,154 - INFO - Epoch [11/50] train_loss: 0.7555, val_loss: 0.6901, lr: 0.000866, 125.10s
2026-05-14 16:36:47,154 - INFO - Epoch [11/50] train_loss: 0.7412, val_loss: 0.6901, lr: 0.000866, 125.10s
2026-05-14 16:36:47,156 - INFO - Epoch [11/50] train_loss: 0.7588, val_loss: 0.6901, lr: 0.000866, 125.09s
2026-05-14 16:36:47,157 - INFO - Epoch [11/50] train_loss: 0.7612, val_loss: 0.6901, lr: 0.000866, 125.10s
2026-05-14 16:36:47,381 - INFO - Saved model at 11
2026-05-14 16:36:47,381 - INFO - Saved model at 11
2026-05-14 16:36:47,381 - INFO - Saved model at 11
2026-05-14 16:36:47,381 - INFO - Val loss decrease from 0.7641 to 0.6901, saving to /home/lizhuoxuan/lzq/Bigscity-LibCity-master/outputs/20260514_161126__traffic_state_pred__new_diffusion_fuzzy_2__PEMSD4/model_cache/new_diffusion_fuzzy_2_PEMSD4_epoch11.tar
2026-05-14 16:36:47,381 - INFO - Val loss decrease from 0.7641 to 0.6901, saving to /home/lizhuoxuan/lzq/Bigscity-LibCity-master/outputs/20260514_161126__traffic_state_pred__new_diffusion_fuzzy_2__PEMSD4/model_cache/new_diffusion_fuzzy_2_PEMSD4_epoch11.tar
2026-05-14 16:36:47,381 - INFO - Val loss decrease from 0.7641 to 0.6901, saving to /home/lizhuoxuan/lzq/Bigscity-LibCity-master/outputs/20260514_161126__traffic_state_pred__new_diffusion_fuzzy_2__PEMSD4/model_cache/new_diffusion_fuzzy_2_PEMSD4_epoch11.tar
2026-05-14 16:36:47,392 - INFO - Saved model at 11
2026-05-14 16:36:47,392 - INFO - Val loss decrease from 0.7641 to 0.6901, saving to /home/lizhuoxuan/lzq/Bigscity-LibCity-master/outputs/20260514_161126__traffic_state_pred__new_diffusion_fuzzy_2__PEMSD4/model_cache/new_diffusion_fuzzy_2_PEMSD4_epoch11.tar
2026-05-14 16:38:36,260 - INFO - epoch complete!
2026-05-14 16:38:36,261 - INFO - evaluating now!
2026-05-14 16:38:36,266 - INFO - epoch complete!
2026-05-14 16:38:36,266 - INFO - evaluating now!
2026-05-14 16:38:36,271 - INFO - epoch complete!
2026-05-14 16:38:36,272 - INFO - evaluating now!
2026-05-14 16:38:36,275 - INFO - epoch complete!
2026-05-14 16:38:36,276 - INFO - evaluating now!
2026-05-14 16:38:41,697 - INFO - Epoch [12/50] train_loss: 0.7366, val_loss: 0.7263, lr: 0.000844, 114.32s
2026-05-14 16:38:41,697 - INFO - Epoch [12/50] train_loss: 0.7284, val_loss: 0.7263, lr: 0.000844, 114.32s
2026-05-14 16:38:41,697 - INFO - Epoch [12/50] train_loss: 0.7330, val_loss: 0.7263, lr: 0.000844, 114.30s
2026-05-14 16:38:41,697 - INFO - Epoch [12/50] train_loss: 0.7501, val_loss: 0.7263, lr: 0.000844, 114.32s
2026-05-14 16:40:59,841 - INFO - epoch complete!
2026-05-14 16:40:59,848 - INFO - evaluating now!
2026-05-14 16:40:59,851 - INFO - epoch complete!
2026-05-14 16:40:59,852 - INFO - evaluating now!
2026-05-14 16:40:59,856 - INFO - epoch complete!
2026-05-14 16:40:59,856 - INFO - evaluating now!
2026-05-14 16:40:59,862 - INFO - epoch complete!
2026-05-14 16:40:59,862 - INFO - evaluating now!
2026-05-14 16:41:06,561 - INFO - Epoch [13/50] train_loss: 0.7102, val_loss: 0.7053, lr: 0.000821, 144.86s
2026-05-14 16:41:06,562 - INFO - Epoch [13/50] train_loss: 0.7169, val_loss: 0.7053, lr: 0.000821, 144.87s
2026-05-14 16:41:06,563 - INFO - Epoch [13/50] train_loss: 0.7183, val_loss: 0.7053, lr: 0.000821, 144.87s
2026-05-14 16:41:06,565 - INFO - Epoch [13/50] train_loss: 0.7133, val_loss: 0.7053, lr: 0.000821, 144.87s
2026-05-14 16:43:04,792 - INFO - epoch complete!
2026-05-14 16:43:04,792 - INFO - epoch complete!
2026-05-14 16:43:04,792 - INFO - evaluating now!
2026-05-14 16:43:04,792 - INFO - evaluating now!
2026-05-14 16:43:04,793 - INFO - epoch complete!
2026-05-14 16:43:04,793 - INFO - evaluating now!
2026-05-14 16:43:04,801 - INFO - epoch complete!
2026-05-14 16:43:04,801 - INFO - evaluating now!
2026-05-14 16:43:11,625 - INFO - Epoch [14/50] train_loss: 0.7560, val_loss: 0.7685, lr: 0.000796, 125.06s
2026-05-14 16:43:11,627 - INFO - Epoch [14/50] train_loss: 0.7456, val_loss: 0.7685, lr: 0.000796, 125.06s
2026-05-14 16:43:11,627 - INFO - Epoch [14/50] train_loss: 0.7566, val_loss: 0.7685, lr: 0.000796, 125.06s
2026-05-14 16:43:11,627 - INFO - Epoch [14/50] train_loss: 0.7376, val_loss: 0.7685, lr: 0.000796, 125.06s
2026-05-14 16:44:15,414 - INFO - epoch complete!
2026-05-14 16:44:15,415 - INFO - evaluating now!
2026-05-14 16:44:15,415 - INFO - epoch complete!
2026-05-14 16:44:15,415 - INFO - evaluating now!
2026-05-14 16:44:15,417 - INFO - epoch complete!
2026-05-14 16:44:15,417 - INFO - evaluating now!
2026-05-14 16:44:15,424 - INFO - epoch complete!
2026-05-14 16:44:15,425 - INFO - evaluating now!
2026-05-14 16:44:22,617 - INFO - Epoch [15/50] train_loss: 0.7157, val_loss: 0.7010, lr: 0.000770, 70.99s
2026-05-14 16:44:22,628 - INFO - Epoch [15/50] train_loss: 0.7039, val_loss: 0.7010, lr: 0.000770, 71.00s
2026-05-14 16:44:22,628 - INFO - Epoch [15/50] train_loss: 0.7093, val_loss: 0.7010, lr: 0.000770, 71.00s
2026-05-14 16:44:22,628 - INFO - Epoch [15/50] train_loss: 0.7197, val_loss: 0.7010, lr: 0.000770, 71.00s
2026-05-14 16:46:41,919 - INFO - epoch complete!
2026-05-14 16:46:41,919 - INFO - epoch complete!
2026-05-14 16:46:41,920 - INFO - evaluating now!
2026-05-14 16:46:41,920 - INFO - evaluating now!
2026-05-14 16:46:41,919 - INFO - epoch complete!
2026-05-14 16:46:41,920 - INFO - evaluating now!
2026-05-14 16:46:41,923 - INFO - epoch complete!
2026-05-14 16:46:41,923 - INFO - evaluating now!
2026-05-14 16:46:49,433 - INFO - Epoch [16/50] train_loss: 0.7040, val_loss: 0.7163, lr: 0.000743, 146.81s
2026-05-14 16:46:49,441 - INFO - Epoch [16/50] train_loss: 0.7031, val_loss: 0.7163, lr: 0.000743, 146.81s
2026-05-14 16:46:49,441 - INFO - Epoch [16/50] train_loss: 0.7102, val_loss: 0.7163, lr: 0.000743, 146.81s
2026-05-14 16:46:49,441 - INFO - Epoch [16/50] train_loss: 0.6953, val_loss: 0.7163, lr: 0.000743, 146.81s
2026-05-14 16:48:53,948 - INFO - epoch complete!
2026-05-14 16:48:53,948 - INFO - evaluating now!
2026-05-14 16:48:53,950 - INFO - epoch complete!
2026-05-14 16:48:53,951 - INFO - evaluating now!
2026-05-14 16:48:53,953 - INFO - epoch complete!
2026-05-14 16:48:53,954 - INFO - evaluating now!
2026-05-14 16:48:53,959 - INFO - epoch complete!
2026-05-14 16:48:53,960 - INFO - evaluating now!
2026-05-14 16:49:00,708 - INFO - Epoch [17/50] train_loss: 0.6843, val_loss: 0.7221, lr: 0.000716, 131.16s
2026-05-14 16:49:00,708 - INFO - Epoch [17/50] train_loss: 0.6837, val_loss: 0.7221, lr: 0.000716, 131.16s
2026-05-14 16:49:00,708 - INFO - Epoch [17/50] train_loss: 0.6707, val_loss: 0.7221, lr: 0.000716, 131.16s
2026-05-14 16:49:00,717 - INFO - Epoch [17/50] train_loss: 0.6795, val_loss: 0.7221, lr: 0.000716, 131.17s
2026-05-14 16:51:06,295 - INFO - epoch complete!
2026-05-14 16:51:06,296 - INFO - evaluating now!
2026-05-14 16:51:06,299 - INFO - epoch complete!
2026-05-14 16:51:06,300 - INFO - evaluating now!
2026-05-14 16:51:06,301 - INFO - epoch complete!
2026-05-14 16:51:06,302 - INFO - evaluating now!
2026-05-14 16:51:06,304 - INFO - epoch complete!
2026-05-14 16:51:06,305 - INFO - evaluating now!
2026-05-14 16:51:12,240 - INFO - Epoch [18/50] train_loss: 0.6626, val_loss: 0.7061, lr: 0.000687, 131.53s
2026-05-14 16:51:12,240 - INFO - Epoch [18/50] train_loss: 0.6751, val_loss: 0.7061, lr: 0.000687, 131.53s
2026-05-14 16:51:12,251 - INFO - Epoch [18/50] train_loss: 0.6808, val_loss: 0.7061, lr: 0.000687, 131.54s
2026-05-14 16:51:12,258 - INFO - Epoch [18/50] train_loss: 0.6680, val_loss: 0.7061, lr: 0.000687, 131.54s
2026-05-14 16:53:06,924 - INFO - epoch complete!
2026-05-14 16:53:06,925 - INFO - evaluating now!
2026-05-14 16:53:06,925 - INFO - epoch complete!
2026-05-14 16:53:06,926 - INFO - evaluating now!
2026-05-14 16:53:06,927 - INFO - epoch complete!
2026-05-14 16:53:06,928 - INFO - evaluating now!
2026-05-14 16:53:06,936 - INFO - epoch complete!
2026-05-14 16:53:06,936 - INFO - evaluating now!
2026-05-14 16:53:12,951 - INFO - Epoch [19/50] train_loss: 0.6934, val_loss: 0.6262, lr: 0.000658, 120.71s
2026-05-14 16:53:12,952 - INFO - Epoch [19/50] train_loss: 0.6879, val_loss: 0.6262, lr: 0.000658, 120.71s
2026-05-14 16:53:12,958 - INFO - Epoch [19/50] train_loss: 0.6860, val_loss: 0.6262, lr: 0.000658, 120.70s
2026-05-14 16:53:12,957 - INFO - Epoch [19/50] train_loss: 0.6941, val_loss: 0.6262, lr: 0.000658, 120.70s
2026-05-14 16:53:13,137 - INFO - Saved model at 19
2026-05-14 16:53:13,138 - INFO - Saved model at 19
2026-05-14 16:53:13,138 - INFO - Val loss decrease from 0.6901 to 0.6262, saving to /home/lizhuoxuan/lzq/Bigscity-LibCity-master/outputs/20260514_161126__traffic_state_pred__new_diffusion_fuzzy_2__PEMSD4/model_cache/new_diffusion_fuzzy_2_PEMSD4_epoch19.tar
2026-05-14 16:53:13,138 - INFO - Saved model at 19
2026-05-14 16:53:13,139 - INFO - Val loss decrease from 0.6901 to 0.6262, saving to /home/lizhuoxuan/lzq/Bigscity-LibCity-master/outputs/20260514_161126__traffic_state_pred__new_diffusion_fuzzy_2__PEMSD4/model_cache/new_diffusion_fuzzy_2_PEMSD4_epoch19.tar
2026-05-14 16:53:13,140 - INFO - Saved model at 19
2026-05-14 16:53:13,140 - INFO - Val loss decrease from 0.6901 to 0.6262, saving to /home/lizhuoxuan/lzq/Bigscity-LibCity-master/outputs/20260514_161126__traffic_state_pred__new_diffusion_fuzzy_2__PEMSD4/model_cache/new_diffusion_fuzzy_2_PEMSD4_epoch19.tar
2026-05-14 16:53:13,140 - INFO - Val loss decrease from 0.6901 to 0.6262, saving to /home/lizhuoxuan/lzq/Bigscity-LibCity-master/outputs/20260514_161126__traffic_state_pred__new_diffusion_fuzzy_2__PEMSD4/model_cache/new_diffusion_fuzzy_2_PEMSD4_epoch19.tar
2026-05-14 16:54:46,292 - INFO - epoch complete!
2026-05-14 16:54:46,293 - INFO - evaluating now!
2026-05-14 16:54:46,294 - INFO - epoch complete!
2026-05-14 16:54:46,294 - INFO - evaluating now!
2026-05-14 16:54:46,296 - INFO - epoch complete!
2026-05-14 16:54:46,297 - INFO - evaluating now!
2026-05-14 16:54:46,318 - INFO - epoch complete!
2026-05-14 16:54:46,318 - INFO - evaluating now!
2026-05-14 16:54:49,423 - INFO - Epoch [20/50] train_loss: 0.6804, val_loss: 0.6889, lr: 0.000628, 96.28s
2026-05-14 16:54:49,423 - INFO - Epoch [20/50] train_loss: 0.6651, val_loss: 0.6889, lr: 0.000628, 96.28s
2026-05-14 16:54:49,423 - INFO - Epoch [20/50] train_loss: 0.6727, val_loss: 0.6889, lr: 0.000628, 96.28s
2026-05-14 16:54:49,423 - INFO - Epoch [20/50] train_loss: 0.6806, val_loss: 0.6889, lr: 0.000628, 96.28s
2026-05-14 16:56:29,058 - INFO - epoch complete!
2026-05-14 16:56:29,058 - INFO - epoch complete!
2026-05-14 16:56:29,059 - INFO - evaluating now!
2026-05-14 16:56:29,059 - INFO - evaluating now!
2026-05-14 16:56:29,059 - INFO - epoch complete!
2026-05-14 16:56:29,059 - INFO - evaluating now!
2026-05-14 16:56:29,062 - INFO - epoch complete!
2026-05-14 16:56:29,063 - INFO - evaluating now!
2026-05-14 16:56:34,999 - INFO - Epoch [21/50] train_loss: 0.6782, val_loss: 0.7059, lr: 0.000598, 105.57s
2026-05-14 16:56:35,000 - INFO - Epoch [21/50] train_loss: 0.6646, val_loss: 0.7059, lr: 0.000598, 105.58s
2026-05-14 16:56:35,001 - INFO - Epoch [21/50] train_loss: 0.6825, val_loss: 0.7059, lr: 0.000598, 105.58s
2026-05-14 16:56:35,005 - INFO - Epoch [21/50] train_loss: 0.6771, val_loss: 0.7059, lr: 0.000598, 105.58s
2026-05-14 16:58:57,836 - INFO - epoch complete!
2026-05-14 16:58:57,840 - INFO - evaluating now!
2026-05-14 16:58:57,843 - INFO - epoch complete!
2026-05-14 16:58:57,843 - INFO - evaluating now!
2026-05-14 16:58:57,844 - INFO - epoch complete!
2026-05-14 16:58:57,845 - INFO - evaluating now!
2026-05-14 16:58:57,846 - INFO - epoch complete!
2026-05-14 16:58:57,846 - INFO - evaluating now!
2026-05-14 16:59:03,710 - INFO - Epoch [22/50] train_loss: 0.6502, val_loss: 0.6914, lr: 0.000567, 148.70s
2026-05-14 16:59:03,711 - INFO - Epoch [22/50] train_loss: 0.6589, val_loss: 0.6914, lr: 0.000567, 148.71s
2026-05-14 16:59:03,711 - INFO - Epoch [22/50] train_loss: 0.6616, val_loss: 0.6914, lr: 0.000567, 148.71s
2026-05-14 16:59:03,713 - INFO - Epoch [22/50] train_loss: 0.6561, val_loss: 0.6914, lr: 0.000567, 148.71s
2026-05-14 17:01:24,539 - INFO - epoch complete!
2026-05-14 17:01:24,539 - INFO - epoch complete!
2026-05-14 17:01:24,539 - INFO - evaluating now!
2026-05-14 17:01:24,539 - INFO - evaluating now!
2026-05-14 17:01:24,539 - INFO - epoch complete!
2026-05-14 17:01:24,540 - INFO - evaluating now!
2026-05-14 17:01:24,540 - INFO - epoch complete!
2026-05-14 17:01:24,540 - INFO - evaluating now!
2026-05-14 17:01:31,338 - INFO - Epoch [23/50] train_loss: 0.6681, val_loss: 0.6763, lr: 0.000536, 147.63s
2026-05-14 17:01:31,338 - INFO - Epoch [23/50] train_loss: 0.6655, val_loss: 0.6763, lr: 0.000536, 147.63s
2026-05-14 17:01:31,338 - INFO - Epoch [23/50] train_loss: 0.6687, val_loss: 0.6763, lr: 0.000536, 147.63s
2026-05-14 17:01:31,344 - INFO - Epoch [23/50] train_loss: 0.6706, val_loss: 0.6763, lr: 0.000536, 147.63s
2026-05-14 17:03:45,119 - INFO - epoch complete!
2026-05-14 17:03:45,120 - INFO - evaluating now!
2026-05-14 17:03:45,120 - INFO - epoch complete!
2026-05-14 17:03:45,120 - INFO - evaluating now!
2026-05-14 17:03:45,125 - INFO - epoch complete!
2026-05-14 17:03:45,126 - INFO - evaluating now!
2026-05-14 17:03:45,138 - INFO - epoch complete!
2026-05-14 17:03:45,139 - INFO - evaluating now!
2026-05-14 17:03:51,440 - INFO - Epoch [24/50] train_loss: 0.6552, val_loss: 0.6814, lr: 0.000505, 140.10s
2026-05-14 17:03:51,445 - INFO - Epoch [24/50] train_loss: 0.6444, val_loss: 0.6814, lr: 0.000505, 140.11s
2026-05-14 17:03:51,445 - INFO - Epoch [24/50] train_loss: 0.6603, val_loss: 0.6814, lr: 0.000505, 140.11s
2026-05-14 17:03:51,447 - INFO - Epoch [24/50] train_loss: 0.6587, val_loss: 0.6814, lr: 0.000505, 140.10s
2026-05-14 17:05:40,886 - INFO - epoch complete!
2026-05-14 17:05:40,886 - INFO - evaluating now!
2026-05-14 17:05:40,886 - INFO - epoch complete!
2026-05-14 17:05:40,887 - INFO - evaluating now!
2026-05-14 17:05:40,887 - INFO - epoch complete!
2026-05-14 17:05:40,887 - INFO - evaluating now!
2026-05-14 17:05:40,891 - INFO - epoch complete!
2026-05-14 17:05:40,892 - INFO - evaluating now!
2026-05-14 17:05:47,423 - INFO - Epoch [25/50] train_loss: 0.6682, val_loss: 0.6663, lr: 0.000474, 115.98s
2026-05-14 17:05:47,423 - INFO - Epoch [25/50] train_loss: 0.6717, val_loss: 0.6663, lr: 0.000474, 115.98s
2026-05-14 17:05:47,423 - INFO - Epoch [25/50] train_loss: 0.6675, val_loss: 0.6663, lr: 0.000474, 115.98s
2026-05-14 17:05:47,426 - INFO - Epoch [25/50] train_loss: 0.6704, val_loss: 0.6663, lr: 0.000474, 115.98s
2026-05-14 17:07:25,629 - INFO - epoch complete!
2026-05-14 17:07:25,629 - INFO - evaluating now!
2026-05-14 17:07:25,637 - INFO - epoch complete!
2026-05-14 17:07:25,640 - INFO - evaluating now!
2026-05-14 17:07:25,637 - INFO - epoch complete!
2026-05-14 17:07:25,640 - INFO - evaluating now!
2026-05-14 17:07:25,637 - INFO - epoch complete!
2026-05-14 17:07:25,643 - INFO - evaluating now!
2026-05-14 17:07:28,067 - INFO - Epoch [26/50] train_loss: 0.6765, val_loss: 0.6346, lr: 0.000443, 100.64s
2026-05-14 17:07:28,067 - INFO - Epoch [26/50] train_loss: 0.6762, val_loss: 0.6346, lr: 0.000443, 100.64s
2026-05-14 17:07:28,067 - INFO - Epoch [26/50] train_loss: 0.6840, val_loss: 0.6346, lr: 0.000443, 100.64s
2026-05-14 17:07:28,067 - INFO - Epoch [26/50] train_loss: 0.6797, val_loss: 0.6346, lr: 0.000443, 100.64s
2026-05-14 17:09:10,103 - INFO - epoch complete!
2026-05-14 17:09:10,103 - INFO - evaluating now!
2026-05-14 17:09:10,103 - INFO - epoch complete!
2026-05-14 17:09:10,104 - INFO - epoch complete!
2026-05-14 17:09:10,104 - INFO - evaluating now!
2026-05-14 17:09:10,104 - INFO - evaluating now!
2026-05-14 17:09:10,105 - INFO - epoch complete!
2026-05-14 17:09:10,105 - INFO - evaluating now!
2026-05-14 17:09:16,941 - INFO - Epoch [27/50] train_loss: 0.6451, val_loss: 0.6631, lr: 0.000412, 108.87s
2026-05-14 17:09:16,944 - INFO - Epoch [27/50] train_loss: 0.6483, val_loss: 0.6631, lr: 0.000412, 108.88s
2026-05-14 17:09:16,949 - INFO - Epoch [27/50] train_loss: 0.6581, val_loss: 0.6631, lr: 0.000412, 108.88s
2026-05-14 17:09:16,951 - INFO - Epoch [27/50] train_loss: 0.6567, val_loss: 0.6631, lr: 0.000412, 108.88s
2026-05-14 17:11:07,883 - INFO - epoch complete!
2026-05-14 17:11:07,884 - INFO - evaluating now!
2026-05-14 17:11:07,886 - INFO - epoch complete!
2026-05-14 17:11:07,887 - INFO - evaluating now!
2026-05-14 17:11:07,887 - INFO - epoch complete!
2026-05-14 17:11:07,887 - INFO - evaluating now!
2026-05-14 17:11:07,891 - INFO - epoch complete!
2026-05-14 17:11:07,892 - INFO - evaluating now!
2026-05-14 17:11:12,858 - INFO - Epoch [28/50] train_loss: 0.6193, val_loss: 0.6363, lr: 0.000382, 115.91s
2026-05-14 17:11:12,859 - INFO - Epoch [28/50] train_loss: 0.6233, val_loss: 0.6363, lr: 0.000382, 115.91s
2026-05-14 17:11:12,859 - INFO - Epoch [28/50] train_loss: 0.6214, val_loss: 0.6363, lr: 0.000382, 115.91s
2026-05-14 17:11:12,859 - INFO - Epoch [28/50] train_loss: 0.6307, val_loss: 0.6363, lr: 0.000382, 115.92s
2026-05-14 17:12:53,152 - INFO - epoch complete!
2026-05-14 17:12:53,153 - INFO - evaluating now!
2026-05-14 17:12:53,153 - INFO - epoch complete!
2026-05-14 17:12:53,153 - INFO - evaluating now!
2026-05-14 17:12:53,153 - INFO - epoch complete!
2026-05-14 17:12:53,154 - INFO - evaluating now!
2026-05-14 17:12:53,157 - INFO - epoch complete!
2026-05-14 17:12:53,157 - INFO - evaluating now!
2026-05-14 17:12:59,381 - INFO - Epoch [29/50] train_loss: 0.6528, val_loss: 0.6213, lr: 0.000352, 106.52s
2026-05-14 17:12:59,385 - INFO - Epoch [29/50] train_loss: 0.6392, val_loss: 0.6213, lr: 0.000352, 106.53s
2026-05-14 17:12:59,385 - INFO - Epoch [29/50] train_loss: 0.6455, val_loss: 0.6213, lr: 0.000352, 106.53s
2026-05-14 17:12:59,394 - INFO - Epoch [29/50] train_loss: 0.6480, val_loss: 0.6213, lr: 0.000352, 106.53s
2026-05-14 17:12:59,526 - INFO - Saved model at 29
2026-05-14 17:12:59,527 - INFO - Val loss decrease from 0.6262 to 0.6213, saving to /home/lizhuoxuan/lzq/Bigscity-LibCity-master/outputs/20260514_161126__traffic_state_pred__new_diffusion_fuzzy_2__PEMSD4/model_cache/new_diffusion_fuzzy_2_PEMSD4_epoch29.tar
2026-05-14 17:12:59,530 - INFO - Saved model at 29
2026-05-14 17:12:59,530 - INFO - Val loss decrease from 0.6262 to 0.6213, saving to /home/lizhuoxuan/lzq/Bigscity-LibCity-master/outputs/20260514_161126__traffic_state_pred__new_diffusion_fuzzy_2__PEMSD4/model_cache/new_diffusion_fuzzy_2_PEMSD4_epoch29.tar
2026-05-14 17:12:59,532 - INFO - Saved model at 29
2026-05-14 17:12:59,533 - INFO - Val loss decrease from 0.6262 to 0.6213, saving to /home/lizhuoxuan/lzq/Bigscity-LibCity-master/outputs/20260514_161126__traffic_state_pred__new_diffusion_fuzzy_2__PEMSD4/model_cache/new_diffusion_fuzzy_2_PEMSD4_epoch29.tar
2026-05-14 17:12:59,546 - INFO - Saved model at 29
2026-05-14 17:12:59,546 - INFO - Val loss decrease from 0.6262 to 0.6213, saving to /home/lizhuoxuan/lzq/Bigscity-LibCity-master/outputs/20260514_161126__traffic_state_pred__new_diffusion_fuzzy_2__PEMSD4/model_cache/new_diffusion_fuzzy_2_PEMSD4_epoch29.tar
2026-05-14 17:14:47,031 - INFO - epoch complete!
2026-05-14 17:14:47,031 - INFO - evaluating now!
2026-05-14 17:14:47,031 - INFO - epoch complete!
2026-05-14 17:14:47,031 - INFO - evaluating now!
2026-05-14 17:14:47,032 - INFO - epoch complete!
2026-05-14 17:14:47,032 - INFO - evaluating now!
2026-05-14 17:14:47,034 - INFO - epoch complete!
2026-05-14 17:14:47,035 - INFO - evaluating now!
2026-05-14 17:14:53,516 - INFO - Epoch [30/50] train_loss: 0.6132, val_loss: 0.6306, lr: 0.000323, 113.99s
2026-05-14 17:14:53,516 - INFO - Epoch [30/50] train_loss: 0.6203, val_loss: 0.6306, lr: 0.000323, 113.97s
2026-05-14 17:14:53,516 - INFO - Epoch [30/50] train_loss: 0.6153, val_loss: 0.6306, lr: 0.000323, 113.98s
2026-05-14 17:14:53,517 - INFO - Epoch [30/50] train_loss: 0.6204, val_loss: 0.6306, lr: 0.000323, 113.99s
2026-05-14 17:16:26,827 - INFO - epoch complete!
2026-05-14 17:16:26,828 - INFO - evaluating now!
2026-05-14 17:16:26,827 - INFO - epoch complete!
2026-05-14 17:16:26,828 - INFO - evaluating now!
2026-05-14 17:16:26,830 - INFO - epoch complete!
2026-05-14 17:16:26,831 - INFO - evaluating now!
2026-05-14 17:16:26,831 - INFO - epoch complete!
2026-05-14 17:16:26,831 - INFO - evaluating now!
2026-05-14 17:16:33,316 - INFO - Epoch [31/50] train_loss: 0.5995, val_loss: 0.6707, lr: 0.000294, 99.80s
2026-05-14 17:16:33,316 - INFO - Epoch [31/50] train_loss: 0.6121, val_loss: 0.6707, lr: 0.000294, 99.80s
2026-05-14 17:16:33,316 - INFO - Epoch [31/50] train_loss: 0.6043, val_loss: 0.6707, lr: 0.000294, 99.80s
2026-05-14 17:16:33,317 - INFO - Epoch [31/50] train_loss: 0.6078, val_loss: 0.6707, lr: 0.000294, 99.80s
2026-05-14 17:18:16,226 - INFO - epoch complete!
2026-05-14 17:18:16,227 - INFO - evaluating now!
2026-05-14 17:18:16,227 - INFO - epoch complete!
2026-05-14 17:18:16,227 - INFO - evaluating now!
2026-05-14 17:18:16,230 - INFO - epoch complete!
2026-05-14 17:18:16,231 - INFO - evaluating now!
2026-05-14 17:18:16,235 - INFO - epoch complete!
2026-05-14 17:18:16,236 - INFO - evaluating now!
2026-05-14 17:18:22,369 - INFO - Epoch [32/50] train_loss: 0.6384, val_loss: 0.6741, lr: 0.000267, 109.05s
2026-05-14 17:18:22,370 - INFO - Epoch [32/50] train_loss: 0.6424, val_loss: 0.6741, lr: 0.000267, 109.05s
2026-05-14 17:18:22,378 - INFO - Epoch [32/50] train_loss: 0.6391, val_loss: 0.6741, lr: 0.000267, 109.06s
2026-05-14 17:18:22,378 - INFO - Epoch [32/50] train_loss: 0.6428, val_loss: 0.6741, lr: 0.000267, 109.06s
2026-05-14 17:19:41,458 - INFO - epoch complete!
2026-05-14 17:19:41,459 - INFO - evaluating now!
2026-05-14 17:19:41,459 - INFO - epoch complete!
2026-05-14 17:19:41,459 - INFO - evaluating now!
2026-05-14 17:19:41,459 - INFO - epoch complete!
2026-05-14 17:19:41,460 - INFO - evaluating now!
2026-05-14 17:19:41,461 - INFO - epoch complete!
2026-05-14 17:19:41,462 - INFO - evaluating now!
2026-05-14 17:19:47,967 - INFO - Epoch [33/50] train_loss: 0.6225, val_loss: 0.6501, lr: 0.000240, 85.60s
2026-05-14 17:19:47,970 - INFO - Epoch [33/50] train_loss: 0.6167, val_loss: 0.6501, lr: 0.000240, 85.59s
2026-05-14 17:19:47,970 - INFO - Epoch [33/50] train_loss: 0.6225, val_loss: 0.6501, lr: 0.000240, 85.60s
2026-05-14 17:19:47,971 - INFO - Epoch [33/50] train_loss: 0.6214, val_loss: 0.6501, lr: 0.000240, 85.59s
2026-05-14 17:21:50,620 - INFO - epoch complete!
2026-05-14 17:21:50,621 - INFO - evaluating now!
2026-05-14 17:21:50,621 - INFO - epoch complete!
2026-05-14 17:21:50,621 - INFO - evaluating now!
2026-05-14 17:21:50,624 - INFO - epoch complete!
2026-05-14 17:21:50,625 - INFO - evaluating now!
2026-05-14 17:21:50,626 - INFO - epoch complete!
2026-05-14 17:21:50,627 - INFO - evaluating now!
2026-05-14 17:21:57,128 - INFO - Epoch [34/50] train_loss: 0.6531, val_loss: 0.6307, lr: 0.000214, 129.16s
2026-05-14 17:21:57,138 - INFO - Epoch [34/50] train_loss: 0.6537, val_loss: 0.6307, lr: 0.000214, 129.17s
2026-05-14 17:21:57,145 - INFO - Epoch [34/50] train_loss: 0.6532, val_loss: 0.6307, lr: 0.000214, 129.17s
2026-05-14 17:21:57,145 - INFO - Epoch [34/50] train_loss: 0.6401, val_loss: 0.6307, lr: 0.000214, 129.17s
2026-05-14 17:23:57,298 - INFO - epoch complete!
2026-05-14 17:23:57,298 - INFO - epoch complete!
2026-05-14 17:23:57,299 - INFO - evaluating now!
2026-05-14 17:23:57,299 - INFO - epoch complete!
2026-05-14 17:23:57,299 - INFO - evaluating now!
2026-05-14 17:23:57,299 - INFO - evaluating now!
2026-05-14 17:23:57,308 - INFO - epoch complete!
2026-05-14 17:23:57,309 - INFO - evaluating now!
2026-05-14 17:24:03,559 - INFO - Epoch [35/50] train_loss: 0.6719, val_loss: 0.6239, lr: 0.000189, 126.43s
2026-05-14 17:24:03,568 - INFO - Epoch [35/50] train_loss: 0.6732, val_loss: 0.6239, lr: 0.000189, 126.43s
2026-05-14 17:24:03,568 - INFO - Epoch [35/50] train_loss: 0.6694, val_loss: 0.6239, lr: 0.000189, 126.42s
2026-05-14 17:24:03,575 - INFO - Epoch [35/50] train_loss: 0.6653, val_loss: 0.6239, lr: 0.000189, 126.43s
2026-05-14 17:25:48,660 - INFO - epoch complete!
2026-05-14 17:25:48,661 - INFO - epoch complete!
2026-05-14 17:25:48,661 - INFO - evaluating now!
2026-05-14 17:25:48,661 - INFO - evaluating now!
2026-05-14 17:25:48,673 - INFO - epoch complete!
2026-05-14 17:25:48,674 - INFO - evaluating now!
2026-05-14 17:25:48,674 - INFO - epoch complete!
2026-05-14 17:25:48,674 - INFO - evaluating now!
2026-05-14 17:25:54,943 - INFO - Epoch [36/50] train_loss: 0.6463, val_loss: 0.6314, lr: 0.000166, 111.38s
2026-05-14 17:25:54,949 - INFO - Epoch [36/50] train_loss: 0.6318, val_loss: 0.6314, lr: 0.000166, 111.38s
2026-05-14 17:25:54,949 - INFO - Epoch [36/50] train_loss: 0.6371, val_loss: 0.6314, lr: 0.000166, 111.37s
2026-05-14 17:25:54,950 - INFO - Epoch [36/50] train_loss: 0.6362, val_loss: 0.6314, lr: 0.000166, 111.38s
2026-05-14 17:26:42,920 - INFO - Physics warmup reached full weight at step=3000.
2026-05-14 17:26:42,920 - INFO - Physics warmup reached full weight at step=3000.
2026-05-14 17:26:42,922 - INFO - Physics warmup reached full weight at step=3000.
2026-05-14 17:26:42,924 - INFO - Physics warmup reached full weight at step=3000.
2026-05-14 17:27:30,829 - INFO - epoch complete!
2026-05-14 17:27:30,829 - INFO - evaluating now!
2026-05-14 17:27:30,834 - INFO - epoch complete!
2026-05-14 17:27:30,834 - INFO - evaluating now!
2026-05-14 17:27:30,834 - INFO - epoch complete!
2026-05-14 17:27:30,834 - INFO - evaluating now!
2026-05-14 17:27:30,836 - INFO - epoch complete!
2026-05-14 17:27:30,837 - INFO - evaluating now!
2026-05-14 17:27:37,143 - INFO - Epoch [37/50] train_loss: 0.6351, val_loss: 0.6657, lr: 0.000144, 102.20s
2026-05-14 17:27:37,145 - INFO - Epoch [37/50] train_loss: 0.6302, val_loss: 0.6657, lr: 0.000144, 102.20s
2026-05-14 17:27:37,146 - INFO - Epoch [37/50] train_loss: 0.6342, val_loss: 0.6657, lr: 0.000144, 102.19s
2026-05-14 17:27:37,146 - INFO - Epoch [37/50] train_loss: 0.6291, val_loss: 0.6657, lr: 0.000144, 102.20s
2026-05-14 17:29:25,279 - INFO - epoch complete!
2026-05-14 17:29:25,279 - INFO - evaluating now!
2026-05-14 17:29:25,280 - INFO - epoch complete!
2026-05-14 17:29:25,280 - INFO - epoch complete!
2026-05-14 17:29:25,280 - INFO - evaluating now!
2026-05-14 17:29:25,280 - INFO - evaluating now!
2026-05-14 17:29:25,280 - INFO - epoch complete!
2026-05-14 17:29:25,281 - INFO - evaluating now!
2026-05-14 17:29:30,528 - INFO - Epoch [38/50] train_loss: 0.6405, val_loss: 0.6244, lr: 0.000124, 113.38s
2026-05-14 17:29:30,528 - INFO - Epoch [38/50] train_loss: 0.6169, val_loss: 0.6244, lr: 0.000124, 113.38s
2026-05-14 17:29:30,528 - INFO - Epoch [38/50] train_loss: 0.6253, val_loss: 0.6244, lr: 0.000124, 113.38s
2026-05-14 17:29:30,528 - INFO - Epoch [38/50] train_loss: 0.6271, val_loss: 0.6244, lr: 0.000124, 113.38s
2026-05-14 17:30:31,977 - INFO - epoch complete!
2026-05-14 17:30:31,977 - INFO - epoch complete!
2026-05-14 17:30:31,977 - INFO - evaluating now!
2026-05-14 17:30:31,977 - INFO - evaluating now!
2026-05-14 17:30:31,986 - INFO - epoch complete!
2026-05-14 17:30:31,987 - INFO - evaluating now!
2026-05-14 17:30:31,989 - INFO - epoch complete!
2026-05-14 17:30:31,989 - INFO - evaluating now!
2026-05-14 17:30:34,945 - INFO - Epoch [39/50] train_loss: 0.6391, val_loss: 0.6621, lr: 0.000105, 64.42s
2026-05-14 17:30:34,946 - INFO - Epoch [39/50] train_loss: 0.6367, val_loss: 0.6621, lr: 0.000105, 64.42s
2026-05-14 17:30:34,946 - INFO - Epoch [39/50] train_loss: 0.6379, val_loss: 0.6621, lr: 0.000105, 64.42s
2026-05-14 17:30:34,946 - INFO - Epoch [39/50] train_loss: 0.6342, val_loss: 0.6621, lr: 0.000105, 64.42s
2026-05-14 17:31:51,124 - INFO - epoch complete!
2026-05-14 17:31:51,124 - INFO - evaluating now!
2026-05-14 17:31:51,124 - INFO - epoch complete!
2026-05-14 17:31:51,125 - INFO - evaluating now!
2026-05-14 17:31:51,124 - INFO - epoch complete!
2026-05-14 17:31:51,125 - INFO - evaluating now!
2026-05-14 17:31:51,125 - INFO - epoch complete!
2026-05-14 17:31:51,125 - INFO - evaluating now!
2026-05-14 17:31:57,578 - INFO - Epoch [40/50] train_loss: 0.6522, val_loss: 0.6191, lr: 0.000087, 82.63s
2026-05-14 17:31:57,578 - INFO - Epoch [40/50] train_loss: 0.6551, val_loss: 0.6191, lr: 0.000087, 82.63s
2026-05-14 17:31:57,578 - INFO - Epoch [40/50] train_loss: 0.6469, val_loss: 0.6191, lr: 0.000087, 82.63s
2026-05-14 17:31:57,578 - INFO - Epoch [40/50] train_loss: 0.6508, val_loss: 0.6191, lr: 0.000087, 82.63s
2026-05-14 17:31:57,696 - INFO - Saved model at 40
2026-05-14 17:31:57,696 - INFO - Saved model at 40
2026-05-14 17:31:57,696 - INFO - Saved model at 40
2026-05-14 17:31:57,697 - INFO - Val loss decrease from 0.6213 to 0.6191, saving to /home/lizhuoxuan/lzq/Bigscity-LibCity-master/outputs/20260514_161126__traffic_state_pred__new_diffusion_fuzzy_2__PEMSD4/model_cache/new_diffusion_fuzzy_2_PEMSD4_epoch40.tar
2026-05-14 17:31:57,697 - INFO - Val loss decrease from 0.6213 to 0.6191, saving to /home/lizhuoxuan/lzq/Bigscity-LibCity-master/outputs/20260514_161126__traffic_state_pred__new_diffusion_fuzzy_2__PEMSD4/model_cache/new_diffusion_fuzzy_2_PEMSD4_epoch40.tar
2026-05-14 17:31:57,697 - INFO - Val loss decrease from 0.6213 to 0.6191, saving to /home/lizhuoxuan/lzq/Bigscity-LibCity-master/outputs/20260514_161126__traffic_state_pred__new_diffusion_fuzzy_2__PEMSD4/model_cache/new_diffusion_fuzzy_2_PEMSD4_epoch40.tar
2026-05-14 17:31:57,706 - INFO - Saved model at 40
2026-05-14 17:31:57,707 - INFO - Val loss decrease from 0.6213 to 0.6191, saving to /home/lizhuoxuan/lzq/Bigscity-LibCity-master/outputs/20260514_161126__traffic_state_pred__new_diffusion_fuzzy_2__PEMSD4/model_cache/new_diffusion_fuzzy_2_PEMSD4_epoch40.tar
2026-05-14 17:33:23,256 - INFO - epoch complete!
2026-05-14 17:33:23,257 - INFO - evaluating now!
2026-05-14 17:33:23,257 - INFO - epoch complete!
2026-05-14 17:33:23,257 - INFO - evaluating now!
2026-05-14 17:33:23,257 - INFO - epoch complete!
2026-05-14 17:33:23,258 - INFO - evaluating now!
2026-05-14 17:33:23,260 - INFO - epoch complete!
2026-05-14 17:33:23,261 - INFO - evaluating now!
2026-05-14 17:33:29,789 - INFO - Epoch [41/50] train_loss: 0.6346, val_loss: 0.6015, lr: 0.000071, 92.08s
2026-05-14 17:33:29,789 - INFO - Epoch [41/50] train_loss: 0.6453, val_loss: 0.6015, lr: 0.000071, 92.09s
2026-05-14 17:33:29,789 - INFO - Epoch [41/50] train_loss: 0.6352, val_loss: 0.6015, lr: 0.000071, 92.09s
2026-05-14 17:33:29,789 - INFO - Epoch [41/50] train_loss: 0.6480, val_loss: 0.6015, lr: 0.000071, 92.09s
2026-05-14 17:33:29,912 - INFO - Saved model at 41
2026-05-14 17:33:29,912 - INFO - Saved model at 41
2026-05-14 17:33:29,912 - INFO - Saved model at 41
2026-05-14 17:33:29,912 - INFO - Saved model at 41
2026-05-14 17:33:29,912 - INFO - Val loss decrease from 0.6191 to 0.6015, saving to /home/lizhuoxuan/lzq/Bigscity-LibCity-master/outputs/20260514_161126__traffic_state_pred__new_diffusion_fuzzy_2__PEMSD4/model_cache/new_diffusion_fuzzy_2_PEMSD4_epoch41.tar
2026-05-14 17:33:29,912 - INFO - Val loss decrease from 0.6191 to 0.6015, saving to /home/lizhuoxuan/lzq/Bigscity-LibCity-master/outputs/20260514_161126__traffic_state_pred__new_diffusion_fuzzy_2__PEMSD4/model_cache/new_diffusion_fuzzy_2_PEMSD4_epoch41.tar
2026-05-14 17:33:29,912 - INFO - Val loss decrease from 0.6191 to 0.6015, saving to /home/lizhuoxuan/lzq/Bigscity-LibCity-master/outputs/20260514_161126__traffic_state_pred__new_diffusion_fuzzy_2__PEMSD4/model_cache/new_diffusion_fuzzy_2_PEMSD4_epoch41.tar
2026-05-14 17:33:29,912 - INFO - Val loss decrease from 0.6191 to 0.6015, saving to /home/lizhuoxuan/lzq/Bigscity-LibCity-master/outputs/20260514_161126__traffic_state_pred__new_diffusion_fuzzy_2__PEMSD4/model_cache/new_diffusion_fuzzy_2_PEMSD4_epoch41.tar
2026-05-14 17:35:33,905 - INFO - epoch complete!
2026-05-14 17:35:33,906 - INFO - evaluating now!
2026-05-14 17:35:33,906 - INFO - epoch complete!
2026-05-14 17:35:33,906 - INFO - evaluating now!
2026-05-14 17:35:33,907 - INFO - epoch complete!
2026-05-14 17:35:33,908 - INFO - evaluating now!
2026-05-14 17:35:33,909 - INFO - epoch complete!
2026-05-14 17:35:33,909 - INFO - evaluating now!
2026-05-14 17:35:40,276 - INFO - Epoch [42/50] train_loss: 0.6578, val_loss: 0.6497, lr: 0.000057, 130.36s
2026-05-14 17:35:40,276 - INFO - Epoch [42/50] train_loss: 0.6357, val_loss: 0.6497, lr: 0.000057, 130.36s
2026-05-14 17:35:40,277 - INFO - Epoch [42/50] train_loss: 0.6492, val_loss: 0.6497, lr: 0.000057, 130.36s
2026-05-14 17:35:40,277 - INFO - Epoch [42/50] train_loss: 0.6517, val_loss: 0.6497, lr: 0.000057, 130.36s
2026-05-14 17:37:40,185 - INFO - epoch complete!
2026-05-14 17:37:40,186 - INFO - evaluating now!
2026-05-14 17:37:40,188 - INFO - epoch complete!
2026-05-14 17:37:40,188 - INFO - evaluating now!
2026-05-14 17:37:40,188 - INFO - epoch complete!
2026-05-14 17:37:40,188 - INFO - evaluating now!
2026-05-14 17:37:40,188 - INFO - epoch complete!
2026-05-14 17:37:40,189 - INFO - evaluating now!
2026-05-14 17:37:46,325 - INFO - Epoch [43/50] train_loss: 0.6378, val_loss: 0.6392, lr: 0.000045, 126.05s
2026-05-14 17:37:46,325 - INFO - Epoch [43/50] train_loss: 0.6363, val_loss: 0.6392, lr: 0.000045, 126.05s
2026-05-14 17:37:46,325 - INFO - Epoch [43/50] train_loss: 0.6548, val_loss: 0.6392, lr: 0.000045, 126.05s
2026-05-14 17:37:46,328 - INFO - Epoch [43/50] train_loss: 0.6427, val_loss: 0.6392, lr: 0.000045, 126.05s
2026-05-14 17:39:55,239 - INFO - epoch complete!
2026-05-14 17:39:55,239 - INFO - evaluating now!
2026-05-14 17:39:55,242 - INFO - epoch complete!
2026-05-14 17:39:55,242 - INFO - evaluating now!
2026-05-14 17:39:55,249 - INFO - epoch complete!
2026-05-14 17:39:55,250 - INFO - evaluating now!
2026-05-14 17:39:55,252 - INFO - epoch complete!
2026-05-14 17:39:55,253 - INFO - evaluating now!
2026-05-14 17:40:01,686 - INFO - Epoch [44/50] train_loss: 0.6663, val_loss: 0.6403, lr: 0.000034, 135.36s
2026-05-14 17:40:01,686 - INFO - Epoch [44/50] train_loss: 0.6655, val_loss: 0.6403, lr: 0.000034, 135.36s
2026-05-14 17:40:01,686 - INFO - Epoch [44/50] train_loss: 0.6515, val_loss: 0.6403, lr: 0.000034, 135.36s
2026-05-14 17:40:01,686 - INFO - Epoch [44/50] train_loss: 0.6644, val_loss: 0.6403, lr: 0.000034, 135.36s
2026-05-14 17:42:10,418 - INFO - epoch complete!
2026-05-14 17:42:10,418 - INFO - epoch complete!
2026-05-14 17:42:10,418 - INFO - evaluating now!
2026-05-14 17:42:10,418 - INFO - evaluating now!
2026-05-14 17:42:10,420 - INFO - epoch complete!
2026-05-14 17:42:10,420 - INFO - evaluating now!
2026-05-14 17:42:10,429 - INFO - epoch complete!
2026-05-14 17:42:10,430 - INFO - evaluating now!
2026-05-14 17:42:14,283 - INFO - Epoch [45/50] train_loss: 0.6391, val_loss: 0.6073, lr: 0.000026, 132.60s
2026-05-14 17:42:14,284 - INFO - Epoch [45/50] train_loss: 0.6273, val_loss: 0.6073, lr: 0.000026, 132.60s
2026-05-14 17:42:14,285 - INFO - Epoch [45/50] train_loss: 0.6306, val_loss: 0.6073, lr: 0.000026, 132.60s
2026-05-14 17:42:14,285 - INFO - Epoch [45/50] train_loss: 0.6305, val_loss: 0.6073, lr: 0.000026, 132.60s
2026-05-14 17:43:44,294 - INFO - epoch complete!
2026-05-14 17:43:44,294 - INFO - evaluating now!
2026-05-14 17:43:44,294 - INFO - epoch complete!
2026-05-14 17:43:44,295 - INFO - evaluating now!
2026-05-14 17:43:44,299 - INFO - epoch complete!
2026-05-14 17:43:44,299 - INFO - evaluating now!
2026-05-14 17:43:44,308 - INFO - epoch complete!
2026-05-14 17:43:44,309 - INFO - evaluating now!
2026-05-14 17:43:50,758 - INFO - Epoch [46/50] train_loss: 0.6695, val_loss: 0.6724, lr: 0.000019, 96.44s
2026-05-14 17:43:50,758 - INFO - Epoch [46/50] train_loss: 0.6771, val_loss: 0.6724, lr: 0.000019, 96.44s
2026-05-14 17:43:50,758 - INFO - Epoch [46/50] train_loss: 0.6730, val_loss: 0.6724, lr: 0.000019, 96.43s
2026-05-14 17:43:50,760 - INFO - Epoch [46/50] train_loss: 0.6719, val_loss: 0.6724, lr: 0.000019, 96.44s
2026-05-14 17:45:20,454 - INFO - epoch complete!
2026-05-14 17:45:20,454 - INFO - epoch complete!
2026-05-14 17:45:20,455 - INFO - evaluating now!
2026-05-14 17:45:20,455 - INFO - evaluating now!
2026-05-14 17:45:20,458 - INFO - epoch complete!
2026-05-14 17:45:20,458 - INFO - evaluating now!
2026-05-14 17:45:20,466 - INFO - epoch complete!
2026-05-14 17:45:20,466 - INFO - evaluating now!
2026-05-14 17:45:26,587 - INFO - Epoch [47/50] train_loss: 0.6333, val_loss: 0.6623, lr: 0.000014, 95.83s
2026-05-14 17:45:26,587 - INFO - Epoch [47/50] train_loss: 0.6411, val_loss: 0.6623, lr: 0.000014, 95.83s
2026-05-14 17:45:26,587 - INFO - Epoch [47/50] train_loss: 0.6424, val_loss: 0.6623, lr: 0.000014, 95.83s
2026-05-14 17:45:26,588 - INFO - Epoch [47/50] train_loss: 0.6466, val_loss: 0.6623, lr: 0.000014, 95.83s
2026-05-14 17:46:13,147 - INFO - epoch complete!
2026-05-14 17:46:13,147 - INFO - evaluating now!
2026-05-14 17:46:13,147 - INFO - epoch complete!
2026-05-14 17:46:13,147 - INFO - epoch complete!
2026-05-14 17:46:13,148 - INFO - evaluating now!
2026-05-14 17:46:13,148 - INFO - evaluating now!
2026-05-14 17:46:13,148 - INFO - epoch complete!
2026-05-14 17:46:13,148 - INFO - evaluating now!
2026-05-14 17:46:19,559 - INFO - Epoch [48/50] train_loss: 0.6411, val_loss: 0.6111, lr: 0.000011, 52.97s
2026-05-14 17:46:19,559 - INFO - Epoch [48/50] train_loss: 0.6424, val_loss: 0.6111, lr: 0.000011, 52.97s
2026-05-14 17:46:19,563 - INFO - Epoch [48/50] train_loss: 0.6410, val_loss: 0.6111, lr: 0.000011, 52.97s
2026-05-14 17:46:19,563 - INFO - Epoch [48/50] train_loss: 0.6395, val_loss: 0.6111, lr: 0.000011, 52.97s
2026-05-14 17:47:30,399 - INFO - epoch complete!
2026-05-14 17:47:30,399 - INFO - epoch complete!
2026-05-14 17:47:30,399 - INFO - epoch complete!
2026-05-14 17:47:30,399 - INFO - evaluating now!
2026-05-14 17:47:30,399 - INFO - evaluating now!
2026-05-14 17:47:30,399 - INFO - evaluating now!
2026-05-14 17:47:30,399 - INFO - epoch complete!
2026-05-14 17:47:30,399 - INFO - evaluating now!
2026-05-14 17:47:33,049 - INFO - Epoch [49/50] train_loss: 0.6230, val_loss: 0.6473, lr: 0.000010, 73.49s
2026-05-14 17:47:33,050 - INFO - Trained totally 50 epochs, average train time is 108.976s, average eval time is 5.926s
2026-05-14 17:47:33,052 - INFO - Epoch [49/50] train_loss: 0.6193, val_loss: 0.6473, lr: 0.000010, 73.49s
2026-05-14 17:47:33,052 - INFO - Epoch [49/50] train_loss: 0.6175, val_loss: 0.6473, lr: 0.000010, 73.48s
2026-05-14 17:47:33,052 - INFO - Epoch [49/50] train_loss: 0.6193, val_loss: 0.6473, lr: 0.000010, 73.49s
2026-05-14 17:47:33,053 - INFO - Trained totally 50 epochs, average train time is 108.977s, average eval time is 5.929s
2026-05-14 17:47:33,053 - INFO - Trained totally 50 epochs, average train time is 108.976s, average eval time is 5.930s
2026-05-14 17:47:33,053 - INFO - Trained totally 50 epochs, average train time is 108.978s, average eval time is 5.927s
2026-05-14 17:47:33,588 - INFO - Loaded model at 41
2026-05-14 17:47:33,589 - INFO - Saved model at /home/lizhuoxuan/lzq/Bigscity-LibCity-master/outputs/20260514_161126__traffic_state_pred__new_diffusion_fuzzy_2__PEMSD4/model_cache/new_diffusion_fuzzy_2_PEMSD4.m
2026-05-14 17:47:33,676 - INFO - Loaded model at 41
2026-05-14 17:47:33,683 - INFO - Start evaluating ...
2026-05-14 17:47:33,750 - INFO - Loaded model at 41
2026-05-14 17:47:33,751 - INFO - Start evaluating ...
2026-05-14 17:47:33,818 - INFO - Loaded model at 41
2026-05-14 17:47:33,820 - INFO - Start evaluating ...
2026-05-14 17:47:33,849 - INFO - Start evaluating ...
2026-05-14 17:50:52,941 - INFO - Note that you select the single mode to evaluate!
2026-05-14 17:50:52,947 - INFO - Evaluate result is saved at /home/lizhuoxuan/lzq/Bigscity-LibCity-master/outputs/20260514_161126__traffic_state_pred__new_diffusion_fuzzy_2__PEMSD4/evaluate_cache/2026_05_14_17_50_52_new_diffusion_fuzzy_2_PEMSD4.csv
2026-05-14 17:50:52,959 - INFO - 
          MAE          MAPE           MSE  ...  masked_RMSE        R2      EVAR
1   41.209267  16870.462891  10145.142578  ...   101.068985  0.390565  0.460365
2   44.684395  19101.335938  11273.215820  ...   106.536011  0.322808  0.404419
3   47.045284  21280.552734  11994.330078  ...   109.881798  0.279501  0.368878
4   48.993942  22671.328125  12648.107422  ...   112.831642  0.240239  0.336145
5   50.539841  25470.277344  13174.932617  ...   115.140823  0.208603  0.309695
6   51.755196  26514.369141  13626.057617  ...   117.090889  0.181511  0.287273
7   52.875462  27616.849609  14045.812500  ...   118.882538  0.156300  0.266455
8   53.830841  27749.861328  14422.405273  ...   120.470810  0.133681  0.248092
9   54.675167  28941.494141  14784.018555  ...   121.959976  0.111965  0.229958
10  55.480946  30360.679688  15101.025391  ...   123.252190  0.092928  0.214135
11  56.242462  30919.021484  15405.258789  ...   124.482864  0.074656  0.198295
12  57.206978  32497.015625  15788.252930  ...   126.006187  0.051657  0.177701

[12 rows x 10 columns]
