2026-05-22 11:00:25,104 - INFO - Log directory: /home/lizhuoxuan/lzq/Bigscity-LibCity-master/outputs/20260522_110025__traffic_state_pred__new_fuzzy_2__PEMS_BAY/logs
2026-05-22 11:00:25,123 - INFO - Log directory: /home/lizhuoxuan/lzq/Bigscity-LibCity-master/outputs/20260522_110025__traffic_state_pred__new_fuzzy_2__PEMS_BAY/logs
2026-05-22 11:00:25,123 - INFO - Begin artifact training pipeline, task=traffic_state_pred, model_name=new_fuzzy_2, dataset_name=PEMS_BAY, exp_id=20260522_110025__traffic_state_pred__new_fuzzy_2__PEMS_BAY
2026-05-22 11:00:25,123 - INFO - {'task': 'traffic_state_pred', 'model': 'new_fuzzy_2', 'dataset': 'PEMS_BAY', 'saved_model': True, 'train': True, 'seed': 42, 'train_rate': 0.6, 'eval_rate': 0.2, 'batch_size': 64, 'learning_rate': 0.0005, 'max_epoch': 100, 'dataset_class': 'TrafficStatePointDataset', 'executor': 'TrafficStateExecutor', 'evaluator': 'TrafficStateEvaluator', 'calculate_weight_adj': True, 'conservation_loss_weight': 0.1, 'conservation_steps_per_epoch': 80, 'conservation_warmup_epochs': 5, 'data_col': ['traffic_speed'], 'data_files': ['PEMS_BAY'], 'decoder_layers': 2, 'device': device(type='cuda', index=0), 'disturb_rate': 0.5, 'dropout': 0.1, 'dyna': {'including_types': ['state'], 'state': {'entity_id': 'geo_id', 'traffic_speed': 'num'}}, 'encoder_layers': 2, 'eval_batch_size': 64, 'evaluator_mode': 'single', 'ffn_hidden_dim': 128, 'fuzzy_num_sets': 3, 'geo': {'including_types': ['Point'], 'Point': {}}, 'geo_file': 'PEMS_BAY', 'graph_k_hop': 2, 'hidden_dim': 64, 'init_weight_inf_or_zero': 'inf', 'is_distributed': True, 'metrics': ['MAE', 'MAPE', 'MSE', 'RMSE', 'masked_MAE', 'masked_MAPE', 'masked_MSE', 'masked_RMSE', 'R2', 'EVAR'], 'noise_SD': [10], 'noise_mean': [5], 'noise_type': 'gaussian', 'num_heads': 2, 'num_workers': 0, 'output_dim': 1, 'pad_with_last_sample': True, 'physics_channel_idx': 0, 'rank': 0, 'rel': {'including_types': ['geo'], 'geo': {'cost': 'num'}}, 'rel_file': 'PEMS_BAY', 'robustness_test': False, 'save_mode': ['csv'], 'scale_lr': False, 'set_weight_link_or_dist': 'dist', 'time_intervals': 300, 'use_amp': True, 'use_fuzzy_conservation': True, 'use_fuzzy_graph': True, 'use_gradient_checkpointing': False, 'use_spatiotemporal_attention': True, 'use_temporal_position_embedding': True, 'weight_adj_epsilon': 0.1, 'weight_col': 'cost', 'world_size': 4, 'clip_grad_norm': True, 'epoch': 0, 'gpu': True, 'gpu_id': 0, 'learner': 'adamw', 'load_best_epoch': True, 'log_every': 1, 'lr_decay': True, 'lr_decay_ratio': 0.5, 'lr_patience': 5, 'lr_scheduler': 'reducelronplateau', 'lr_threshold': 0.001, 'max_grad_norm': 3, 'patience': 30, 'train_loss': 'none', 'use_early_stop': True, 'weight_decay': 0.0001, 'data_version_id': 'dv_1779366493_4e5fe198', 'input_window': 12, 'output_window': 12, 'scaler': 'standard', 'load_external': False, 'normal_external': False, 'add_time_in_day': True, 'add_day_in_week': True, 'cache_dataset': True, 'ext_scaler': 'none', 'local_rank': 0, 'dist_backend': 'nccl', 'exp_id': '20260522_110025__traffic_state_pred__new_fuzzy_2__PEMS_BAY'}
2026-05-22 11:00:25,188 - INFO - Log directory: /home/lizhuoxuan/lzq/Bigscity-LibCity-master/outputs/20260522_110025__traffic_state_pred__new_fuzzy_2__PEMS_BAY/logs
2026-05-22 11:00:25,258 - INFO - Log directory: /home/lizhuoxuan/lzq/Bigscity-LibCity-master/outputs/20260522_110025__traffic_state_pred__new_fuzzy_2__PEMS_BAY/logs
2026-05-22 11:01:06,992 - INFO - DistributedDataParallel(
  (module): NewFuzzy2(
    (fuzzy_graph): FuzzyRelationalGraphLearner(
      (raw_projection): Linear(in_features=9, out_features=64, bias=True)
      (feature_to_membership): Sequential(
        (0): Linear(in_features=64, out_features=32, bias=True)
        (1): GELU(approximate='none')
        (2): Linear(in_features=32, out_features=3, bias=True)
      )
    )
    (condition_encoder): STEncoder(
      (input_projection): Linear(in_features=9, out_features=64, bias=True)
      (blocks): ModuleList(
        (0-1): 2 x STEncoderBlock(
          (temporal_attention): MultiHeadAttention(
            (query_projection): Linear(in_features=64, out_features=64, bias=True)
            (key_projection): Linear(in_features=64, out_features=64, bias=True)
            (value_projection): Linear(in_features=64, out_features=64, bias=True)
            (output_projection): Linear(in_features=64, out_features=64, bias=True)
            (dropout): Dropout(p=0.1, inplace=False)
          )
          (graph_convolution): FuzzyGraphConvolution(
            (projections): ModuleList(
              (0-2): 3 x Linear(in_features=64, out_features=64, bias=True)
            )
          )
          (feed_forward): FeedForwardNetwork(
            (network): Sequential(
              (0): Linear(in_features=64, out_features=128, bias=True)
              (1): GELU(approximate='none')
              (2): Dropout(p=0.1, inplace=False)
              (3): Linear(in_features=128, out_features=64, bias=True)
              (4): Dropout(p=0.1, inplace=False)
            )
          )
          (norm_temporal): LayerNorm((64,), eps=1e-05, elementwise_affine=True)
          (norm_graph): LayerNorm((64,), eps=1e-05, elementwise_affine=True)
          (norm_ffn): LayerNorm((64,), eps=1e-05, elementwise_affine=True)
          (dropout): Dropout(p=0.1, inplace=False)
        )
      )
      (final_norm): LayerNorm((64,), eps=1e-05, elementwise_affine=True)
    )
    (future_decoder): FutureDecoder(
      (blocks): ModuleList(
        (0-1): 2 x DecoderBlock(
          (temporal_attention): MultiHeadAttention(
            (query_projection): Linear(in_features=64, out_features=64, bias=True)
            (key_projection): Linear(in_features=64, out_features=64, bias=True)
            (value_projection): Linear(in_features=64, out_features=64, bias=True)
            (output_projection): Linear(in_features=64, out_features=64, bias=True)
            (dropout): Dropout(p=0.1, inplace=False)
          )
          (graph_convolution): FuzzyGraphConvolution(
            (projections): ModuleList(
              (0-2): 3 x Linear(in_features=64, out_features=64, bias=True)
            )
          )
          (cross_attention): MultiHeadAttention(
            (query_projection): Linear(in_features=64, out_features=64, bias=True)
            (key_projection): Linear(in_features=64, out_features=64, bias=True)
            (value_projection): Linear(in_features=64, out_features=64, bias=True)
            (output_projection): Linear(in_features=64, out_features=64, bias=True)
            (dropout): Dropout(p=0.1, inplace=False)
          )
          (spatiotemporal_attention): MultiHeadAttention(
            (query_projection): Linear(in_features=64, out_features=64, bias=True)
            (key_projection): Linear(in_features=64, out_features=64, bias=True)
            (value_projection): Linear(in_features=64, out_features=64, bias=True)
            (output_projection): Linear(in_features=64, out_features=64, bias=True)
            (dropout): Dropout(p=0.1, inplace=False)
          )
          (feed_forward): FeedForwardNetwork(
            (network): Sequential(
              (0): Linear(in_features=64, out_features=128, bias=True)
              (1): GELU(approximate='none')
              (2): Dropout(p=0.1, inplace=False)
              (3): Linear(in_features=128, out_features=64, bias=True)
              (4): Dropout(p=0.1, inplace=False)
            )
          )
          (norm_temporal): LayerNorm((64,), eps=1e-05, elementwise_affine=True)
          (norm_graph): LayerNorm((64,), eps=1e-05, elementwise_affine=True)
          (norm_cross): LayerNorm((64,), eps=1e-05, elementwise_affine=True)
          (norm_spatiotemporal): LayerNorm((64,), eps=1e-05, elementwise_affine=True)
          (norm_ffn): LayerNorm((64,), eps=1e-05, elementwise_affine=True)
          (dropout): Dropout(p=0.1, inplace=False)
        )
      )
      (final_norm): LayerNorm((64,), eps=1e-05, elementwise_affine=True)
      (output_projection): Linear(in_features=64, out_features=1, bias=True)
    )
  )
)
2026-05-22 11:01:06,993 - INFO - module.fuzzy_graph.base_memberships	torch.Size([325, 3])	cuda:0	True
2026-05-22 11:01:06,993 - INFO - module.fuzzy_graph.fuzzy_prototypes	torch.Size([3, 64])	cuda:0	True
2026-05-22 11:01:06,993 - INFO - module.fuzzy_graph.blend_logit	torch.Size([])	cuda:0	True
2026-05-22 11:01:06,993 - INFO - module.fuzzy_graph.raw_projection.weight	torch.Size([64, 9])	cuda:0	True
2026-05-22 11:01:06,993 - INFO - module.fuzzy_graph.raw_projection.bias	torch.Size([64])	cuda:0	True
2026-05-22 11:01:06,993 - INFO - module.fuzzy_graph.feature_to_membership.0.weight	torch.Size([32, 64])	cuda:0	True
2026-05-22 11:01:06,993 - INFO - module.fuzzy_graph.feature_to_membership.0.bias	torch.Size([32])	cuda:0	True
2026-05-22 11:01:06,993 - INFO - module.fuzzy_graph.feature_to_membership.2.weight	torch.Size([3, 32])	cuda:0	True
2026-05-22 11:01:06,993 - INFO - module.fuzzy_graph.feature_to_membership.2.bias	torch.Size([3])	cuda:0	True
2026-05-22 11:01:06,993 - INFO - module.condition_encoder.temporal_position_embedding	torch.Size([1, 12, 1, 64])	cuda:0	True
2026-05-22 11:01:06,993 - INFO - module.condition_encoder.input_projection.weight	torch.Size([64, 9])	cuda:0	True
2026-05-22 11:01:06,993 - INFO - module.condition_encoder.input_projection.bias	torch.Size([64])	cuda:0	True
2026-05-22 11:01:06,993 - INFO - module.condition_encoder.blocks.0.temporal_attention.query_projection.weight	torch.Size([64, 64])	cuda:0	True
2026-05-22 11:01:06,993 - INFO - module.condition_encoder.blocks.0.temporal_attention.query_projection.bias	torch.Size([64])	cuda:0	True
2026-05-22 11:01:06,993 - INFO - module.condition_encoder.blocks.0.temporal_attention.key_projection.weight	torch.Size([64, 64])	cuda:0	True
2026-05-22 11:01:06,993 - INFO - module.condition_encoder.blocks.0.temporal_attention.key_projection.bias	torch.Size([64])	cuda:0	True
2026-05-22 11:01:06,993 - INFO - module.condition_encoder.blocks.0.temporal_attention.value_projection.weight	torch.Size([64, 64])	cuda:0	True
2026-05-22 11:01:06,993 - INFO - module.condition_encoder.blocks.0.temporal_attention.value_projection.bias	torch.Size([64])	cuda:0	True
2026-05-22 11:01:06,993 - INFO - module.condition_encoder.blocks.0.temporal_attention.output_projection.weight	torch.Size([64, 64])	cuda:0	True
2026-05-22 11:01:06,993 - INFO - module.condition_encoder.blocks.0.temporal_attention.output_projection.bias	torch.Size([64])	cuda:0	True
2026-05-22 11:01:06,993 - INFO - module.condition_encoder.blocks.0.graph_convolution.projections.0.weight	torch.Size([64, 64])	cuda:0	True
2026-05-22 11:01:06,994 - INFO - module.condition_encoder.blocks.0.graph_convolution.projections.0.bias	torch.Size([64])	cuda:0	True
2026-05-22 11:01:06,994 - INFO - module.condition_encoder.blocks.0.graph_convolution.projections.1.weight	torch.Size([64, 64])	cuda:0	True
2026-05-22 11:01:06,994 - INFO - module.condition_encoder.blocks.0.graph_convolution.projections.1.bias	torch.Size([64])	cuda:0	True
2026-05-22 11:01:06,994 - INFO - module.condition_encoder.blocks.0.graph_convolution.projections.2.weight	torch.Size([64, 64])	cuda:0	True
2026-05-22 11:01:06,994 - INFO - module.condition_encoder.blocks.0.graph_convolution.projections.2.bias	torch.Size([64])	cuda:0	True
2026-05-22 11:01:06,994 - INFO - module.condition_encoder.blocks.0.feed_forward.network.0.weight	torch.Size([128, 64])	cuda:0	True
2026-05-22 11:01:06,994 - INFO - module.condition_encoder.blocks.0.feed_forward.network.0.bias	torch.Size([128])	cuda:0	True
2026-05-22 11:01:06,994 - INFO - module.condition_encoder.blocks.0.feed_forward.network.3.weight	torch.Size([64, 128])	cuda:0	True
2026-05-22 11:01:06,994 - INFO - module.condition_encoder.blocks.0.feed_forward.network.3.bias	torch.Size([64])	cuda:0	True
2026-05-22 11:01:06,994 - INFO - module.condition_encoder.blocks.0.norm_temporal.weight	torch.Size([64])	cuda:0	True
2026-05-22 11:01:06,994 - INFO - module.condition_encoder.blocks.0.norm_temporal.bias	torch.Size([64])	cuda:0	True
2026-05-22 11:01:06,994 - INFO - module.condition_encoder.blocks.0.norm_graph.weight	torch.Size([64])	cuda:0	True
2026-05-22 11:01:06,994 - INFO - module.condition_encoder.blocks.0.norm_graph.bias	torch.Size([64])	cuda:0	True
2026-05-22 11:01:06,994 - INFO - module.condition_encoder.blocks.0.norm_ffn.weight	torch.Size([64])	cuda:0	True
2026-05-22 11:01:06,994 - INFO - module.condition_encoder.blocks.0.norm_ffn.bias	torch.Size([64])	cuda:0	True
2026-05-22 11:01:06,994 - INFO - module.condition_encoder.blocks.1.temporal_attention.query_projection.weight	torch.Size([64, 64])	cuda:0	True
2026-05-22 11:01:06,994 - INFO - module.condition_encoder.blocks.1.temporal_attention.query_projection.bias	torch.Size([64])	cuda:0	True
2026-05-22 11:01:06,994 - INFO - module.condition_encoder.blocks.1.temporal_attention.key_projection.weight	torch.Size([64, 64])	cuda:0	True
2026-05-22 11:01:06,994 - INFO - module.condition_encoder.blocks.1.temporal_attention.key_projection.bias	torch.Size([64])	cuda:0	True
2026-05-22 11:01:06,994 - INFO - module.condition_encoder.blocks.1.temporal_attention.value_projection.weight	torch.Size([64, 64])	cuda:0	True
2026-05-22 11:01:06,994 - INFO - module.condition_encoder.blocks.1.temporal_attention.value_projection.bias	torch.Size([64])	cuda:0	True
2026-05-22 11:01:06,994 - INFO - module.condition_encoder.blocks.1.temporal_attention.output_projection.weight	torch.Size([64, 64])	cuda:0	True
2026-05-22 11:01:06,994 - INFO - module.condition_encoder.blocks.1.temporal_attention.output_projection.bias	torch.Size([64])	cuda:0	True
2026-05-22 11:01:06,994 - INFO - module.condition_encoder.blocks.1.graph_convolution.projections.0.weight	torch.Size([64, 64])	cuda:0	True
2026-05-22 11:01:06,994 - INFO - module.condition_encoder.blocks.1.graph_convolution.projections.0.bias	torch.Size([64])	cuda:0	True
2026-05-22 11:01:06,994 - INFO - module.condition_encoder.blocks.1.graph_convolution.projections.1.weight	torch.Size([64, 64])	cuda:0	True
2026-05-22 11:01:06,994 - INFO - module.condition_encoder.blocks.1.graph_convolution.projections.1.bias	torch.Size([64])	cuda:0	True
2026-05-22 11:01:06,994 - INFO - module.condition_encoder.blocks.1.graph_convolution.projections.2.weight	torch.Size([64, 64])	cuda:0	True
2026-05-22 11:01:06,994 - INFO - module.condition_encoder.blocks.1.graph_convolution.projections.2.bias	torch.Size([64])	cuda:0	True
2026-05-22 11:01:06,994 - INFO - module.condition_encoder.blocks.1.feed_forward.network.0.weight	torch.Size([128, 64])	cuda:0	True
2026-05-22 11:01:06,994 - INFO - module.condition_encoder.blocks.1.feed_forward.network.0.bias	torch.Size([128])	cuda:0	True
2026-05-22 11:01:06,994 - INFO - module.condition_encoder.blocks.1.feed_forward.network.3.weight	torch.Size([64, 128])	cuda:0	True
2026-05-22 11:01:06,994 - INFO - module.condition_encoder.blocks.1.feed_forward.network.3.bias	torch.Size([64])	cuda:0	True
2026-05-22 11:01:06,994 - INFO - module.condition_encoder.blocks.1.norm_temporal.weight	torch.Size([64])	cuda:0	True
2026-05-22 11:01:06,994 - INFO - module.condition_encoder.blocks.1.norm_temporal.bias	torch.Size([64])	cuda:0	True
2026-05-22 11:01:06,994 - INFO - module.condition_encoder.blocks.1.norm_graph.weight	torch.Size([64])	cuda:0	True
2026-05-22 11:01:06,994 - INFO - module.condition_encoder.blocks.1.norm_graph.bias	torch.Size([64])	cuda:0	True
2026-05-22 11:01:06,994 - INFO - module.condition_encoder.blocks.1.norm_ffn.weight	torch.Size([64])	cuda:0	True
2026-05-22 11:01:06,994 - INFO - module.condition_encoder.blocks.1.norm_ffn.bias	torch.Size([64])	cuda:0	True
2026-05-22 11:01:06,994 - INFO - module.condition_encoder.final_norm.weight	torch.Size([64])	cuda:0	True
2026-05-22 11:01:06,995 - INFO - module.condition_encoder.final_norm.bias	torch.Size([64])	cuda:0	True
2026-05-22 11:01:06,995 - INFO - module.future_decoder.future_queries	torch.Size([1, 12, 325, 64])	cuda:0	True
2026-05-22 11:01:06,995 - INFO - module.future_decoder.blocks.0.temporal_attention.query_projection.weight	torch.Size([64, 64])	cuda:0	True
2026-05-22 11:01:06,995 - INFO - module.future_decoder.blocks.0.temporal_attention.query_projection.bias	torch.Size([64])	cuda:0	True
2026-05-22 11:01:06,995 - INFO - module.future_decoder.blocks.0.temporal_attention.key_projection.weight	torch.Size([64, 64])	cuda:0	True
2026-05-22 11:01:06,995 - INFO - module.future_decoder.blocks.0.temporal_attention.key_projection.bias	torch.Size([64])	cuda:0	True
2026-05-22 11:01:06,995 - INFO - module.future_decoder.blocks.0.temporal_attention.value_projection.weight	torch.Size([64, 64])	cuda:0	True
2026-05-22 11:01:06,995 - INFO - module.future_decoder.blocks.0.temporal_attention.value_projection.bias	torch.Size([64])	cuda:0	True
2026-05-22 11:01:06,995 - INFO - module.future_decoder.blocks.0.temporal_attention.output_projection.weight	torch.Size([64, 64])	cuda:0	True
2026-05-22 11:01:06,995 - INFO - module.future_decoder.blocks.0.temporal_attention.output_projection.bias	torch.Size([64])	cuda:0	True
2026-05-22 11:01:06,995 - INFO - module.future_decoder.blocks.0.graph_convolution.projections.0.weight	torch.Size([64, 64])	cuda:0	True
2026-05-22 11:01:06,995 - INFO - module.future_decoder.blocks.0.graph_convolution.projections.0.bias	torch.Size([64])	cuda:0	True
2026-05-22 11:01:06,995 - INFO - module.future_decoder.blocks.0.graph_convolution.projections.1.weight	torch.Size([64, 64])	cuda:0	True
2026-05-22 11:01:06,995 - INFO - module.future_decoder.blocks.0.graph_convolution.projections.1.bias	torch.Size([64])	cuda:0	True
2026-05-22 11:01:06,995 - INFO - module.future_decoder.blocks.0.graph_convolution.projections.2.weight	torch.Size([64, 64])	cuda:0	True
2026-05-22 11:01:06,995 - INFO - module.future_decoder.blocks.0.graph_convolution.projections.2.bias	torch.Size([64])	cuda:0	True
2026-05-22 11:01:06,995 - INFO - module.future_decoder.blocks.0.cross_attention.query_projection.weight	torch.Size([64, 64])	cuda:0	True
2026-05-22 11:01:06,995 - INFO - module.future_decoder.blocks.0.cross_attention.query_projection.bias	torch.Size([64])	cuda:0	True
2026-05-22 11:01:06,995 - INFO - module.future_decoder.blocks.0.cross_attention.key_projection.weight	torch.Size([64, 64])	cuda:0	True
2026-05-22 11:01:06,995 - INFO - module.future_decoder.blocks.0.cross_attention.key_projection.bias	torch.Size([64])	cuda:0	True
2026-05-22 11:01:06,995 - INFO - module.future_decoder.blocks.0.cross_attention.value_projection.weight	torch.Size([64, 64])	cuda:0	True
2026-05-22 11:01:06,995 - INFO - module.future_decoder.blocks.0.cross_attention.value_projection.bias	torch.Size([64])	cuda:0	True
2026-05-22 11:01:06,995 - INFO - module.future_decoder.blocks.0.cross_attention.output_projection.weight	torch.Size([64, 64])	cuda:0	True
2026-05-22 11:01:06,995 - INFO - module.future_decoder.blocks.0.cross_attention.output_projection.bias	torch.Size([64])	cuda:0	True
2026-05-22 11:01:06,995 - INFO - module.future_decoder.blocks.0.spatiotemporal_attention.query_projection.weight	torch.Size([64, 64])	cuda:0	True
2026-05-22 11:01:06,995 - INFO - module.future_decoder.blocks.0.spatiotemporal_attention.query_projection.bias	torch.Size([64])	cuda:0	True
2026-05-22 11:01:06,995 - INFO - module.future_decoder.blocks.0.spatiotemporal_attention.key_projection.weight	torch.Size([64, 64])	cuda:0	True
2026-05-22 11:01:06,995 - INFO - module.future_decoder.blocks.0.spatiotemporal_attention.key_projection.bias	torch.Size([64])	cuda:0	True
2026-05-22 11:01:06,995 - INFO - module.future_decoder.blocks.0.spatiotemporal_attention.value_projection.weight	torch.Size([64, 64])	cuda:0	True
2026-05-22 11:01:06,995 - INFO - module.future_decoder.blocks.0.spatiotemporal_attention.value_projection.bias	torch.Size([64])	cuda:0	True
2026-05-22 11:01:06,995 - INFO - module.future_decoder.blocks.0.spatiotemporal_attention.output_projection.weight	torch.Size([64, 64])	cuda:0	True
2026-05-22 11:01:06,995 - INFO - module.future_decoder.blocks.0.spatiotemporal_attention.output_projection.bias	torch.Size([64])	cuda:0	True
2026-05-22 11:01:06,995 - INFO - module.future_decoder.blocks.0.feed_forward.network.0.weight	torch.Size([128, 64])	cuda:0	True
2026-05-22 11:01:06,995 - INFO - module.future_decoder.blocks.0.feed_forward.network.0.bias	torch.Size([128])	cuda:0	True
2026-05-22 11:01:06,995 - INFO - module.future_decoder.blocks.0.feed_forward.network.3.weight	torch.Size([64, 128])	cuda:0	True
2026-05-22 11:01:06,995 - INFO - module.future_decoder.blocks.0.feed_forward.network.3.bias	torch.Size([64])	cuda:0	True
2026-05-22 11:01:06,995 - INFO - module.future_decoder.blocks.0.norm_temporal.weight	torch.Size([64])	cuda:0	True
2026-05-22 11:01:06,995 - INFO - module.future_decoder.blocks.0.norm_temporal.bias	torch.Size([64])	cuda:0	True
2026-05-22 11:01:06,995 - INFO - module.future_decoder.blocks.0.norm_graph.weight	torch.Size([64])	cuda:0	True
2026-05-22 11:01:06,995 - INFO - module.future_decoder.blocks.0.norm_graph.bias	torch.Size([64])	cuda:0	True
2026-05-22 11:01:06,996 - INFO - module.future_decoder.blocks.0.norm_cross.weight	torch.Size([64])	cuda:0	True
2026-05-22 11:01:06,996 - INFO - module.future_decoder.blocks.0.norm_cross.bias	torch.Size([64])	cuda:0	True
2026-05-22 11:01:06,996 - INFO - module.future_decoder.blocks.0.norm_spatiotemporal.weight	torch.Size([64])	cuda:0	True
2026-05-22 11:01:06,996 - INFO - module.future_decoder.blocks.0.norm_spatiotemporal.bias	torch.Size([64])	cuda:0	True
2026-05-22 11:01:06,996 - INFO - module.future_decoder.blocks.0.norm_ffn.weight	torch.Size([64])	cuda:0	True
2026-05-22 11:01:06,996 - INFO - module.future_decoder.blocks.0.norm_ffn.bias	torch.Size([64])	cuda:0	True
2026-05-22 11:01:06,996 - INFO - module.future_decoder.blocks.1.temporal_attention.query_projection.weight	torch.Size([64, 64])	cuda:0	True
2026-05-22 11:01:06,996 - INFO - module.future_decoder.blocks.1.temporal_attention.query_projection.bias	torch.Size([64])	cuda:0	True
2026-05-22 11:01:06,996 - INFO - module.future_decoder.blocks.1.temporal_attention.key_projection.weight	torch.Size([64, 64])	cuda:0	True
2026-05-22 11:01:06,996 - INFO - module.future_decoder.blocks.1.temporal_attention.key_projection.bias	torch.Size([64])	cuda:0	True
2026-05-22 11:01:06,996 - INFO - module.future_decoder.blocks.1.temporal_attention.value_projection.weight	torch.Size([64, 64])	cuda:0	True
2026-05-22 11:01:06,996 - INFO - module.future_decoder.blocks.1.temporal_attention.value_projection.bias	torch.Size([64])	cuda:0	True
2026-05-22 11:01:06,996 - INFO - module.future_decoder.blocks.1.temporal_attention.output_projection.weight	torch.Size([64, 64])	cuda:0	True
2026-05-22 11:01:06,996 - INFO - module.future_decoder.blocks.1.temporal_attention.output_projection.bias	torch.Size([64])	cuda:0	True
2026-05-22 11:01:06,996 - INFO - module.future_decoder.blocks.1.graph_convolution.projections.0.weight	torch.Size([64, 64])	cuda:0	True
2026-05-22 11:01:06,996 - INFO - module.future_decoder.blocks.1.graph_convolution.projections.0.bias	torch.Size([64])	cuda:0	True
2026-05-22 11:01:06,996 - INFO - module.future_decoder.blocks.1.graph_convolution.projections.1.weight	torch.Size([64, 64])	cuda:0	True
2026-05-22 11:01:06,996 - INFO - module.future_decoder.blocks.1.graph_convolution.projections.1.bias	torch.Size([64])	cuda:0	True
2026-05-22 11:01:06,996 - INFO - module.future_decoder.blocks.1.graph_convolution.projections.2.weight	torch.Size([64, 64])	cuda:0	True
2026-05-22 11:01:06,996 - INFO - module.future_decoder.blocks.1.graph_convolution.projections.2.bias	torch.Size([64])	cuda:0	True
2026-05-22 11:01:06,996 - INFO - module.future_decoder.blocks.1.cross_attention.query_projection.weight	torch.Size([64, 64])	cuda:0	True
2026-05-22 11:01:06,996 - INFO - module.future_decoder.blocks.1.cross_attention.query_projection.bias	torch.Size([64])	cuda:0	True
2026-05-22 11:01:06,996 - INFO - module.future_decoder.blocks.1.cross_attention.key_projection.weight	torch.Size([64, 64])	cuda:0	True
2026-05-22 11:01:06,996 - INFO - module.future_decoder.blocks.1.cross_attention.key_projection.bias	torch.Size([64])	cuda:0	True
2026-05-22 11:01:06,996 - INFO - module.future_decoder.blocks.1.cross_attention.value_projection.weight	torch.Size([64, 64])	cuda:0	True
2026-05-22 11:01:06,996 - INFO - module.future_decoder.blocks.1.cross_attention.value_projection.bias	torch.Size([64])	cuda:0	True
2026-05-22 11:01:06,996 - INFO - module.future_decoder.blocks.1.cross_attention.output_projection.weight	torch.Size([64, 64])	cuda:0	True
2026-05-22 11:01:06,996 - INFO - module.future_decoder.blocks.1.cross_attention.output_projection.bias	torch.Size([64])	cuda:0	True
2026-05-22 11:01:06,996 - INFO - module.future_decoder.blocks.1.spatiotemporal_attention.query_projection.weight	torch.Size([64, 64])	cuda:0	True
2026-05-22 11:01:06,996 - INFO - module.future_decoder.blocks.1.spatiotemporal_attention.query_projection.bias	torch.Size([64])	cuda:0	True
2026-05-22 11:01:06,996 - INFO - module.future_decoder.blocks.1.spatiotemporal_attention.key_projection.weight	torch.Size([64, 64])	cuda:0	True
2026-05-22 11:01:06,996 - INFO - module.future_decoder.blocks.1.spatiotemporal_attention.key_projection.bias	torch.Size([64])	cuda:0	True
2026-05-22 11:01:06,996 - INFO - Enable AMP training (dtype=float16).
2026-05-22 11:01:06,996 - INFO - module.future_decoder.blocks.1.spatiotemporal_attention.value_projection.weight	torch.Size([64, 64])	cuda:0	True
2026-05-22 11:01:06,996 - INFO - module.future_decoder.blocks.1.spatiotemporal_attention.value_projection.bias	torch.Size([64])	cuda:0	True
2026-05-22 11:01:06,996 - INFO - module.future_decoder.blocks.1.spatiotemporal_attention.output_projection.weight	torch.Size([64, 64])	cuda:0	True
2026-05-22 11:01:06,996 - INFO - You select `adamw` optimizer.
2026-05-22 11:01:06,996 - INFO - module.future_decoder.blocks.1.spatiotemporal_attention.output_projection.bias	torch.Size([64])	cuda:0	True
2026-05-22 11:01:06,996 - INFO - module.future_decoder.blocks.1.feed_forward.network.0.weight	torch.Size([128, 64])	cuda:0	True
2026-05-22 11:01:06,996 - INFO - module.future_decoder.blocks.1.feed_forward.network.0.bias	torch.Size([128])	cuda:0	True
2026-05-22 11:01:06,996 - INFO - module.future_decoder.blocks.1.feed_forward.network.3.weight	torch.Size([64, 128])	cuda:0	True
2026-05-22 11:01:06,996 - INFO - module.future_decoder.blocks.1.feed_forward.network.3.bias	torch.Size([64])	cuda:0	True
2026-05-22 11:01:06,997 - INFO - module.future_decoder.blocks.1.norm_temporal.weight	torch.Size([64])	cuda:0	True
2026-05-22 11:01:06,997 - INFO - module.future_decoder.blocks.1.norm_temporal.bias	torch.Size([64])	cuda:0	True
2026-05-22 11:01:06,997 - INFO - module.future_decoder.blocks.1.norm_graph.weight	torch.Size([64])	cuda:0	True
2026-05-22 11:01:06,997 - INFO - module.future_decoder.blocks.1.norm_graph.bias	torch.Size([64])	cuda:0	True
2026-05-22 11:01:06,997 - INFO - module.future_decoder.blocks.1.norm_cross.weight	torch.Size([64])	cuda:0	True
2026-05-22 11:01:06,997 - INFO - module.future_decoder.blocks.1.norm_cross.bias	torch.Size([64])	cuda:0	True
2026-05-22 11:01:06,997 - INFO - module.future_decoder.blocks.1.norm_spatiotemporal.weight	torch.Size([64])	cuda:0	True
2026-05-22 11:01:06,997 - INFO - module.future_decoder.blocks.1.norm_spatiotemporal.bias	torch.Size([64])	cuda:0	True
2026-05-22 11:01:06,997 - INFO - module.future_decoder.blocks.1.norm_ffn.weight	torch.Size([64])	cuda:0	True
2026-05-22 11:01:06,997 - INFO - module.future_decoder.blocks.1.norm_ffn.bias	torch.Size([64])	cuda:0	True
2026-05-22 11:01:06,997 - INFO - module.future_decoder.final_norm.weight	torch.Size([64])	cuda:0	True
2026-05-22 11:01:06,997 - INFO - module.future_decoder.final_norm.bias	torch.Size([64])	cuda:0	True
2026-05-22 11:01:06,997 - INFO - module.future_decoder.output_projection.weight	torch.Size([1, 64])	cuda:0	True
2026-05-22 11:01:06,997 - INFO - module.future_decoder.output_projection.bias	torch.Size([1])	cuda:0	True
2026-05-22 11:01:06,997 - INFO - Enable AMP training (dtype=float16).
2026-05-22 11:01:06,997 - INFO - You select `reducelronplateau` lr_scheduler.
2026-05-22 11:01:06,997 - INFO - Total parameter numbers: 506708
2026-05-22 11:01:06,997 - INFO - You select `adamw` optimizer.
2026-05-22 11:01:06,997 - INFO - Enable AMP training (dtype=float16).
2026-05-22 11:01:06,997 - WARNING - Received none train loss func and will use the loss func defined in the model.
2026-05-22 11:01:06,997 - INFO - You select `adamw` optimizer.
2026-05-22 11:01:06,997 - INFO - Start training ...
2026-05-22 11:01:06,997 - INFO - Enable AMP training (dtype=float16).
2026-05-22 11:01:06,997 - INFO - You select `adamw` optimizer.
2026-05-22 11:01:06,997 - INFO - num_batches:123
2026-05-22 11:01:06,998 - INFO - You select `reducelronplateau` lr_scheduler.
2026-05-22 11:01:06,998 - WARNING - Received none train loss func and will use the loss func defined in the model.
2026-05-22 11:01:06,998 - INFO - You select `reducelronplateau` lr_scheduler.
2026-05-22 11:01:06,998 - INFO - Start training ...
2026-05-22 11:01:06,998 - INFO - You select `reducelronplateau` lr_scheduler.
2026-05-22 11:01:06,998 - WARNING - Received none train loss func and will use the loss func defined in the model.
2026-05-22 11:01:06,998 - INFO - num_batches:123
2026-05-22 11:01:06,998 - WARNING - Received none train loss func and will use the loss func defined in the model.
2026-05-22 11:01:06,998 - INFO - Start training ...
2026-05-22 11:01:06,998 - INFO - num_batches:123
2026-05-22 11:01:06,998 - INFO - Start training ...
2026-05-22 11:01:06,998 - INFO - num_batches:123
2026-05-22 11:01:25,179 - INFO - epoch complete!
2026-05-22 11:01:25,179 - INFO - evaluating now!
2026-05-22 11:01:25,242 - INFO - epoch complete!
2026-05-22 11:01:25,242 - INFO - evaluating now!
2026-05-22 11:01:25,645 - INFO - epoch complete!
2026-05-22 11:01:25,645 - INFO - evaluating now!
2026-05-22 11:01:25,703 - INFO - epoch complete!
2026-05-22 11:01:25,703 - INFO - evaluating now!
2026-05-22 11:01:26,972 - INFO - Epoch [0/100] train_loss: 0.5275, val_loss: 0.5239, lr: 0.000500, 19.97s
2026-05-22 11:01:27,006 - INFO - Saved model at 0
2026-05-22 11:01:27,006 - INFO - Val loss decrease from inf to 0.5239, saving to /home/lizhuoxuan/lzq/Bigscity-LibCity-master/outputs/20260522_110025__traffic_state_pred__new_fuzzy_2__PEMS_BAY/model_cache/new_fuzzy_2_PEMS_BAY_epoch0.tar
2026-05-22 11:01:27,013 - INFO - Epoch [0/100] train_loss: 0.5268, val_loss: 0.5193, lr: 0.000500, 20.01s
2026-05-22 11:01:27,218 - INFO - Saved model at 0
2026-05-22 11:01:27,218 - INFO - Val loss decrease from inf to 0.5193, saving to /home/lizhuoxuan/lzq/Bigscity-LibCity-master/outputs/20260522_110025__traffic_state_pred__new_fuzzy_2__PEMS_BAY/model_cache/new_fuzzy_2_PEMS_BAY_epoch0.tar
2026-05-22 11:01:27,342 - INFO - Epoch [0/100] train_loss: 0.5192, val_loss: 0.5202, lr: 0.000500, 20.34s
2026-05-22 11:01:27,395 - INFO - Epoch [0/100] train_loss: 0.5283, val_loss: 0.5208, lr: 0.000500, 20.40s
2026-05-22 11:01:27,440 - INFO - Saved model at 0
2026-05-22 11:01:27,441 - INFO - Val loss decrease from inf to 0.5202, saving to /home/lizhuoxuan/lzq/Bigscity-LibCity-master/outputs/20260522_110025__traffic_state_pred__new_fuzzy_2__PEMS_BAY/model_cache/new_fuzzy_2_PEMS_BAY_epoch0.tar
2026-05-22 11:01:27,511 - INFO - Saved model at 0
2026-05-22 11:01:27,511 - INFO - Val loss decrease from inf to 0.5208, saving to /home/lizhuoxuan/lzq/Bigscity-LibCity-master/outputs/20260522_110025__traffic_state_pred__new_fuzzy_2__PEMS_BAY/model_cache/new_fuzzy_2_PEMS_BAY_epoch0.tar
2026-05-22 11:01:44,506 - INFO - epoch complete!
2026-05-22 11:01:44,506 - INFO - evaluating now!
2026-05-22 11:01:44,735 - INFO - epoch complete!
2026-05-22 11:01:44,736 - INFO - evaluating now!
2026-05-22 11:01:44,835 - INFO - epoch complete!
2026-05-22 11:01:44,836 - INFO - evaluating now!
2026-05-22 11:01:45,107 - INFO - epoch complete!
2026-05-22 11:01:45,108 - INFO - evaluating now!
2026-05-22 11:01:46,261 - INFO - Epoch [1/100] train_loss: 0.4835, val_loss: 0.5126, lr: 0.000500, 19.26s
2026-05-22 11:01:46,293 - INFO - Saved model at 1
2026-05-22 11:01:46,293 - INFO - Val loss decrease from 0.5239 to 0.5126, saving to /home/lizhuoxuan/lzq/Bigscity-LibCity-master/outputs/20260522_110025__traffic_state_pred__new_fuzzy_2__PEMS_BAY/model_cache/new_fuzzy_2_PEMS_BAY_epoch1.tar
2026-05-22 11:01:46,368 - INFO - Epoch [1/100] train_loss: 0.4762, val_loss: 0.5135, lr: 0.000500, 18.93s
2026-05-22 11:01:46,528 - INFO - Saved model at 1
2026-05-22 11:01:46,528 - INFO - Val loss decrease from 0.5202 to 0.5135, saving to /home/lizhuoxuan/lzq/Bigscity-LibCity-master/outputs/20260522_110025__traffic_state_pred__new_fuzzy_2__PEMS_BAY/model_cache/new_fuzzy_2_PEMS_BAY_epoch1.tar
2026-05-22 11:01:46,660 - INFO - Epoch [1/100] train_loss: 0.4819, val_loss: 0.5186, lr: 0.000500, 19.44s
2026-05-22 11:01:46,692 - INFO - Saved model at 1
2026-05-22 11:01:46,692 - INFO - Val loss decrease from 0.5193 to 0.5186, saving to /home/lizhuoxuan/lzq/Bigscity-LibCity-master/outputs/20260522_110025__traffic_state_pred__new_fuzzy_2__PEMS_BAY/model_cache/new_fuzzy_2_PEMS_BAY_epoch1.tar
2026-05-22 11:01:46,912 - INFO - Epoch [1/100] train_loss: 0.4759, val_loss: 0.5122, lr: 0.000500, 19.40s
2026-05-22 11:01:46,945 - INFO - Saved model at 1
2026-05-22 11:01:46,945 - INFO - Val loss decrease from 0.5208 to 0.5122, saving to /home/lizhuoxuan/lzq/Bigscity-LibCity-master/outputs/20260522_110025__traffic_state_pred__new_fuzzy_2__PEMS_BAY/model_cache/new_fuzzy_2_PEMS_BAY_epoch1.tar
2026-05-22 11:02:03,771 - INFO - epoch complete!
2026-05-22 11:02:03,771 - INFO - evaluating now!
2026-05-22 11:02:03,796 - INFO - epoch complete!
2026-05-22 11:02:03,797 - INFO - evaluating now!
2026-05-22 11:02:04,276 - INFO - epoch complete!
2026-05-22 11:02:04,276 - INFO - evaluating now!
2026-05-22 11:02:04,438 - INFO - epoch complete!
2026-05-22 11:02:04,438 - INFO - evaluating now!
2026-05-22 11:02:05,416 - INFO - Epoch [2/100] train_loss: 0.4670, val_loss: 0.5119, lr: 0.000500, 18.89s
2026-05-22 11:02:05,449 - INFO - Saved model at 2
2026-05-22 11:02:05,449 - INFO - Val loss decrease from 0.5135 to 0.5119, saving to /home/lizhuoxuan/lzq/Bigscity-LibCity-master/outputs/20260522_110025__traffic_state_pred__new_fuzzy_2__PEMS_BAY/model_cache/new_fuzzy_2_PEMS_BAY_epoch2.tar
2026-05-22 11:02:05,531 - INFO - Epoch [2/100] train_loss: 0.4761, val_loss: 0.5153, lr: 0.000500, 19.24s
2026-05-22 11:02:06,038 - INFO - Epoch [2/100] train_loss: 0.4653, val_loss: 0.5341, lr: 0.000500, 19.35s
2026-05-22 11:02:06,193 - INFO - Epoch [2/100] train_loss: 0.4776, val_loss: 0.5131, lr: 0.000500, 19.25s
2026-05-22 11:02:22,863 - INFO - epoch complete!
2026-05-22 11:02:22,864 - INFO - evaluating now!
2026-05-22 11:02:23,011 - INFO - epoch complete!
2026-05-22 11:02:23,011 - INFO - evaluating now!
2026-05-22 11:02:23,658 - INFO - epoch complete!
2026-05-22 11:02:23,658 - INFO - evaluating now!
2026-05-22 11:02:24,439 - INFO - epoch complete!
2026-05-22 11:02:24,439 - INFO - evaluating now!
2026-05-22 11:02:24,512 - INFO - Epoch [3/100] train_loss: 0.4548, val_loss: 0.4713, lr: 0.000500, 19.06s
2026-05-22 11:02:24,544 - INFO - Saved model at 3
2026-05-22 11:02:24,544 - INFO - Val loss decrease from 0.5119 to 0.4713, saving to /home/lizhuoxuan/lzq/Bigscity-LibCity-master/outputs/20260522_110025__traffic_state_pred__new_fuzzy_2__PEMS_BAY/model_cache/new_fuzzy_2_PEMS_BAY_epoch3.tar
2026-05-22 11:02:24,745 - INFO - Epoch [3/100] train_loss: 0.4681, val_loss: 0.5109, lr: 0.000500, 19.21s
2026-05-22 11:02:24,977 - INFO - Saved model at 3
2026-05-22 11:02:24,977 - INFO - Val loss decrease from 0.5126 to 0.5109, saving to /home/lizhuoxuan/lzq/Bigscity-LibCity-master/outputs/20260522_110025__traffic_state_pred__new_fuzzy_2__PEMS_BAY/model_cache/new_fuzzy_2_PEMS_BAY_epoch3.tar
2026-05-22 11:02:25,439 - INFO - Epoch [3/100] train_loss: 0.4639, val_loss: 0.4804, lr: 0.000500, 19.25s
2026-05-22 11:02:25,473 - INFO - Saved model at 3
2026-05-22 11:02:25,473 - INFO - Val loss decrease from 0.5122 to 0.4804, saving to /home/lizhuoxuan/lzq/Bigscity-LibCity-master/outputs/20260522_110025__traffic_state_pred__new_fuzzy_2__PEMS_BAY/model_cache/new_fuzzy_2_PEMS_BAY_epoch3.tar
2026-05-22 11:02:26,294 - INFO - Epoch [3/100] train_loss: 0.4470, val_loss: 0.4660, lr: 0.000500, 20.26s
2026-05-22 11:02:26,328 - INFO - Saved model at 3
2026-05-22 11:02:26,328 - INFO - Val loss decrease from 0.5186 to 0.4660, saving to /home/lizhuoxuan/lzq/Bigscity-LibCity-master/outputs/20260522_110025__traffic_state_pred__new_fuzzy_2__PEMS_BAY/model_cache/new_fuzzy_2_PEMS_BAY_epoch3.tar
2026-05-22 11:02:41,866 - INFO - epoch complete!
2026-05-22 11:02:41,866 - INFO - evaluating now!
2026-05-22 11:02:42,581 - INFO - epoch complete!
2026-05-22 11:02:42,582 - INFO - evaluating now!
2026-05-22 11:02:42,986 - INFO - epoch complete!
2026-05-22 11:02:42,986 - INFO - evaluating now!
2026-05-22 11:02:43,515 - INFO - Epoch [4/100] train_loss: 0.4229, val_loss: 0.4629, lr: 0.000500, 18.97s
2026-05-22 11:02:43,546 - INFO - Saved model at 4
2026-05-22 11:02:43,546 - INFO - Val loss decrease from 0.4713 to 0.4629, saving to /home/lizhuoxuan/lzq/Bigscity-LibCity-master/outputs/20260522_110025__traffic_state_pred__new_fuzzy_2__PEMS_BAY/model_cache/new_fuzzy_2_PEMS_BAY_epoch4.tar
2026-05-22 11:02:44,242 - INFO - epoch complete!
2026-05-22 11:02:44,243 - INFO - evaluating now!
2026-05-22 11:02:44,316 - INFO - Epoch [4/100] train_loss: 0.4706, val_loss: 0.5058, lr: 0.000500, 19.34s
2026-05-22 11:02:44,465 - INFO - Saved model at 4
2026-05-22 11:02:44,465 - INFO - Val loss decrease from 0.5109 to 0.5058, saving to /home/lizhuoxuan/lzq/Bigscity-LibCity-master/outputs/20260522_110025__traffic_state_pred__new_fuzzy_2__PEMS_BAY/model_cache/new_fuzzy_2_PEMS_BAY_epoch4.tar
2026-05-22 11:02:44,725 - INFO - Epoch [4/100] train_loss: 0.4320, val_loss: 0.4629, lr: 0.000500, 19.25s
2026-05-22 11:02:44,758 - INFO - Saved model at 4
2026-05-22 11:02:44,758 - INFO - Val loss decrease from 0.4804 to 0.4629, saving to /home/lizhuoxuan/lzq/Bigscity-LibCity-master/outputs/20260522_110025__traffic_state_pred__new_fuzzy_2__PEMS_BAY/model_cache/new_fuzzy_2_PEMS_BAY_epoch4.tar
2026-05-22 11:02:45,973 - INFO - Epoch [4/100] train_loss: 0.4232, val_loss: 0.4578, lr: 0.000500, 19.64s
2026-05-22 11:02:46,006 - INFO - Saved model at 4
2026-05-22 11:02:46,006 - INFO - Val loss decrease from 0.4660 to 0.4578, saving to /home/lizhuoxuan/lzq/Bigscity-LibCity-master/outputs/20260522_110025__traffic_state_pred__new_fuzzy_2__PEMS_BAY/model_cache/new_fuzzy_2_PEMS_BAY_epoch4.tar
2026-05-22 11:03:00,817 - INFO - epoch complete!
2026-05-22 11:03:00,817 - INFO - evaluating now!
2026-05-22 11:03:02,068 - INFO - epoch complete!
2026-05-22 11:03:02,069 - INFO - evaluating now!
2026-05-22 11:03:02,361 - INFO - epoch complete!
2026-05-22 11:03:02,361 - INFO - evaluating now!
2026-05-22 11:03:02,454 - INFO - Epoch [5/100] train_loss: 0.4046, val_loss: 0.3810, lr: 0.000500, 18.91s
2026-05-22 11:03:02,485 - INFO - Saved model at 5
2026-05-22 11:03:02,486 - INFO - Val loss decrease from 0.4629 to 0.3810, saving to /home/lizhuoxuan/lzq/Bigscity-LibCity-master/outputs/20260522_110025__traffic_state_pred__new_fuzzy_2__PEMS_BAY/model_cache/new_fuzzy_2_PEMS_BAY_epoch5.tar
2026-05-22 11:03:03,849 - INFO - Epoch [5/100] train_loss: 0.4517, val_loss: 0.5605, lr: 0.000500, 19.38s
2026-05-22 11:03:04,134 - INFO - epoch complete!
2026-05-22 11:03:04,135 - INFO - evaluating now!
2026-05-22 11:03:04,143 - INFO - Epoch [5/100] train_loss: 0.4148, val_loss: 0.4585, lr: 0.000500, 19.38s
2026-05-22 11:03:04,348 - INFO - Saved model at 5
2026-05-22 11:03:04,349 - INFO - Val loss decrease from 0.4629 to 0.4585, saving to /home/lizhuoxuan/lzq/Bigscity-LibCity-master/outputs/20260522_110025__traffic_state_pred__new_fuzzy_2__PEMS_BAY/model_cache/new_fuzzy_2_PEMS_BAY_epoch5.tar
2026-05-22 11:03:05,862 - INFO - Epoch [5/100] train_loss: 0.3754, val_loss: 0.3165, lr: 0.000500, 19.86s
2026-05-22 11:03:06,075 - INFO - Saved model at 5
2026-05-22 11:03:06,076 - INFO - Val loss decrease from 0.4578 to 0.3165, saving to /home/lizhuoxuan/lzq/Bigscity-LibCity-master/outputs/20260522_110025__traffic_state_pred__new_fuzzy_2__PEMS_BAY/model_cache/new_fuzzy_2_PEMS_BAY_epoch5.tar
2026-05-22 11:03:19,832 - INFO - epoch complete!
2026-05-22 11:03:19,832 - INFO - evaluating now!
2026-05-22 11:03:21,431 - INFO - epoch complete!
2026-05-22 11:03:21,432 - INFO - evaluating now!
2026-05-22 11:03:21,487 - INFO - Epoch [6/100] train_loss: 0.2835, val_loss: 0.2678, lr: 0.000500, 19.00s
2026-05-22 11:03:21,519 - INFO - Saved model at 6
2026-05-22 11:03:21,519 - INFO - Val loss decrease from 0.3810 to 0.2678, saving to /home/lizhuoxuan/lzq/Bigscity-LibCity-master/outputs/20260522_110025__traffic_state_pred__new_fuzzy_2__PEMS_BAY/model_cache/new_fuzzy_2_PEMS_BAY_epoch6.tar
2026-05-22 11:03:21,879 - INFO - epoch complete!
2026-05-22 11:03:21,879 - INFO - evaluating now!
2026-05-22 11:03:23,161 - INFO - Epoch [6/100] train_loss: 0.4370, val_loss: 0.4648, lr: 0.000500, 19.31s
2026-05-22 11:03:23,385 - INFO - Saved model at 6
2026-05-22 11:03:23,385 - INFO - Val loss decrease from 0.5058 to 0.4648, saving to /home/lizhuoxuan/lzq/Bigscity-LibCity-master/outputs/20260522_110025__traffic_state_pred__new_fuzzy_2__PEMS_BAY/model_cache/new_fuzzy_2_PEMS_BAY_epoch6.tar
2026-05-22 11:03:23,616 - INFO - Epoch [6/100] train_loss: 0.3483, val_loss: 0.2813, lr: 0.000500, 19.27s
2026-05-22 11:03:23,650 - INFO - Saved model at 6
2026-05-22 11:03:23,650 - INFO - Val loss decrease from 0.4585 to 0.2813, saving to /home/lizhuoxuan/lzq/Bigscity-LibCity-master/outputs/20260522_110025__traffic_state_pred__new_fuzzy_2__PEMS_BAY/model_cache/new_fuzzy_2_PEMS_BAY_epoch6.tar
2026-05-22 11:03:23,890 - INFO - epoch complete!
2026-05-22 11:03:23,891 - INFO - evaluating now!
2026-05-22 11:03:25,698 - INFO - Epoch [6/100] train_loss: 0.2690, val_loss: 0.2489, lr: 0.000500, 19.62s
2026-05-22 11:03:25,733 - INFO - Saved model at 6
2026-05-22 11:03:25,734 - INFO - Val loss decrease from 0.3165 to 0.2489, saving to /home/lizhuoxuan/lzq/Bigscity-LibCity-master/outputs/20260522_110025__traffic_state_pred__new_fuzzy_2__PEMS_BAY/model_cache/new_fuzzy_2_PEMS_BAY_epoch6.tar
2026-05-22 11:03:38,816 - INFO - epoch complete!
2026-05-22 11:03:38,816 - INFO - evaluating now!
2026-05-22 11:03:40,533 - INFO - Epoch [7/100] train_loss: 0.2470, val_loss: 0.2699, lr: 0.000500, 19.01s
2026-05-22 11:03:40,964 - INFO - epoch complete!
2026-05-22 11:03:40,964 - INFO - evaluating now!
2026-05-22 11:03:41,257 - INFO - epoch complete!
2026-05-22 11:03:41,257 - INFO - evaluating now!
2026-05-22 11:03:42,710 - INFO - Epoch [7/100] train_loss: 0.4116, val_loss: 0.4541, lr: 0.000500, 19.32s
2026-05-22 11:03:42,741 - INFO - Saved model at 7
2026-05-22 11:03:42,741 - INFO - Val loss decrease from 0.4648 to 0.4541, saving to /home/lizhuoxuan/lzq/Bigscity-LibCity-master/outputs/20260522_110025__traffic_state_pred__new_fuzzy_2__PEMS_BAY/model_cache/new_fuzzy_2_PEMS_BAY_epoch7.tar
2026-05-22 11:03:43,017 - INFO - Epoch [7/100] train_loss: 0.2571, val_loss: 0.2710, lr: 0.000500, 19.37s
2026-05-22 11:03:43,228 - INFO - Saved model at 7
2026-05-22 11:03:43,229 - INFO - Val loss decrease from 0.2813 to 0.2710, saving to /home/lizhuoxuan/lzq/Bigscity-LibCity-master/outputs/20260522_110025__traffic_state_pred__new_fuzzy_2__PEMS_BAY/model_cache/new_fuzzy_2_PEMS_BAY_epoch7.tar
2026-05-22 11:03:43,415 - INFO - epoch complete!
2026-05-22 11:03:43,415 - INFO - evaluating now!
2026-05-22 11:03:45,129 - INFO - Epoch [7/100] train_loss: 0.2443, val_loss: 0.2454, lr: 0.000500, 19.39s
2026-05-22 11:03:45,161 - INFO - Saved model at 7
2026-05-22 11:03:45,161 - INFO - Val loss decrease from 0.2489 to 0.2454, saving to /home/lizhuoxuan/lzq/Bigscity-LibCity-master/outputs/20260522_110025__traffic_state_pred__new_fuzzy_2__PEMS_BAY/model_cache/new_fuzzy_2_PEMS_BAY_epoch7.tar
2026-05-22 11:03:57,843 - INFO - epoch complete!
2026-05-22 11:03:57,844 - INFO - evaluating now!
2026-05-22 11:03:59,481 - INFO - Epoch [8/100] train_loss: 0.2376, val_loss: 0.2334, lr: 0.000500, 18.95s
2026-05-22 11:03:59,513 - INFO - Saved model at 8
2026-05-22 11:03:59,513 - INFO - Val loss decrease from 0.2678 to 0.2334, saving to /home/lizhuoxuan/lzq/Bigscity-LibCity-master/outputs/20260522_110025__traffic_state_pred__new_fuzzy_2__PEMS_BAY/model_cache/new_fuzzy_2_PEMS_BAY_epoch8.tar
2026-05-22 11:04:00,344 - INFO - epoch complete!
2026-05-22 11:04:00,344 - INFO - evaluating now!
2026-05-22 11:04:00,851 - INFO - epoch complete!
2026-05-22 11:04:00,852 - INFO - evaluating now!
2026-05-22 11:04:02,093 - INFO - Epoch [8/100] train_loss: 0.3137, val_loss: 0.2545, lr: 0.000500, 19.35s
2026-05-22 11:04:02,245 - INFO - Saved model at 8
2026-05-22 11:04:02,245 - INFO - Val loss decrease from 0.4541 to 0.2545, saving to /home/lizhuoxuan/lzq/Bigscity-LibCity-master/outputs/20260522_110025__traffic_state_pred__new_fuzzy_2__PEMS_BAY/model_cache/new_fuzzy_2_PEMS_BAY_epoch8.tar
2026-05-22 11:04:02,621 - INFO - Epoch [8/100] train_loss: 0.2353, val_loss: 0.2337, lr: 0.000500, 19.39s
2026-05-22 11:04:02,654 - INFO - Saved model at 8
2026-05-22 11:04:02,654 - INFO - Val loss decrease from 0.2710 to 0.2337, saving to /home/lizhuoxuan/lzq/Bigscity-LibCity-master/outputs/20260522_110025__traffic_state_pred__new_fuzzy_2__PEMS_BAY/model_cache/new_fuzzy_2_PEMS_BAY_epoch8.tar
2026-05-22 11:04:02,844 - INFO - epoch complete!
2026-05-22 11:04:02,844 - INFO - evaluating now!
2026-05-22 11:04:04,566 - INFO - Epoch [8/100] train_loss: 0.2316, val_loss: 0.2399, lr: 0.000500, 19.40s
2026-05-22 11:04:04,599 - INFO - Saved model at 8
2026-05-22 11:04:04,600 - INFO - Val loss decrease from 0.2454 to 0.2399, saving to /home/lizhuoxuan/lzq/Bigscity-LibCity-master/outputs/20260522_110025__traffic_state_pred__new_fuzzy_2__PEMS_BAY/model_cache/new_fuzzy_2_PEMS_BAY_epoch8.tar
2026-05-22 11:04:16,836 - INFO - epoch complete!
2026-05-22 11:04:16,836 - INFO - evaluating now!
2026-05-22 11:04:18,496 - INFO - Epoch [9/100] train_loss: 0.2263, val_loss: 0.2318, lr: 0.000500, 18.98s
2026-05-22 11:04:18,529 - INFO - Saved model at 9
2026-05-22 11:04:18,529 - INFO - Val loss decrease from 0.2334 to 0.2318, saving to /home/lizhuoxuan/lzq/Bigscity-LibCity-master/outputs/20260522_110025__traffic_state_pred__new_fuzzy_2__PEMS_BAY/model_cache/new_fuzzy_2_PEMS_BAY_epoch9.tar
2026-05-22 11:04:19,964 - INFO - epoch complete!
2026-05-22 11:04:19,964 - INFO - evaluating now!
2026-05-22 11:04:20,378 - INFO - epoch complete!
2026-05-22 11:04:20,378 - INFO - evaluating now!
2026-05-22 11:04:21,737 - INFO - Epoch [9/100] train_loss: 0.2502, val_loss: 0.2411, lr: 0.000500, 19.49s
2026-05-22 11:04:21,926 - INFO - Saved model at 9
2026-05-22 11:04:21,927 - INFO - Val loss decrease from 0.2545 to 0.2411, saving to /home/lizhuoxuan/lzq/Bigscity-LibCity-master/outputs/20260522_110025__traffic_state_pred__new_fuzzy_2__PEMS_BAY/model_cache/new_fuzzy_2_PEMS_BAY_epoch9.tar
2026-05-22 11:04:22,171 - INFO - Epoch [9/100] train_loss: 0.2309, val_loss: 0.2260, lr: 0.000500, 19.52s
2026-05-22 11:04:22,272 - INFO - Saved model at 9
2026-05-22 11:04:22,272 - INFO - Val loss decrease from 0.2337 to 0.2260, saving to /home/lizhuoxuan/lzq/Bigscity-LibCity-master/outputs/20260522_110025__traffic_state_pred__new_fuzzy_2__PEMS_BAY/model_cache/new_fuzzy_2_PEMS_BAY_epoch9.tar
2026-05-22 11:04:22,335 - INFO - epoch complete!
2026-05-22 11:04:22,335 - INFO - evaluating now!
2026-05-22 11:04:24,074 - INFO - Epoch [9/100] train_loss: 0.2254, val_loss: 0.2298, lr: 0.000500, 19.47s
2026-05-22 11:04:24,107 - INFO - Saved model at 9
2026-05-22 11:04:24,107 - INFO - Val loss decrease from 0.2399 to 0.2298, saving to /home/lizhuoxuan/lzq/Bigscity-LibCity-master/outputs/20260522_110025__traffic_state_pred__new_fuzzy_2__PEMS_BAY/model_cache/new_fuzzy_2_PEMS_BAY_epoch9.tar
2026-05-22 11:04:35,854 - INFO - epoch complete!
2026-05-22 11:04:35,854 - INFO - evaluating now!
2026-05-22 11:04:37,509 - INFO - Epoch [10/100] train_loss: 0.2235, val_loss: 0.2440, lr: 0.000500, 18.98s
2026-05-22 11:04:39,777 - INFO - epoch complete!
2026-05-22 11:04:39,777 - INFO - evaluating now!
2026-05-22 11:04:40,179 - INFO - epoch complete!
2026-05-22 11:04:40,180 - INFO - evaluating now!
2026-05-22 11:04:41,607 - INFO - Epoch [10/100] train_loss: 0.2329, val_loss: 0.2340, lr: 0.000500, 19.68s
2026-05-22 11:04:41,638 - INFO - Saved model at 10
2026-05-22 11:04:41,638 - INFO - Val loss decrease from 0.2411 to 0.2340, saving to /home/lizhuoxuan/lzq/Bigscity-LibCity-master/outputs/20260522_110025__traffic_state_pred__new_fuzzy_2__PEMS_BAY/model_cache/new_fuzzy_2_PEMS_BAY_epoch10.tar
2026-05-22 11:04:41,977 - INFO - Epoch [10/100] train_loss: 0.2244, val_loss: 0.2241, lr: 0.000500, 19.70s
2026-05-22 11:04:41,999 - INFO - epoch complete!
2026-05-22 11:04:42,000 - INFO - evaluating now!
2026-05-22 11:04:42,131 - INFO - Saved model at 10
2026-05-22 11:04:42,131 - INFO - Val loss decrease from 0.2260 to 0.2241, saving to /home/lizhuoxuan/lzq/Bigscity-LibCity-master/outputs/20260522_110025__traffic_state_pred__new_fuzzy_2__PEMS_BAY/model_cache/new_fuzzy_2_PEMS_BAY_epoch10.tar
2026-05-22 11:04:43,757 - INFO - Epoch [10/100] train_loss: 0.2239, val_loss: 0.2312, lr: 0.000500, 19.65s
2026-05-22 11:04:54,848 - INFO - epoch complete!
2026-05-22 11:04:54,848 - INFO - evaluating now!
2026-05-22 11:04:56,609 - INFO - Epoch [11/100] train_loss: 0.2229, val_loss: 0.2237, lr: 0.000500, 19.10s
2026-05-22 11:04:56,640 - INFO - Saved model at 11
2026-05-22 11:04:56,640 - INFO - Val loss decrease from 0.2318 to 0.2237, saving to /home/lizhuoxuan/lzq/Bigscity-LibCity-master/outputs/20260522_110025__traffic_state_pred__new_fuzzy_2__PEMS_BAY/model_cache/new_fuzzy_2_PEMS_BAY_epoch11.tar
2026-05-22 11:04:59,482 - INFO - epoch complete!
2026-05-22 11:04:59,483 - INFO - evaluating now!
2026-05-22 11:04:59,995 - INFO - epoch complete!
2026-05-22 11:04:59,995 - INFO - evaluating now!
2026-05-22 11:05:01,241 - INFO - Epoch [11/100] train_loss: 0.2276, val_loss: 0.2402, lr: 0.000500, 19.60s
2026-05-22 11:05:01,661 - INFO - epoch complete!
2026-05-22 11:05:01,662 - INFO - evaluating now!
2026-05-22 11:05:01,787 - INFO - Epoch [11/100] train_loss: 0.2223, val_loss: 0.2218, lr: 0.000500, 19.66s
2026-05-22 11:05:01,820 - INFO - Saved model at 11
2026-05-22 11:05:01,820 - INFO - Val loss decrease from 0.2241 to 0.2218, saving to /home/lizhuoxuan/lzq/Bigscity-LibCity-master/outputs/20260522_110025__traffic_state_pred__new_fuzzy_2__PEMS_BAY/model_cache/new_fuzzy_2_PEMS_BAY_epoch11.tar
2026-05-22 11:05:03,395 - INFO - Epoch [11/100] train_loss: 0.2195, val_loss: 0.2379, lr: 0.000500, 19.64s
2026-05-22 11:05:13,941 - INFO - epoch complete!
2026-05-22 11:05:13,941 - INFO - evaluating now!
2026-05-22 11:05:15,586 - INFO - Epoch [12/100] train_loss: 0.2204, val_loss: 0.2425, lr: 0.000500, 18.95s
2026-05-22 11:05:19,182 - INFO - epoch complete!
2026-05-22 11:05:19,182 - INFO - evaluating now!
2026-05-22 11:05:19,789 - INFO - epoch complete!
2026-05-22 11:05:19,789 - INFO - evaluating now!
2026-05-22 11:05:20,960 - INFO - Epoch [12/100] train_loss: 0.2238, val_loss: 0.2276, lr: 0.000500, 19.72s
2026-05-22 11:05:20,992 - INFO - Saved model at 12
2026-05-22 11:05:20,992 - INFO - Val loss decrease from 0.2340 to 0.2276, saving to /home/lizhuoxuan/lzq/Bigscity-LibCity-master/outputs/20260522_110025__traffic_state_pred__new_fuzzy_2__PEMS_BAY/model_cache/new_fuzzy_2_PEMS_BAY_epoch12.tar
2026-05-22 11:05:21,304 - INFO - epoch complete!
2026-05-22 11:05:21,304 - INFO - evaluating now!
2026-05-22 11:05:21,564 - INFO - Epoch [12/100] train_loss: 0.2172, val_loss: 0.2221, lr: 0.000500, 19.74s
2026-05-22 11:05:23,048 - INFO - Epoch [12/100] train_loss: 0.2203, val_loss: 0.2268, lr: 0.000500, 19.65s
2026-05-22 11:05:23,215 - INFO - Saved model at 12
2026-05-22 11:05:23,215 - INFO - Val loss decrease from 0.2298 to 0.2268, saving to /home/lizhuoxuan/lzq/Bigscity-LibCity-master/outputs/20260522_110025__traffic_state_pred__new_fuzzy_2__PEMS_BAY/model_cache/new_fuzzy_2_PEMS_BAY_epoch12.tar
2026-05-22 11:05:32,875 - INFO - epoch complete!
2026-05-22 11:05:32,876 - INFO - evaluating now!
2026-05-22 11:05:34,520 - INFO - Epoch [13/100] train_loss: 0.2149, val_loss: 0.2228, lr: 0.000500, 18.93s
2026-05-22 11:05:34,552 - INFO - Saved model at 13
2026-05-22 11:05:34,552 - INFO - Val loss decrease from 0.2237 to 0.2228, saving to /home/lizhuoxuan/lzq/Bigscity-LibCity-master/outputs/20260522_110025__traffic_state_pred__new_fuzzy_2__PEMS_BAY/model_cache/new_fuzzy_2_PEMS_BAY_epoch13.tar
2026-05-22 11:05:38,987 - INFO - epoch complete!
2026-05-22 11:05:38,987 - INFO - evaluating now!
2026-05-22 11:05:39,564 - INFO - epoch complete!
2026-05-22 11:05:39,564 - INFO - evaluating now!
2026-05-22 11:05:40,832 - INFO - Epoch [13/100] train_loss: 0.2173, val_loss: 0.2543, lr: 0.000500, 19.84s
2026-05-22 11:05:41,259 - INFO - epoch complete!
2026-05-22 11:05:41,259 - INFO - evaluating now!
2026-05-22 11:05:41,448 - INFO - Epoch [13/100] train_loss: 0.2172, val_loss: 0.2296, lr: 0.000500, 19.88s
2026-05-22 11:05:42,996 - INFO - Epoch [13/100] train_loss: 0.2218, val_loss: 0.2245, lr: 0.000500, 19.78s
2026-05-22 11:05:43,203 - INFO - Saved model at 13
2026-05-22 11:05:43,203 - INFO - Val loss decrease from 0.2268 to 0.2245, saving to /home/lizhuoxuan/lzq/Bigscity-LibCity-master/outputs/20260522_110025__traffic_state_pred__new_fuzzy_2__PEMS_BAY/model_cache/new_fuzzy_2_PEMS_BAY_epoch13.tar
2026-05-22 11:05:51,910 - INFO - epoch complete!
2026-05-22 11:05:51,911 - INFO - evaluating now!
2026-05-22 11:05:53,561 - INFO - Epoch [14/100] train_loss: 0.2167, val_loss: 0.2232, lr: 0.000500, 19.01s
2026-05-22 11:05:58,861 - INFO - epoch complete!
2026-05-22 11:05:58,862 - INFO - evaluating now!
2026-05-22 11:05:59,484 - INFO - epoch complete!
2026-05-22 11:05:59,485 - INFO - evaluating now!
2026-05-22 11:06:00,636 - INFO - Epoch [14/100] train_loss: 0.2183, val_loss: 0.2352, lr: 0.000500, 19.80s
2026-05-22 11:06:01,148 - INFO - epoch complete!
2026-05-22 11:06:01,148 - INFO - evaluating now!
2026-05-22 11:06:01,311 - INFO - Epoch [14/100] train_loss: 0.2157, val_loss: 0.2198, lr: 0.000500, 19.86s
2026-05-22 11:06:01,343 - INFO - Saved model at 14
2026-05-22 11:06:01,344 - INFO - Val loss decrease from 0.2218 to 0.2198, saving to /home/lizhuoxuan/lzq/Bigscity-LibCity-master/outputs/20260522_110025__traffic_state_pred__new_fuzzy_2__PEMS_BAY/model_cache/new_fuzzy_2_PEMS_BAY_epoch14.tar
2026-05-22 11:06:02,887 - INFO - Epoch [14/100] train_loss: 0.2176, val_loss: 0.2296, lr: 0.000500, 19.68s
2026-05-22 11:06:10,883 - INFO - epoch complete!
2026-05-22 11:06:10,884 - INFO - evaluating now!
2026-05-22 11:06:12,548 - INFO - Epoch [15/100] train_loss: 0.2155, val_loss: 0.2228, lr: 0.000500, 18.99s
2026-05-22 11:06:18,710 - INFO - epoch complete!
2026-05-22 11:06:18,710 - INFO - evaluating now!
2026-05-22 11:06:19,439 - INFO - epoch complete!
2026-05-22 11:06:19,439 - INFO - evaluating now!
2026-05-22 11:06:20,495 - INFO - Epoch [15/100] train_loss: 0.2173, val_loss: 0.2326, lr: 0.000500, 19.86s
2026-05-22 11:06:20,956 - INFO - epoch complete!
2026-05-22 11:06:20,957 - INFO - evaluating now!
2026-05-22 11:06:21,241 - INFO - Epoch [15/100] train_loss: 0.2133, val_loss: 0.2186, lr: 0.000500, 19.90s
2026-05-22 11:06:21,272 - INFO - Saved model at 15
2026-05-22 11:06:21,272 - INFO - Val loss decrease from 0.2198 to 0.2186, saving to /home/lizhuoxuan/lzq/Bigscity-LibCity-master/outputs/20260522_110025__traffic_state_pred__new_fuzzy_2__PEMS_BAY/model_cache/new_fuzzy_2_PEMS_BAY_epoch15.tar
2026-05-22 11:06:22,709 - INFO - Epoch [15/100] train_loss: 0.2145, val_loss: 0.2194, lr: 0.000500, 19.82s
2026-05-22 11:06:22,907 - INFO - Saved model at 15
2026-05-22 11:06:22,907 - INFO - Val loss decrease from 0.2245 to 0.2194, saving to /home/lizhuoxuan/lzq/Bigscity-LibCity-master/outputs/20260522_110025__traffic_state_pred__new_fuzzy_2__PEMS_BAY/model_cache/new_fuzzy_2_PEMS_BAY_epoch15.tar
2026-05-22 11:06:29,858 - INFO - epoch complete!
2026-05-22 11:06:29,858 - INFO - evaluating now!
2026-05-22 11:06:31,502 - INFO - Epoch [16/100] train_loss: 0.2171, val_loss: 0.2190, lr: 0.000500, 18.95s
2026-05-22 11:06:31,533 - INFO - Saved model at 16
2026-05-22 11:06:31,534 - INFO - Val loss decrease from 0.2228 to 0.2190, saving to /home/lizhuoxuan/lzq/Bigscity-LibCity-master/outputs/20260522_110025__traffic_state_pred__new_fuzzy_2__PEMS_BAY/model_cache/new_fuzzy_2_PEMS_BAY_epoch16.tar
2026-05-22 11:06:38,557 - INFO - epoch complete!
2026-05-22 11:06:38,557 - INFO - evaluating now!
2026-05-22 11:06:39,313 - INFO - epoch complete!
2026-05-22 11:06:39,313 - INFO - evaluating now!
2026-05-22 11:06:40,379 - INFO - Epoch [16/100] train_loss: 0.2141, val_loss: 0.2266, lr: 0.000500, 19.88s
2026-05-22 11:06:40,610 - INFO - Saved model at 16
2026-05-22 11:06:40,610 - INFO - Val loss decrease from 0.2276 to 0.2266, saving to /home/lizhuoxuan/lzq/Bigscity-LibCity-master/outputs/20260522_110025__traffic_state_pred__new_fuzzy_2__PEMS_BAY/model_cache/new_fuzzy_2_PEMS_BAY_epoch16.tar
2026-05-22 11:06:40,997 - INFO - epoch complete!
2026-05-22 11:06:40,997 - INFO - evaluating now!
2026-05-22 11:06:41,226 - INFO - Epoch [16/100] train_loss: 0.2088, val_loss: 0.2229, lr: 0.000500, 19.95s
2026-05-22 11:06:42,763 - INFO - Epoch [16/100] train_loss: 0.2141, val_loss: 0.2228, lr: 0.000500, 19.86s
2026-05-22 11:06:48,856 - INFO - epoch complete!
2026-05-22 11:06:48,856 - INFO - evaluating now!
2026-05-22 11:06:50,495 - INFO - Epoch [17/100] train_loss: 0.2112, val_loss: 0.2221, lr: 0.000500, 18.96s
2026-05-22 11:06:58,662 - INFO - epoch complete!
2026-05-22 11:06:58,662 - INFO - evaluating now!
2026-05-22 11:06:59,440 - INFO - epoch complete!
2026-05-22 11:06:59,440 - INFO - evaluating now!
2026-05-22 11:07:00,485 - INFO - Epoch [17/100] train_loss: 0.2119, val_loss: 0.2191, lr: 0.000500, 19.88s
2026-05-22 11:07:00,518 - INFO - Saved model at 17
2026-05-22 11:07:00,518 - INFO - Val loss decrease from 0.2266 to 0.2191, saving to /home/lizhuoxuan/lzq/Bigscity-LibCity-master/outputs/20260522_110025__traffic_state_pred__new_fuzzy_2__PEMS_BAY/model_cache/new_fuzzy_2_PEMS_BAY_epoch17.tar
2026-05-22 11:07:00,886 - INFO - epoch complete!
2026-05-22 11:07:00,887 - INFO - evaluating now!
2026-05-22 11:07:01,281 - INFO - Epoch [17/100] train_loss: 0.2142, val_loss: 0.2191, lr: 0.000500, 20.05s
2026-05-22 11:07:02,679 - INFO - Epoch [17/100] train_loss: 0.2127, val_loss: 0.2258, lr: 0.000500, 19.92s
2026-05-22 11:07:07,792 - INFO - epoch complete!
2026-05-22 11:07:07,792 - INFO - evaluating now!
2026-05-22 11:07:09,428 - INFO - Epoch [18/100] train_loss: 0.2158, val_loss: 0.2201, lr: 0.000500, 18.93s
2026-05-22 11:07:18,600 - INFO - epoch complete!
2026-05-22 11:07:18,600 - INFO - evaluating now!
2026-05-22 11:07:19,441 - INFO - epoch complete!
2026-05-22 11:07:19,441 - INFO - evaluating now!
2026-05-22 11:07:20,375 - INFO - Epoch [18/100] train_loss: 0.2094, val_loss: 0.2168, lr: 0.000500, 19.86s
2026-05-22 11:07:20,407 - INFO - Saved model at 18
2026-05-22 11:07:20,407 - INFO - Val loss decrease from 0.2191 to 0.2168, saving to /home/lizhuoxuan/lzq/Bigscity-LibCity-master/outputs/20260522_110025__traffic_state_pred__new_fuzzy_2__PEMS_BAY/model_cache/new_fuzzy_2_PEMS_BAY_epoch18.tar
2026-05-22 11:07:20,730 - INFO - epoch complete!
2026-05-22 11:07:20,730 - INFO - evaluating now!
2026-05-22 11:07:21,268 - INFO - Epoch [18/100] train_loss: 0.2121, val_loss: 0.2293, lr: 0.000500, 19.99s
2026-05-22 11:07:22,505 - INFO - Epoch [18/100] train_loss: 0.2094, val_loss: 0.2284, lr: 0.000500, 19.83s
2026-05-22 11:07:26,743 - INFO - epoch complete!
2026-05-22 11:07:26,744 - INFO - evaluating now!
2026-05-22 11:07:28,393 - INFO - Epoch [19/100] train_loss: 0.2107, val_loss: 0.2154, lr: 0.000500, 18.96s
2026-05-22 11:07:28,425 - INFO - Saved model at 19
2026-05-22 11:07:28,425 - INFO - Val loss decrease from 0.2190 to 0.2154, saving to /home/lizhuoxuan/lzq/Bigscity-LibCity-master/outputs/20260522_110025__traffic_state_pred__new_fuzzy_2__PEMS_BAY/model_cache/new_fuzzy_2_PEMS_BAY_epoch19.tar
2026-05-22 11:07:38,424 - INFO - epoch complete!
2026-05-22 11:07:38,425 - INFO - evaluating now!
2026-05-22 11:07:39,321 - INFO - epoch complete!
2026-05-22 11:07:39,322 - INFO - evaluating now!
2026-05-22 11:07:40,250 - INFO - Epoch [19/100] train_loss: 0.2122, val_loss: 0.2166, lr: 0.000500, 19.84s
2026-05-22 11:07:40,467 - INFO - Saved model at 19
2026-05-22 11:07:40,468 - INFO - Val loss decrease from 0.2168 to 0.2166, saving to /home/lizhuoxuan/lzq/Bigscity-LibCity-master/outputs/20260522_110025__traffic_state_pred__new_fuzzy_2__PEMS_BAY/model_cache/new_fuzzy_2_PEMS_BAY_epoch19.tar
2026-05-22 11:07:40,653 - INFO - epoch complete!
2026-05-22 11:07:40,654 - INFO - evaluating now!
2026-05-22 11:07:41,209 - INFO - Epoch [19/100] train_loss: 0.2085, val_loss: 0.2223, lr: 0.000500, 19.94s
2026-05-22 11:07:42,430 - INFO - Epoch [19/100] train_loss: 0.2114, val_loss: 0.2260, lr: 0.000500, 19.92s
2026-05-22 11:07:45,793 - INFO - epoch complete!
2026-05-22 11:07:45,793 - INFO - evaluating now!
2026-05-22 11:07:47,444 - INFO - Epoch [20/100] train_loss: 0.2122, val_loss: 0.2157, lr: 0.000500, 19.02s
2026-05-22 11:07:58,700 - INFO - epoch complete!
2026-05-22 11:07:58,700 - INFO - evaluating now!
2026-05-22 11:07:59,297 - INFO - epoch complete!
2026-05-22 11:07:59,297 - INFO - evaluating now!
2026-05-22 11:08:00,497 - INFO - Epoch [20/100] train_loss: 0.2092, val_loss: 0.2211, lr: 0.000500, 20.03s
2026-05-22 11:08:00,544 - INFO - epoch complete!
2026-05-22 11:08:00,544 - INFO - evaluating now!
2026-05-22 11:08:01,119 - INFO - Epoch [20/100] train_loss: 0.2088, val_loss: 0.2169, lr: 0.000500, 19.91s
2026-05-22 11:08:01,151 - INFO - Saved model at 20
2026-05-22 11:08:01,151 - INFO - Val loss decrease from 0.2186 to 0.2169, saving to /home/lizhuoxuan/lzq/Bigscity-LibCity-master/outputs/20260522_110025__traffic_state_pred__new_fuzzy_2__PEMS_BAY/model_cache/new_fuzzy_2_PEMS_BAY_epoch20.tar
2026-05-22 11:08:02,282 - INFO - Epoch [20/100] train_loss: 0.2102, val_loss: 0.2179, lr: 0.000500, 19.85s
2026-05-22 11:08:02,496 - INFO - Saved model at 20
2026-05-22 11:08:02,497 - INFO - Val loss decrease from 0.2194 to 0.2179, saving to /home/lizhuoxuan/lzq/Bigscity-LibCity-master/outputs/20260522_110025__traffic_state_pred__new_fuzzy_2__PEMS_BAY/model_cache/new_fuzzy_2_PEMS_BAY_epoch20.tar
2026-05-22 11:08:04,786 - INFO - epoch complete!
2026-05-22 11:08:04,787 - INFO - evaluating now!
2026-05-22 11:08:06,445 - INFO - Epoch [21/100] train_loss: 0.2091, val_loss: 0.2200, lr: 0.000500, 19.00s
2026-05-22 11:08:18,558 - INFO - epoch complete!
2026-05-22 11:08:18,559 - INFO - evaluating now!
2026-05-22 11:08:19,218 - INFO - epoch complete!
2026-05-22 11:08:19,218 - INFO - evaluating now!
2026-05-22 11:08:20,377 - INFO - Epoch [21/100] train_loss: 0.2108, val_loss: 0.2247, lr: 0.000500, 19.88s
2026-05-22 11:08:20,586 - INFO - epoch complete!
2026-05-22 11:08:20,586 - INFO - evaluating now!
2026-05-22 11:08:21,017 - INFO - Epoch [21/100] train_loss: 0.2095, val_loss: 0.2216, lr: 0.000500, 19.87s
2026-05-22 11:08:22,347 - INFO - Epoch [21/100] train_loss: 0.2074, val_loss: 0.2303, lr: 0.000500, 19.85s
2026-05-22 11:08:23,796 - INFO - epoch complete!
2026-05-22 11:08:23,796 - INFO - evaluating now!
2026-05-22 11:08:25,506 - INFO - Epoch [22/100] train_loss: 0.2111, val_loss: 0.2128, lr: 0.000500, 19.06s
2026-05-22 11:08:25,540 - INFO - Saved model at 22
2026-05-22 11:08:25,540 - INFO - Val loss decrease from 0.2154 to 0.2128, saving to /home/lizhuoxuan/lzq/Bigscity-LibCity-master/outputs/20260522_110025__traffic_state_pred__new_fuzzy_2__PEMS_BAY/model_cache/new_fuzzy_2_PEMS_BAY_epoch22.tar
2026-05-22 11:08:38,479 - INFO - epoch complete!
2026-05-22 11:08:38,479 - INFO - evaluating now!
2026-05-22 11:08:39,127 - INFO - epoch complete!
2026-05-22 11:08:39,127 - INFO - evaluating now!
2026-05-22 11:08:40,267 - INFO - Epoch [22/100] train_loss: 0.2065, val_loss: 0.2150, lr: 0.000500, 19.89s
2026-05-22 11:08:40,467 - INFO - Saved model at 22
2026-05-22 11:08:40,468 - INFO - Val loss decrease from 0.2166 to 0.2150, saving to /home/lizhuoxuan/lzq/Bigscity-LibCity-master/outputs/20260522_110025__traffic_state_pred__new_fuzzy_2__PEMS_BAY/model_cache/new_fuzzy_2_PEMS_BAY_epoch22.tar
2026-05-22 11:08:40,479 - INFO - epoch complete!
2026-05-22 11:08:40,479 - INFO - evaluating now!
2026-05-22 11:08:41,006 - INFO - Epoch [22/100] train_loss: 0.2075, val_loss: 0.2117, lr: 0.000500, 19.99s
2026-05-22 11:08:41,153 - INFO - Saved model at 22
2026-05-22 11:08:41,153 - INFO - Val loss decrease from 0.2169 to 0.2117, saving to /home/lizhuoxuan/lzq/Bigscity-LibCity-master/outputs/20260522_110025__traffic_state_pred__new_fuzzy_2__PEMS_BAY/model_cache/new_fuzzy_2_PEMS_BAY_epoch22.tar
2026-05-22 11:08:42,909 - INFO - Epoch [22/100] train_loss: 0.2086, val_loss: 0.2227, lr: 0.000500, 20.56s
2026-05-22 11:08:42,926 - INFO - epoch complete!
2026-05-22 11:08:42,927 - INFO - evaluating now!
2026-05-22 11:08:44,645 - INFO - Epoch [23/100] train_loss: 0.2079, val_loss: 0.2193, lr: 0.000500, 19.10s
2026-05-22 11:08:58,610 - INFO - epoch complete!
2026-05-22 11:08:58,611 - INFO - evaluating now!
2026-05-22 11:08:59,262 - INFO - epoch complete!
2026-05-22 11:08:59,262 - INFO - evaluating now!
2026-05-22 11:09:00,414 - INFO - Epoch [23/100] train_loss: 0.2063, val_loss: 0.2178, lr: 0.000500, 19.95s
2026-05-22 11:09:01,048 - INFO - Epoch [23/100] train_loss: 0.2067, val_loss: 0.2140, lr: 0.000500, 19.90s
2026-05-22 11:09:02,107 - INFO - epoch complete!
2026-05-22 11:09:02,107 - INFO - evaluating now!
2026-05-22 11:09:02,728 - INFO - epoch complete!
2026-05-22 11:09:02,729 - INFO - evaluating now!
2026-05-22 11:09:03,884 - INFO - Epoch [24/100] train_loss: 0.2044, val_loss: 0.2279, lr: 0.000500, 19.24s
2026-05-22 11:09:04,628 - INFO - Epoch [23/100] train_loss: 0.2102, val_loss: 0.2177, lr: 0.000500, 21.72s
2026-05-22 11:09:04,660 - INFO - Saved model at 23
2026-05-22 11:09:04,660 - INFO - Val loss decrease from 0.2179 to 0.2177, saving to /home/lizhuoxuan/lzq/Bigscity-LibCity-master/outputs/20260522_110025__traffic_state_pred__new_fuzzy_2__PEMS_BAY/model_cache/new_fuzzy_2_PEMS_BAY_epoch23.tar
2026-05-22 11:09:18,609 - INFO - epoch complete!
2026-05-22 11:09:18,609 - INFO - evaluating now!
2026-05-22 11:09:19,110 - INFO - epoch complete!
2026-05-22 11:09:19,111 - INFO - evaluating now!
2026-05-22 11:09:20,422 - INFO - Epoch [24/100] train_loss: 0.2067, val_loss: 0.2136, lr: 0.000500, 20.01s
2026-05-22 11:09:20,455 - INFO - Saved model at 24
2026-05-22 11:09:20,455 - INFO - Val loss decrease from 0.2150 to 0.2136, saving to /home/lizhuoxuan/lzq/Bigscity-LibCity-master/outputs/20260522_110025__traffic_state_pred__new_fuzzy_2__PEMS_BAY/model_cache/new_fuzzy_2_PEMS_BAY_epoch24.tar
2026-05-22 11:09:20,898 - INFO - Epoch [24/100] train_loss: 0.2069, val_loss: 0.2110, lr: 0.000500, 19.85s
2026-05-22 11:09:21,098 - INFO - Saved model at 24
2026-05-22 11:09:21,099 - INFO - Val loss decrease from 0.2117 to 0.2110, saving to /home/lizhuoxuan/lzq/Bigscity-LibCity-master/outputs/20260522_110025__traffic_state_pred__new_fuzzy_2__PEMS_BAY/model_cache/new_fuzzy_2_PEMS_BAY_epoch24.tar
2026-05-22 11:09:21,490 - INFO - epoch complete!
2026-05-22 11:09:21,490 - INFO - evaluating now!
2026-05-22 11:09:23,199 - INFO - Epoch [25/100] train_loss: 0.2066, val_loss: 0.2150, lr: 0.000500, 19.31s
2026-05-22 11:09:25,836 - INFO - epoch complete!
2026-05-22 11:09:25,837 - INFO - evaluating now!
2026-05-22 11:09:28,669 - INFO - Epoch [24/100] train_loss: 0.2086, val_loss: 0.2231, lr: 0.000500, 24.01s
2026-05-22 11:09:38,578 - INFO - epoch complete!
2026-05-22 11:09:38,578 - INFO - evaluating now!
2026-05-22 11:09:39,293 - INFO - epoch complete!
2026-05-22 11:09:39,293 - INFO - evaluating now!
2026-05-22 11:09:40,358 - INFO - Epoch [25/100] train_loss: 0.2103, val_loss: 0.2261, lr: 0.000500, 19.90s
2026-05-22 11:09:40,777 - INFO - epoch complete!
2026-05-22 11:09:40,777 - INFO - evaluating now!
2026-05-22 11:09:41,089 - INFO - Epoch [25/100] train_loss: 0.2042, val_loss: 0.2166, lr: 0.000500, 19.99s
2026-05-22 11:09:42,474 - INFO - Epoch [26/100] train_loss: 0.2082, val_loss: 0.2331, lr: 0.000500, 19.27s
2026-05-22 11:09:47,168 - INFO - epoch complete!
2026-05-22 11:09:47,168 - INFO - evaluating now!
2026-05-22 11:09:48,977 - INFO - Epoch [25/100] train_loss: 0.2057, val_loss: 0.2241, lr: 0.000500, 20.31s
2026-05-22 11:09:58,327 - INFO - epoch complete!
2026-05-22 11:09:58,327 - INFO - evaluating now!
2026-05-22 11:09:59,309 - INFO - epoch complete!
2026-05-22 11:09:59,309 - INFO - evaluating now!
2026-05-22 11:09:59,994 - INFO - epoch complete!
2026-05-22 11:09:59,994 - INFO - evaluating now!
2026-05-22 11:10:00,097 - INFO - Epoch [26/100] train_loss: 0.2037, val_loss: 0.2151, lr: 0.000500, 19.74s
2026-05-22 11:10:01,143 - INFO - Epoch [26/100] train_loss: 0.2070, val_loss: 0.2143, lr: 0.000500, 20.05s
2026-05-22 11:10:01,738 - INFO - Epoch [27/100] train_loss: 0.2045, val_loss: 0.2178, lr: 0.000500, 19.26s
2026-05-22 11:10:06,986 - INFO - epoch complete!
2026-05-22 11:10:06,986 - INFO - evaluating now!
2026-05-22 11:10:08,710 - INFO - Epoch [26/100] train_loss: 0.2052, val_loss: 0.2185, lr: 0.000250, 19.73s
2026-05-22 11:10:18,210 - INFO - epoch complete!
2026-05-22 11:10:18,211 - INFO - evaluating now!
2026-05-22 11:10:19,270 - INFO - epoch complete!
2026-05-22 11:10:19,270 - INFO - evaluating now!
2026-05-22 11:10:19,278 - INFO - epoch complete!
2026-05-22 11:10:19,278 - INFO - evaluating now!
2026-05-22 11:10:19,992 - INFO - Epoch [27/100] train_loss: 0.2064, val_loss: 0.2192, lr: 0.000500, 19.90s
2026-05-22 11:10:20,969 - INFO - Epoch [28/100] train_loss: 0.2064, val_loss: 0.2160, lr: 0.000250, 19.23s
2026-05-22 11:10:21,044 - INFO - Epoch [27/100] train_loss: 0.2036, val_loss: 0.2091, lr: 0.000500, 19.90s
2026-05-22 11:10:21,075 - INFO - Saved model at 27
2026-05-22 11:10:21,075 - INFO - Val loss decrease from 0.2110 to 0.2091, saving to /home/lizhuoxuan/lzq/Bigscity-LibCity-master/outputs/20260522_110025__traffic_state_pred__new_fuzzy_2__PEMS_BAY/model_cache/new_fuzzy_2_PEMS_BAY_epoch27.tar
2026-05-22 11:10:26,911 - INFO - epoch complete!
2026-05-22 11:10:26,912 - INFO - evaluating now!
2026-05-22 11:10:28,659 - INFO - Epoch [27/100] train_loss: 0.2058, val_loss: 0.2119, lr: 0.000250, 19.95s
2026-05-22 11:10:28,706 - INFO - Saved model at 27
2026-05-22 11:10:28,707 - INFO - Val loss decrease from 0.2177 to 0.2119, saving to /home/lizhuoxuan/lzq/Bigscity-LibCity-master/outputs/20260522_110025__traffic_state_pred__new_fuzzy_2__PEMS_BAY/model_cache/new_fuzzy_2_PEMS_BAY_epoch27.tar
2026-05-22 11:10:38,321 - INFO - epoch complete!
2026-05-22 11:10:38,321 - INFO - evaluating now!
2026-05-22 11:10:38,479 - INFO - epoch complete!
2026-05-22 11:10:38,479 - INFO - evaluating now!
2026-05-22 11:10:39,252 - INFO - epoch complete!
2026-05-22 11:10:39,253 - INFO - evaluating now!
2026-05-22 11:10:40,140 - INFO - Epoch [28/100] train_loss: 0.2037, val_loss: 0.2141, lr: 0.000500, 20.15s
2026-05-22 11:10:40,168 - INFO - Epoch [29/100] train_loss: 0.2036, val_loss: 0.2173, lr: 0.000250, 19.20s
2026-05-22 11:10:41,019 - INFO - Epoch [28/100] train_loss: 0.2053, val_loss: 0.2182, lr: 0.000500, 19.94s
2026-05-22 11:10:46,752 - INFO - epoch complete!
2026-05-22 11:10:46,753 - INFO - evaluating now!
2026-05-22 11:10:48,557 - INFO - Epoch [28/100] train_loss: 0.2029, val_loss: 0.2116, lr: 0.000250, 19.85s
2026-05-22 11:10:48,589 - INFO - Saved model at 28
2026-05-22 11:10:48,589 - INFO - Val loss decrease from 0.2119 to 0.2116, saving to /home/lizhuoxuan/lzq/Bigscity-LibCity-master/outputs/20260522_110025__traffic_state_pred__new_fuzzy_2__PEMS_BAY/model_cache/new_fuzzy_2_PEMS_BAY_epoch28.tar
2026-05-22 11:10:57,675 - INFO - epoch complete!
2026-05-22 11:10:57,675 - INFO - evaluating now!
2026-05-22 11:10:58,391 - INFO - epoch complete!
2026-05-22 11:10:58,391 - INFO - evaluating now!
2026-05-22 11:10:59,093 - INFO - epoch complete!
2026-05-22 11:10:59,094 - INFO - evaluating now!
2026-05-22 11:10:59,362 - INFO - Epoch [30/100] train_loss: 0.2023, val_loss: 0.2115, lr: 0.000250, 19.19s
2026-05-22 11:10:59,394 - INFO - Saved model at 30
2026-05-22 11:10:59,394 - INFO - Val loss decrease from 0.2128 to 0.2115, saving to /home/lizhuoxuan/lzq/Bigscity-LibCity-master/outputs/20260522_110025__traffic_state_pred__new_fuzzy_2__PEMS_BAY/model_cache/new_fuzzy_2_PEMS_BAY_epoch30.tar
2026-05-22 11:11:00,216 - INFO - Epoch [29/100] train_loss: 0.2057, val_loss: 0.2146, lr: 0.000500, 20.08s
2026-05-22 11:11:00,972 - INFO - Epoch [29/100] train_loss: 0.2046, val_loss: 0.2205, lr: 0.000500, 19.95s
2026-05-22 11:11:06,714 - INFO - epoch complete!
2026-05-22 11:11:06,714 - INFO - evaluating now!
2026-05-22 11:11:08,458 - INFO - Epoch [29/100] train_loss: 0.2012, val_loss: 0.2182, lr: 0.000250, 19.87s
2026-05-22 11:11:16,893 - INFO - epoch complete!
2026-05-22 11:11:16,894 - INFO - evaluating now!
2026-05-22 11:11:18,459 - INFO - epoch complete!
2026-05-22 11:11:18,459 - INFO - evaluating now!
2026-05-22 11:11:18,559 - INFO - Epoch [31/100] train_loss: 0.2033, val_loss: 0.2101, lr: 0.000250, 19.16s
2026-05-22 11:11:18,591 - INFO - Saved model at 31
2026-05-22 11:11:18,591 - INFO - Val loss decrease from 0.2115 to 0.2101, saving to /home/lizhuoxuan/lzq/Bigscity-LibCity-master/outputs/20260522_110025__traffic_state_pred__new_fuzzy_2__PEMS_BAY/model_cache/new_fuzzy_2_PEMS_BAY_epoch31.tar
2026-05-22 11:11:19,001 - INFO - epoch complete!
2026-05-22 11:11:19,001 - INFO - evaluating now!
2026-05-22 11:11:20,281 - INFO - Epoch [30/100] train_loss: 0.2059, val_loss: 0.2108, lr: 0.000500, 20.06s
2026-05-22 11:11:20,401 - INFO - Saved model at 30
2026-05-22 11:11:20,401 - INFO - Val loss decrease from 0.2136 to 0.2108, saving to /home/lizhuoxuan/lzq/Bigscity-LibCity-master/outputs/20260522_110025__traffic_state_pred__new_fuzzy_2__PEMS_BAY/model_cache/new_fuzzy_2_PEMS_BAY_epoch30.tar
2026-05-22 11:11:20,780 - INFO - Epoch [30/100] train_loss: 0.2047, val_loss: 0.2104, lr: 0.000500, 19.81s
2026-05-22 11:11:26,544 - INFO - epoch complete!
2026-05-22 11:11:26,544 - INFO - evaluating now!
2026-05-22 11:11:28,306 - INFO - Epoch [30/100] train_loss: 0.2027, val_loss: 0.2166, lr: 0.000250, 19.85s
2026-05-22 11:11:36,069 - INFO - epoch complete!
2026-05-22 11:11:36,070 - INFO - evaluating now!
2026-05-22 11:11:37,748 - INFO - Epoch [32/100] train_loss: 0.2012, val_loss: 0.2121, lr: 0.000250, 19.16s
2026-05-22 11:11:38,598 - INFO - epoch complete!
2026-05-22 11:11:38,598 - INFO - evaluating now!
2026-05-22 11:11:38,784 - INFO - epoch complete!
2026-05-22 11:11:38,784 - INFO - evaluating now!
2026-05-22 11:11:40,383 - INFO - Epoch [31/100] train_loss: 0.2027, val_loss: 0.2174, lr: 0.000500, 19.98s
2026-05-22 11:11:40,566 - INFO - Epoch [31/100] train_loss: 0.2023, val_loss: 0.2093, lr: 0.000500, 19.79s
2026-05-22 11:11:46,365 - INFO - epoch complete!
2026-05-22 11:11:46,365 - INFO - evaluating now!
2026-05-22 11:11:48,083 - INFO - Epoch [31/100] train_loss: 0.2039, val_loss: 0.2112, lr: 0.000250, 19.78s
2026-05-22 11:11:48,237 - INFO - Saved model at 31
2026-05-22 11:11:48,238 - INFO - Val loss decrease from 0.2116 to 0.2112, saving to /home/lizhuoxuan/lzq/Bigscity-LibCity-master/outputs/20260522_110025__traffic_state_pred__new_fuzzy_2__PEMS_BAY/model_cache/new_fuzzy_2_PEMS_BAY_epoch31.tar
2026-05-22 11:11:55,225 - INFO - epoch complete!
2026-05-22 11:11:55,225 - INFO - evaluating now!
2026-05-22 11:11:56,898 - INFO - Epoch [33/100] train_loss: 0.2008, val_loss: 0.2093, lr: 0.000250, 19.15s
2026-05-22 11:11:56,930 - INFO - Saved model at 33
2026-05-22 11:11:56,930 - INFO - Val loss decrease from 0.2101 to 0.2093, saving to /home/lizhuoxuan/lzq/Bigscity-LibCity-master/outputs/20260522_110025__traffic_state_pred__new_fuzzy_2__PEMS_BAY/model_cache/new_fuzzy_2_PEMS_BAY_epoch33.tar
2026-05-22 11:11:58,471 - INFO - epoch complete!
2026-05-22 11:11:58,471 - INFO - evaluating now!
2026-05-22 11:11:58,673 - INFO - epoch complete!
2026-05-22 11:11:58,673 - INFO - evaluating now!
2026-05-22 11:12:00,271 - INFO - Epoch [32/100] train_loss: 0.2035, val_loss: 0.2155, lr: 0.000500, 19.89s
2026-05-22 11:12:00,532 - INFO - Epoch [32/100] train_loss: 0.2032, val_loss: 0.2156, lr: 0.000500, 19.97s
2026-05-22 11:12:06,284 - INFO - epoch complete!
2026-05-22 11:12:06,284 - INFO - evaluating now!
2026-05-22 11:12:07,998 - INFO - Epoch [32/100] train_loss: 0.2038, val_loss: 0.2171, lr: 0.000250, 19.76s
2026-05-22 11:12:14,398 - INFO - epoch complete!
2026-05-22 11:12:14,398 - INFO - evaluating now!
2026-05-22 11:12:16,120 - INFO - Epoch [34/100] train_loss: 0.2006, val_loss: 0.2105, lr: 0.000250, 19.19s
2026-05-22 11:12:18,302 - INFO - epoch complete!
2026-05-22 11:12:18,303 - INFO - evaluating now!
2026-05-22 11:12:18,597 - INFO - epoch complete!
2026-05-22 11:12:18,597 - INFO - evaluating now!
2026-05-22 11:12:20,091 - INFO - Epoch [33/100] train_loss: 0.2060, val_loss: 0.2075, lr: 0.000500, 19.82s
2026-05-22 11:12:20,329 - INFO - Saved model at 33
2026-05-22 11:12:20,330 - INFO - Val loss decrease from 0.2108 to 0.2075, saving to /home/lizhuoxuan/lzq/Bigscity-LibCity-master/outputs/20260522_110025__traffic_state_pred__new_fuzzy_2__PEMS_BAY/model_cache/new_fuzzy_2_PEMS_BAY_epoch33.tar
2026-05-22 11:12:20,350 - INFO - Epoch [33/100] train_loss: 0.2043, val_loss: 0.2135, lr: 0.000250, 19.82s
2026-05-22 11:12:26,082 - INFO - epoch complete!
2026-05-22 11:12:26,082 - INFO - evaluating now!
2026-05-22 11:12:27,837 - INFO - Epoch [33/100] train_loss: 0.2024, val_loss: 0.2110, lr: 0.000250, 19.84s
2026-05-22 11:12:27,990 - INFO - Saved model at 33
2026-05-22 11:12:27,991 - INFO - Val loss decrease from 0.2112 to 0.2110, saving to /home/lizhuoxuan/lzq/Bigscity-LibCity-master/outputs/20260522_110025__traffic_state_pred__new_fuzzy_2__PEMS_BAY/model_cache/new_fuzzy_2_PEMS_BAY_epoch33.tar
2026-05-22 11:12:33,607 - INFO - epoch complete!
2026-05-22 11:12:33,607 - INFO - evaluating now!
2026-05-22 11:12:35,283 - INFO - Epoch [35/100] train_loss: 0.2011, val_loss: 0.2110, lr: 0.000250, 19.16s
2026-05-22 11:12:38,261 - INFO - epoch complete!
2026-05-22 11:12:38,261 - INFO - evaluating now!
2026-05-22 11:12:38,498 - INFO - epoch complete!
2026-05-22 11:12:38,498 - INFO - evaluating now!
2026-05-22 11:12:40,057 - INFO - Epoch [34/100] train_loss: 0.1998, val_loss: 0.2067, lr: 0.000250, 19.71s
2026-05-22 11:12:40,089 - INFO - Saved model at 34
2026-05-22 11:12:40,089 - INFO - Val loss decrease from 0.2091 to 0.2067, saving to /home/lizhuoxuan/lzq/Bigscity-LibCity-master/outputs/20260522_110025__traffic_state_pred__new_fuzzy_2__PEMS_BAY/model_cache/new_fuzzy_2_PEMS_BAY_epoch34.tar
2026-05-22 11:12:40,322 - INFO - Epoch [34/100] train_loss: 0.2035, val_loss: 0.2089, lr: 0.000500, 19.99s
2026-05-22 11:12:46,088 - INFO - epoch complete!
2026-05-22 11:12:46,088 - INFO - evaluating now!
2026-05-22 11:12:47,844 - INFO - Epoch [34/100] train_loss: 0.2018, val_loss: 0.2156, lr: 0.000250, 19.85s
2026-05-22 11:12:52,801 - INFO - epoch complete!
2026-05-22 11:12:52,802 - INFO - evaluating now!
2026-05-22 11:12:54,486 - INFO - Epoch [36/100] train_loss: 0.2010, val_loss: 0.2203, lr: 0.000250, 19.20s
2026-05-22 11:12:58,239 - INFO - epoch complete!
2026-05-22 11:12:58,239 - INFO - evaluating now!
2026-05-22 11:12:58,757 - INFO - epoch complete!
2026-05-22 11:12:58,757 - INFO - evaluating now!
2026-05-22 11:13:00,041 - INFO - Epoch [35/100] train_loss: 0.2011, val_loss: 0.2089, lr: 0.000250, 19.95s
2026-05-22 11:13:00,602 - INFO - Epoch [35/100] train_loss: 0.1991, val_loss: 0.2067, lr: 0.000500, 20.28s
2026-05-22 11:13:00,647 - INFO - Saved model at 35
2026-05-22 11:13:00,647 - INFO - Val loss decrease from 0.2075 to 0.2067, saving to /home/lizhuoxuan/lzq/Bigscity-LibCity-master/outputs/20260522_110025__traffic_state_pred__new_fuzzy_2__PEMS_BAY/model_cache/new_fuzzy_2_PEMS_BAY_epoch35.tar
2026-05-22 11:13:05,831 - INFO - epoch complete!
2026-05-22 11:13:05,832 - INFO - evaluating now!
2026-05-22 11:13:07,539 - INFO - Epoch [35/100] train_loss: 0.2042, val_loss: 0.2172, lr: 0.000250, 19.70s
2026-05-22 11:13:12,000 - INFO - epoch complete!
2026-05-22 11:13:12,001 - INFO - evaluating now!
2026-05-22 11:13:13,676 - INFO - Epoch [37/100] train_loss: 0.2007, val_loss: 0.2078, lr: 0.000250, 19.19s
2026-05-22 11:13:13,708 - INFO - Saved model at 37
2026-05-22 11:13:13,708 - INFO - Val loss decrease from 0.2093 to 0.2078, saving to /home/lizhuoxuan/lzq/Bigscity-LibCity-master/outputs/20260522_110025__traffic_state_pred__new_fuzzy_2__PEMS_BAY/model_cache/new_fuzzy_2_PEMS_BAY_epoch37.tar
2026-05-22 11:13:18,092 - INFO - epoch complete!
2026-05-22 11:13:18,092 - INFO - evaluating now!
2026-05-22 11:13:19,063 - INFO - epoch complete!
2026-05-22 11:13:19,063 - INFO - evaluating now!
2026-05-22 11:13:19,850 - INFO - Epoch [36/100] train_loss: 0.2001, val_loss: 0.2087, lr: 0.000250, 19.81s
2026-05-22 11:13:20,872 - INFO - Epoch [36/100] train_loss: 0.2010, val_loss: 0.2144, lr: 0.000500, 20.23s
2026-05-22 11:13:25,625 - INFO - epoch complete!
2026-05-22 11:13:25,625 - INFO - evaluating now!
2026-05-22 11:13:27,334 - INFO - Epoch [36/100] train_loss: 0.2040, val_loss: 0.2243, lr: 0.000250, 19.79s
2026-05-22 11:13:31,188 - INFO - epoch complete!
2026-05-22 11:13:31,188 - INFO - evaluating now!
2026-05-22 11:13:32,879 - INFO - Epoch [38/100] train_loss: 0.2004, val_loss: 0.2107, lr: 0.000250, 19.17s
2026-05-22 11:13:37,974 - INFO - epoch complete!
2026-05-22 11:13:37,974 - INFO - evaluating now!
2026-05-22 11:13:39,258 - INFO - epoch complete!
2026-05-22 11:13:39,259 - INFO - evaluating now!
2026-05-22 11:13:39,739 - INFO - Epoch [37/100] train_loss: 0.1989, val_loss: 0.2067, lr: 0.000250, 19.89s
2026-05-22 11:13:39,965 - INFO - Saved model at 37
2026-05-22 11:13:39,966 - INFO - Val loss decrease from 0.2067 to 0.2067, saving to /home/lizhuoxuan/lzq/Bigscity-LibCity-master/outputs/20260522_110025__traffic_state_pred__new_fuzzy_2__PEMS_BAY/model_cache/new_fuzzy_2_PEMS_BAY_epoch37.tar
2026-05-22 11:13:41,051 - INFO - Epoch [37/100] train_loss: 0.1989, val_loss: 0.2082, lr: 0.000500, 20.18s
2026-05-22 11:13:45,393 - INFO - epoch complete!
2026-05-22 11:13:45,393 - INFO - evaluating now!
2026-05-22 11:13:47,168 - INFO - Epoch [37/100] train_loss: 0.2069, val_loss: 0.2120, lr: 0.000125, 19.83s
2026-05-22 11:13:50,344 - INFO - epoch complete!
2026-05-22 11:13:50,344 - INFO - evaluating now!
2026-05-22 11:13:52,017 - INFO - Epoch [39/100] train_loss: 0.1999, val_loss: 0.2128, lr: 0.000250, 19.14s
2026-05-22 11:13:58,057 - INFO - epoch complete!
2026-05-22 11:13:58,057 - INFO - evaluating now!
2026-05-22 11:13:59,440 - INFO - epoch complete!
2026-05-22 11:13:59,440 - INFO - evaluating now!
2026-05-22 11:13:59,777 - INFO - Epoch [38/100] train_loss: 0.1991, val_loss: 0.2142, lr: 0.000250, 19.81s
2026-05-22 11:14:01,290 - INFO - Epoch [38/100] train_loss: 0.2012, val_loss: 0.2064, lr: 0.000500, 20.24s
2026-05-22 11:14:01,323 - INFO - Saved model at 38
2026-05-22 11:14:01,323 - INFO - Val loss decrease from 0.2067 to 0.2064, saving to /home/lizhuoxuan/lzq/Bigscity-LibCity-master/outputs/20260522_110025__traffic_state_pred__new_fuzzy_2__PEMS_BAY/model_cache/new_fuzzy_2_PEMS_BAY_epoch38.tar
2026-05-22 11:14:05,296 - INFO - epoch complete!
2026-05-22 11:14:05,296 - INFO - evaluating now!
2026-05-22 11:14:07,029 - INFO - Epoch [38/100] train_loss: 0.2013, val_loss: 0.2097, lr: 0.000125, 19.86s
2026-05-22 11:14:07,236 - INFO - Saved model at 38
2026-05-22 11:14:07,236 - INFO - Val loss decrease from 0.2110 to 0.2097, saving to /home/lizhuoxuan/lzq/Bigscity-LibCity-master/outputs/20260522_110025__traffic_state_pred__new_fuzzy_2__PEMS_BAY/model_cache/new_fuzzy_2_PEMS_BAY_epoch38.tar
2026-05-22 11:14:09,493 - INFO - epoch complete!
2026-05-22 11:14:09,493 - INFO - evaluating now!
2026-05-22 11:14:11,162 - INFO - Epoch [40/100] train_loss: 0.2012, val_loss: 0.2099, lr: 0.000250, 19.14s
2026-05-22 11:14:17,820 - INFO - epoch complete!
2026-05-22 11:14:17,820 - INFO - evaluating now!
2026-05-22 11:14:19,565 - INFO - Epoch [39/100] train_loss: 0.2016, val_loss: 0.2104, lr: 0.000250, 19.79s
2026-05-22 11:14:19,725 - INFO - epoch complete!
2026-05-22 11:14:19,726 - INFO - evaluating now!
2026-05-22 11:14:21,513 - INFO - Epoch [39/100] train_loss: 0.2009, val_loss: 0.2126, lr: 0.000500, 20.19s
2026-05-22 11:14:25,278 - INFO - epoch complete!
2026-05-22 11:14:25,278 - INFO - evaluating now!
2026-05-22 11:14:27,012 - INFO - Epoch [39/100] train_loss: 0.2006, val_loss: 0.2100, lr: 0.000125, 19.78s
2026-05-22 11:14:28,607 - INFO - epoch complete!
2026-05-22 11:14:28,607 - INFO - evaluating now!
2026-05-22 11:14:30,276 - INFO - Epoch [41/100] train_loss: 0.2009, val_loss: 0.2172, lr: 0.000250, 19.11s
2026-05-22 11:14:37,664 - INFO - epoch complete!
2026-05-22 11:14:37,665 - INFO - evaluating now!
2026-05-22 11:14:39,398 - INFO - Epoch [40/100] train_loss: 0.2009, val_loss: 0.2111, lr: 0.000125, 19.83s
2026-05-22 11:14:40,017 - INFO - epoch complete!
2026-05-22 11:14:40,017 - INFO - evaluating now!
2026-05-22 11:14:41,818 - INFO - Epoch [40/100] train_loss: 0.1983, val_loss: 0.2045, lr: 0.000500, 20.30s
2026-05-22 11:14:41,852 - INFO - Saved model at 40
2026-05-22 11:14:41,852 - INFO - Val loss decrease from 0.2064 to 0.2045, saving to /home/lizhuoxuan/lzq/Bigscity-LibCity-master/outputs/20260522_110025__traffic_state_pred__new_fuzzy_2__PEMS_BAY/model_cache/new_fuzzy_2_PEMS_BAY_epoch40.tar
2026-05-22 11:14:45,135 - INFO - epoch complete!
2026-05-22 11:14:45,135 - INFO - evaluating now!
2026-05-22 11:14:46,935 - INFO - Epoch [40/100] train_loss: 0.1981, val_loss: 0.2088, lr: 0.000125, 19.92s
2026-05-22 11:14:47,132 - INFO - Saved model at 40
2026-05-22 11:14:47,133 - INFO - Val loss decrease from 0.2097 to 0.2088, saving to /home/lizhuoxuan/lzq/Bigscity-LibCity-master/outputs/20260522_110025__traffic_state_pred__new_fuzzy_2__PEMS_BAY/model_cache/new_fuzzy_2_PEMS_BAY_epoch40.tar
2026-05-22 11:14:47,804 - INFO - epoch complete!
2026-05-22 11:14:47,805 - INFO - evaluating now!
2026-05-22 11:14:49,487 - INFO - Epoch [42/100] train_loss: 0.2009, val_loss: 0.2124, lr: 0.000250, 19.21s
2026-05-22 11:14:57,546 - INFO - epoch complete!
2026-05-22 11:14:57,546 - INFO - evaluating now!
2026-05-22 11:14:59,266 - INFO - Epoch [41/100] train_loss: 0.1995, val_loss: 0.2122, lr: 0.000125, 19.87s
2026-05-22 11:15:00,354 - INFO - epoch complete!
2026-05-22 11:15:00,355 - INFO - evaluating now!
2026-05-22 11:15:02,229 - INFO - Epoch [41/100] train_loss: 0.1989, val_loss: 0.2111, lr: 0.000500, 20.38s
2026-05-22 11:15:05,326 - INFO - epoch complete!
2026-05-22 11:15:05,326 - INFO - evaluating now!
2026-05-22 11:15:06,974 - INFO - epoch complete!
2026-05-22 11:15:06,975 - INFO - evaluating now!
2026-05-22 11:15:07,030 - INFO - Epoch [41/100] train_loss: 0.2008, val_loss: 0.2117, lr: 0.000125, 19.90s
2026-05-22 11:15:08,654 - INFO - Epoch [43/100] train_loss: 0.2005, val_loss: 0.2114, lr: 0.000125, 19.17s
2026-05-22 11:15:17,505 - INFO - epoch complete!
2026-05-22 11:15:17,505 - INFO - evaluating now!
2026-05-22 11:15:19,274 - INFO - Epoch [42/100] train_loss: 0.1981, val_loss: 0.2074, lr: 0.000125, 20.01s
2026-05-22 11:15:20,678 - INFO - epoch complete!
2026-05-22 11:15:20,678 - INFO - evaluating now!
2026-05-22 11:15:22,458 - INFO - Epoch [42/100] train_loss: 0.2003, val_loss: 0.2102, lr: 0.000500, 20.23s
2026-05-22 11:15:25,070 - INFO - epoch complete!
2026-05-22 11:15:25,071 - INFO - evaluating now!
2026-05-22 11:15:26,134 - INFO - epoch complete!
2026-05-22 11:15:26,134 - INFO - evaluating now!
2026-05-22 11:15:26,838 - INFO - Epoch [42/100] train_loss: 0.1986, val_loss: 0.2125, lr: 0.000125, 19.81s
2026-05-22 11:15:27,830 - INFO - Epoch [44/100] train_loss: 0.1968, val_loss: 0.2086, lr: 0.000125, 19.18s
2026-05-22 11:15:37,338 - INFO - epoch complete!
2026-05-22 11:15:37,338 - INFO - evaluating now!
2026-05-22 11:15:39,076 - INFO - Epoch [43/100] train_loss: 0.1985, val_loss: 0.2068, lr: 0.000125, 19.80s
2026-05-22 11:15:40,849 - INFO - epoch complete!
2026-05-22 11:15:40,849 - INFO - evaluating now!
2026-05-22 11:15:42,633 - INFO - Epoch [43/100] train_loss: 0.2003, val_loss: 0.2129, lr: 0.000500, 20.17s
2026-05-22 11:15:44,920 - INFO - epoch complete!
2026-05-22 11:15:44,920 - INFO - evaluating now!
2026-05-22 11:15:45,298 - INFO - epoch complete!
2026-05-22 11:15:45,298 - INFO - evaluating now!
2026-05-22 11:15:46,765 - INFO - Epoch [43/100] train_loss: 0.1978, val_loss: 0.2104, lr: 0.000125, 19.93s
2026-05-22 11:15:47,067 - INFO - Epoch [45/100] train_loss: 0.1992, val_loss: 0.2086, lr: 0.000125, 19.24s
2026-05-22 11:15:57,267 - INFO - epoch complete!
2026-05-22 11:15:57,267 - INFO - evaluating now!
2026-05-22 11:15:59,020 - INFO - Epoch [44/100] train_loss: 0.2010, val_loss: 0.2101, lr: 0.000125, 19.94s
2026-05-22 11:16:01,035 - INFO - epoch complete!
2026-05-22 11:16:01,035 - INFO - evaluating now!
2026-05-22 11:16:02,848 - INFO - Epoch [44/100] train_loss: 0.1982, val_loss: 0.2049, lr: 0.000500, 20.21s
2026-05-22 11:16:04,545 - INFO - epoch complete!
2026-05-22 11:16:04,545 - INFO - evaluating now!
2026-05-22 11:16:04,836 - INFO - epoch complete!
2026-05-22 11:16:04,837 - INFO - evaluating now!
2026-05-22 11:16:06,266 - INFO - Epoch [46/100] train_loss: 0.1986, val_loss: 0.2070, lr: 0.000125, 19.20s
2026-05-22 11:16:06,298 - INFO - Saved model at 46
2026-05-22 11:16:06,298 - INFO - Val loss decrease from 0.2078 to 0.2070, saving to /home/lizhuoxuan/lzq/Bigscity-LibCity-master/outputs/20260522_110025__traffic_state_pred__new_fuzzy_2__PEMS_BAY/model_cache/new_fuzzy_2_PEMS_BAY_epoch46.tar
2026-05-22 11:16:06,627 - INFO - Epoch [44/100] train_loss: 0.1994, val_loss: 0.2117, lr: 0.000125, 19.86s
2026-05-22 11:16:17,108 - INFO - epoch complete!
2026-05-22 11:16:17,108 - INFO - evaluating now!
2026-05-22 11:16:18,850 - INFO - Epoch [45/100] train_loss: 0.1986, val_loss: 0.2088, lr: 0.000125, 19.83s
2026-05-22 11:16:21,295 - INFO - epoch complete!
2026-05-22 11:16:21,295 - INFO - evaluating now!
2026-05-22 11:16:23,077 - INFO - Epoch [45/100] train_loss: 0.1944, val_loss: 0.2047, lr: 0.000500, 20.23s
2026-05-22 11:16:23,790 - INFO - epoch complete!
2026-05-22 11:16:23,790 - INFO - evaluating now!
2026-05-22 11:16:24,739 - INFO - epoch complete!
2026-05-22 11:16:24,739 - INFO - evaluating now!
2026-05-22 11:16:25,496 - INFO - Epoch [47/100] train_loss: 0.1996, val_loss: 0.2077, lr: 0.000125, 19.20s
2026-05-22 11:16:26,491 - INFO - Epoch [45/100] train_loss: 0.1999, val_loss: 0.2090, lr: 0.000125, 19.86s
2026-05-22 11:16:36,894 - INFO - epoch complete!
2026-05-22 11:16:36,894 - INFO - evaluating now!
2026-05-22 11:16:38,615 - INFO - Epoch [46/100] train_loss: 0.1979, val_loss: 0.2101, lr: 0.000063, 19.76s
2026-05-22 11:16:41,483 - INFO - epoch complete!
2026-05-22 11:16:41,483 - INFO - evaluating now!
2026-05-22 11:16:43,025 - INFO - epoch complete!
2026-05-22 11:16:43,026 - INFO - evaluating now!
2026-05-22 11:16:43,261 - INFO - Epoch [46/100] train_loss: 0.1974, val_loss: 0.2061, lr: 0.000250, 20.18s
2026-05-22 11:16:44,629 - INFO - epoch complete!
2026-05-22 11:16:44,630 - INFO - evaluating now!
2026-05-22 11:16:44,708 - INFO - Epoch [48/100] train_loss: 0.1991, val_loss: 0.2064, lr: 0.000125, 19.21s
2026-05-22 11:16:44,741 - INFO - Saved model at 48
2026-05-22 11:16:44,741 - INFO - Val loss decrease from 0.2070 to 0.2064, saving to /home/lizhuoxuan/lzq/Bigscity-LibCity-master/outputs/20260522_110025__traffic_state_pred__new_fuzzy_2__PEMS_BAY/model_cache/new_fuzzy_2_PEMS_BAY_epoch48.tar
2026-05-22 11:16:46,425 - INFO - Epoch [46/100] train_loss: 0.1984, val_loss: 0.2170, lr: 0.000063, 19.93s
2026-05-22 11:16:56,648 - INFO - epoch complete!
2026-05-22 11:16:56,648 - INFO - evaluating now!
2026-05-22 11:16:58,394 - INFO - Epoch [47/100] train_loss: 0.1940, val_loss: 0.2064, lr: 0.000063, 19.78s
2026-05-22 11:16:58,426 - INFO - Saved model at 47
2026-05-22 11:16:58,426 - INFO - Val loss decrease from 0.2067 to 0.2064, saving to /home/lizhuoxuan/lzq/Bigscity-LibCity-master/outputs/20260522_110025__traffic_state_pred__new_fuzzy_2__PEMS_BAY/model_cache/new_fuzzy_2_PEMS_BAY_epoch47.tar
2026-05-22 11:17:01,622 - INFO - epoch complete!
2026-05-22 11:17:01,622 - INFO - evaluating now!
2026-05-22 11:17:02,260 - INFO - epoch complete!
2026-05-22 11:17:02,260 - INFO - evaluating now!
2026-05-22 11:17:03,396 - INFO - Epoch [47/100] train_loss: 0.1959, val_loss: 0.2063, lr: 0.000250, 20.13s
2026-05-22 11:17:03,946 - INFO - Epoch [49/100] train_loss: 0.1981, val_loss: 0.2081, lr: 0.000125, 19.20s
2026-05-22 11:17:04,515 - INFO - epoch complete!
2026-05-22 11:17:04,556 - INFO - evaluating now!
2026-05-22 11:17:06,292 - INFO - Epoch [47/100] train_loss: 0.2003, val_loss: 0.2104, lr: 0.000063, 19.87s
2026-05-22 11:17:16,510 - INFO - epoch complete!
2026-05-22 11:17:16,510 - INFO - evaluating now!
2026-05-22 11:17:18,284 - INFO - Epoch [48/100] train_loss: 0.1965, val_loss: 0.2069, lr: 0.000063, 19.86s
2026-05-22 11:17:21,393 - INFO - epoch complete!
2026-05-22 11:17:21,394 - INFO - evaluating now!
2026-05-22 11:17:21,470 - INFO - epoch complete!
2026-05-22 11:17:21,471 - INFO - evaluating now!
2026-05-22 11:17:23,144 - INFO - Epoch [48/100] train_loss: 0.1951, val_loss: 0.2037, lr: 0.000250, 19.75s
2026-05-22 11:17:23,157 - INFO - Epoch [50/100] train_loss: 0.1977, val_loss: 0.2081, lr: 0.000125, 19.21s
2026-05-22 11:17:23,179 - INFO - Saved model at 48
2026-05-22 11:17:23,179 - INFO - Val loss decrease from 0.2045 to 0.2037, saving to /home/lizhuoxuan/lzq/Bigscity-LibCity-master/outputs/20260522_110025__traffic_state_pred__new_fuzzy_2__PEMS_BAY/model_cache/new_fuzzy_2_PEMS_BAY_epoch48.tar
2026-05-22 11:17:24,266 - INFO - epoch complete!
2026-05-22 11:17:24,267 - INFO - evaluating now!
2026-05-22 11:17:25,970 - INFO - Epoch [48/100] train_loss: 0.1978, val_loss: 0.2102, lr: 0.000063, 19.68s
2026-05-22 11:17:36,255 - INFO - epoch complete!
2026-05-22 11:17:36,255 - INFO - evaluating now!
2026-05-22 11:17:38,009 - INFO - Epoch [49/100] train_loss: 0.1985, val_loss: 0.2065, lr: 0.000063, 19.72s
2026-05-22 11:17:40,670 - INFO - epoch complete!
2026-05-22 11:17:40,670 - INFO - evaluating now!
2026-05-22 11:17:41,205 - INFO - epoch complete!
2026-05-22 11:17:41,206 - INFO - evaluating now!
2026-05-22 11:17:42,344 - INFO - Epoch [51/100] train_loss: 0.1996, val_loss: 0.2070, lr: 0.000125, 19.19s
2026-05-22 11:17:42,935 - INFO - Epoch [49/100] train_loss: 0.1938, val_loss: 0.2075, lr: 0.000250, 19.76s
2026-05-22 11:17:44,010 - INFO - epoch complete!
2026-05-22 11:17:44,010 - INFO - evaluating now!
2026-05-22 11:17:45,770 - INFO - Epoch [49/100] train_loss: 0.1985, val_loss: 0.2114, lr: 0.000063, 19.80s
2026-05-22 11:17:56,114 - INFO - epoch complete!
2026-05-22 11:17:56,114 - INFO - evaluating now!
2026-05-22 11:17:57,844 - INFO - Epoch [50/100] train_loss: 0.1987, val_loss: 0.2063, lr: 0.000063, 19.83s
2026-05-22 11:17:57,876 - INFO - Saved model at 50
2026-05-22 11:17:57,876 - INFO - Val loss decrease from 0.2064 to 0.2063, saving to /home/lizhuoxuan/lzq/Bigscity-LibCity-master/outputs/20260522_110025__traffic_state_pred__new_fuzzy_2__PEMS_BAY/model_cache/new_fuzzy_2_PEMS_BAY_epoch50.tar
2026-05-22 11:17:59,814 - INFO - epoch complete!
2026-05-22 11:17:59,814 - INFO - evaluating now!
2026-05-22 11:18:00,975 - INFO - epoch complete!
2026-05-22 11:18:00,976 - INFO - evaluating now!
2026-05-22 11:18:01,586 - INFO - Epoch [52/100] train_loss: 0.1991, val_loss: 0.2125, lr: 0.000125, 19.24s
2026-05-22 11:18:02,798 - INFO - Epoch [50/100] train_loss: 0.1937, val_loss: 0.2095, lr: 0.000250, 19.86s
2026-05-22 11:18:03,879 - INFO - epoch complete!
2026-05-22 11:18:03,879 - INFO - evaluating now!
2026-05-22 11:18:05,580 - INFO - Epoch [50/100] train_loss: 0.1991, val_loss: 0.2102, lr: 0.000063, 19.81s
2026-05-22 11:18:16,064 - INFO - epoch complete!
2026-05-22 11:18:16,064 - INFO - evaluating now!
2026-05-22 11:18:17,841 - INFO - Epoch [51/100] train_loss: 0.1980, val_loss: 0.2104, lr: 0.000063, 19.97s
2026-05-22 11:18:19,084 - INFO - epoch complete!
2026-05-22 11:18:19,084 - INFO - evaluating now!
2026-05-22 11:18:20,771 - INFO - Epoch [53/100] train_loss: 0.1958, val_loss: 0.2068, lr: 0.000125, 19.18s
2026-05-22 11:18:20,843 - INFO - epoch complete!
2026-05-22 11:18:20,843 - INFO - evaluating now!
2026-05-22 11:18:22,641 - INFO - Epoch [51/100] train_loss: 0.1936, val_loss: 0.2009, lr: 0.000250, 19.84s
2026-05-22 11:18:22,674 - INFO - Saved model at 51
2026-05-22 11:18:22,674 - INFO - Val loss decrease from 0.2037 to 0.2009, saving to /home/lizhuoxuan/lzq/Bigscity-LibCity-master/outputs/20260522_110025__traffic_state_pred__new_fuzzy_2__PEMS_BAY/model_cache/new_fuzzy_2_PEMS_BAY_epoch51.tar
2026-05-22 11:18:23,610 - INFO - epoch complete!
2026-05-22 11:18:23,610 - INFO - evaluating now!
2026-05-22 11:18:25,354 - INFO - Epoch [51/100] train_loss: 0.1975, val_loss: 0.2098, lr: 0.000063, 19.77s
2026-05-22 11:18:35,828 - INFO - epoch complete!
2026-05-22 11:18:35,828 - INFO - evaluating now!
2026-05-22 11:18:37,577 - INFO - Epoch [52/100] train_loss: 0.1987, val_loss: 0.2054, lr: 0.000063, 19.74s
2026-05-22 11:18:37,609 - INFO - Saved model at 52
2026-05-22 11:18:37,609 - INFO - Val loss decrease from 0.2063 to 0.2054, saving to /home/lizhuoxuan/lzq/Bigscity-LibCity-master/outputs/20260522_110025__traffic_state_pred__new_fuzzy_2__PEMS_BAY/model_cache/new_fuzzy_2_PEMS_BAY_epoch52.tar
2026-05-22 11:18:38,308 - INFO - epoch complete!
2026-05-22 11:18:38,308 - INFO - evaluating now!
2026-05-22 11:18:39,998 - INFO - Epoch [54/100] train_loss: 0.1971, val_loss: 0.2066, lr: 0.000063, 19.23s
2026-05-22 11:18:41,143 - INFO - epoch complete!
2026-05-22 11:18:41,144 - INFO - evaluating now!
2026-05-22 11:18:42,907 - INFO - Epoch [52/100] train_loss: 0.1943, val_loss: 0.2021, lr: 0.000250, 20.23s
2026-05-22 11:18:43,378 - INFO - epoch complete!
2026-05-22 11:18:43,378 - INFO - evaluating now!
2026-05-22 11:18:45,089 - INFO - Epoch [52/100] train_loss: 0.1961, val_loss: 0.2089, lr: 0.000031, 19.73s
2026-05-22 11:18:55,675 - INFO - epoch complete!
2026-05-22 11:18:55,675 - INFO - evaluating now!
2026-05-22 11:18:57,428 - INFO - Epoch [53/100] train_loss: 0.1980, val_loss: 0.2087, lr: 0.000063, 19.82s
2026-05-22 11:18:57,515 - INFO - epoch complete!
2026-05-22 11:18:57,516 - INFO - evaluating now!
2026-05-22 11:18:59,211 - INFO - Epoch [55/100] train_loss: 0.1977, val_loss: 0.2072, lr: 0.000063, 19.21s
2026-05-22 11:19:00,987 - INFO - epoch complete!
2026-05-22 11:19:00,987 - INFO - evaluating now!
2026-05-22 11:19:02,843 - INFO - Epoch [53/100] train_loss: 0.1962, val_loss: 0.2053, lr: 0.000250, 19.94s
2026-05-22 11:19:03,212 - INFO - epoch complete!
2026-05-22 11:19:03,212 - INFO - evaluating now!
2026-05-22 11:19:04,921 - INFO - Epoch [53/100] train_loss: 0.1985, val_loss: 0.2108, lr: 0.000031, 19.83s
2026-05-22 11:19:15,454 - INFO - epoch complete!
2026-05-22 11:19:15,455 - INFO - evaluating now!
2026-05-22 11:19:16,728 - INFO - epoch complete!
2026-05-22 11:19:16,728 - INFO - evaluating now!
2026-05-22 11:19:17,248 - INFO - Epoch [54/100] train_loss: 0.1981, val_loss: 0.2062, lr: 0.000063, 19.82s
2026-05-22 11:19:18,405 - INFO - Epoch [56/100] train_loss: 0.1983, val_loss: 0.2078, lr: 0.000063, 19.19s
2026-05-22 11:19:21,010 - INFO - epoch complete!
2026-05-22 11:19:21,010 - INFO - evaluating now!
2026-05-22 11:19:22,765 - INFO - Epoch [54/100] train_loss: 0.1940, val_loss: 0.2029, lr: 0.000250, 19.92s
2026-05-22 11:19:23,019 - INFO - epoch complete!
2026-05-22 11:19:23,019 - INFO - evaluating now!
2026-05-22 11:19:24,776 - INFO - Epoch [54/100] train_loss: 0.1983, val_loss: 0.2084, lr: 0.000031, 19.85s
2026-05-22 11:19:24,808 - INFO - Saved model at 54
2026-05-22 11:19:24,808 - INFO - Val loss decrease from 0.2088 to 0.2084, saving to /home/lizhuoxuan/lzq/Bigscity-LibCity-master/outputs/20260522_110025__traffic_state_pred__new_fuzzy_2__PEMS_BAY/model_cache/new_fuzzy_2_PEMS_BAY_epoch54.tar
2026-05-22 11:19:35,400 - INFO - epoch complete!
2026-05-22 11:19:35,400 - INFO - evaluating now!
2026-05-22 11:19:35,905 - INFO - epoch complete!
2026-05-22 11:19:35,906 - INFO - evaluating now!
2026-05-22 11:19:37,131 - INFO - Epoch [55/100] train_loss: 0.1965, val_loss: 0.2071, lr: 0.000063, 19.88s
2026-05-22 11:19:37,596 - INFO - Epoch [57/100] train_loss: 0.1984, val_loss: 0.2081, lr: 0.000063, 19.19s
2026-05-22 11:19:40,958 - INFO - epoch complete!
2026-05-22 11:19:40,958 - INFO - evaluating now!
2026-05-22 11:19:42,708 - INFO - Epoch [55/100] train_loss: 0.1939, val_loss: 0.2069, lr: 0.000250, 19.94s
2026-05-22 11:19:42,822 - INFO - epoch complete!
2026-05-22 11:19:42,822 - INFO - evaluating now!
2026-05-22 11:19:44,557 - INFO - Epoch [55/100] train_loss: 0.1980, val_loss: 0.2092, lr: 0.000031, 19.75s
2026-05-22 11:19:55,109 - INFO - epoch complete!
2026-05-22 11:19:55,110 - INFO - evaluating now!
2026-05-22 11:19:55,200 - INFO - epoch complete!
2026-05-22 11:19:55,200 - INFO - evaluating now!
2026-05-22 11:19:56,802 - INFO - Epoch [58/100] train_loss: 0.1979, val_loss: 0.2067, lr: 0.000063, 19.21s
2026-05-22 11:19:56,938 - INFO - Epoch [56/100] train_loss: 0.1976, val_loss: 0.2075, lr: 0.000063, 19.81s
2026-05-22 11:20:00,988 - INFO - epoch complete!
2026-05-22 11:20:00,989 - INFO - evaluating now!
2026-05-22 11:20:02,715 - INFO - epoch complete!
2026-05-22 11:20:02,715 - INFO - evaluating now!
2026-05-22 11:20:02,829 - INFO - Epoch [56/100] train_loss: 0.1918, val_loss: 0.2025, lr: 0.000250, 20.12s
2026-05-22 11:20:04,440 - INFO - Epoch [56/100] train_loss: 0.1969, val_loss: 0.2092, lr: 0.000031, 19.88s
2026-05-22 11:20:14,298 - INFO - epoch complete!
2026-05-22 11:20:14,298 - INFO - evaluating now!
2026-05-22 11:20:15,055 - INFO - epoch complete!
2026-05-22 11:20:15,055 - INFO - evaluating now!
2026-05-22 11:20:15,986 - INFO - Epoch [59/100] train_loss: 0.1972, val_loss: 0.2058, lr: 0.000063, 19.18s
2026-05-22 11:20:16,022 - INFO - Saved model at 59
2026-05-22 11:20:16,022 - INFO - Val loss decrease from 0.2064 to 0.2058, saving to /home/lizhuoxuan/lzq/Bigscity-LibCity-master/outputs/20260522_110025__traffic_state_pred__new_fuzzy_2__PEMS_BAY/model_cache/new_fuzzy_2_PEMS_BAY_epoch59.tar
2026-05-22 11:20:16,871 - INFO - Epoch [57/100] train_loss: 0.1975, val_loss: 0.2083, lr: 0.000063, 19.93s
2026-05-22 11:20:21,362 - INFO - epoch complete!
2026-05-22 11:20:21,362 - INFO - evaluating now!
2026-05-22 11:20:22,597 - INFO - epoch complete!
2026-05-22 11:20:22,598 - INFO - evaluating now!
2026-05-22 11:20:23,148 - INFO - Epoch [57/100] train_loss: 0.1923, val_loss: 0.2019, lr: 0.000125, 20.32s
2026-05-22 11:20:24,341 - INFO - Epoch [57/100] train_loss: 0.1968, val_loss: 0.2090, lr: 0.000031, 19.90s
2026-05-22 11:20:33,535 - INFO - epoch complete!
2026-05-22 11:20:33,535 - INFO - evaluating now!
2026-05-22 11:20:34,924 - INFO - epoch complete!
2026-05-22 11:20:34,924 - INFO - evaluating now!
2026-05-22 11:20:35,217 - INFO - Epoch [60/100] train_loss: 0.1972, val_loss: 0.2103, lr: 0.000063, 19.20s
2026-05-22 11:20:36,702 - INFO - Epoch [58/100] train_loss: 0.1978, val_loss: 0.2079, lr: 0.000031, 19.83s
2026-05-22 11:20:41,784 - INFO - epoch complete!
2026-05-22 11:20:41,784 - INFO - evaluating now!
2026-05-22 11:20:42,433 - INFO - epoch complete!
2026-05-22 11:20:42,434 - INFO - evaluating now!
2026-05-22 11:20:43,596 - INFO - Epoch [58/100] train_loss: 0.1911, val_loss: 0.2026, lr: 0.000125, 20.45s
2026-05-22 11:20:44,215 - INFO - Epoch [58/100] train_loss: 0.1975, val_loss: 0.2108, lr: 0.000031, 19.87s
2026-05-22 11:20:52,694 - INFO - epoch complete!
2026-05-22 11:20:52,694 - INFO - evaluating now!
2026-05-22 11:20:54,375 - INFO - Epoch [61/100] train_loss: 0.1954, val_loss: 0.2049, lr: 0.000063, 19.16s
2026-05-22 11:20:54,407 - INFO - Saved model at 61
2026-05-22 11:20:54,408 - INFO - Val loss decrease from 0.2058 to 0.2049, saving to /home/lizhuoxuan/lzq/Bigscity-LibCity-master/outputs/20260522_110025__traffic_state_pred__new_fuzzy_2__PEMS_BAY/model_cache/new_fuzzy_2_PEMS_BAY_epoch61.tar
2026-05-22 11:20:54,762 - INFO - epoch complete!
2026-05-22 11:20:54,762 - INFO - evaluating now!
2026-05-22 11:20:56,522 - INFO - Epoch [59/100] train_loss: 0.1960, val_loss: 0.2058, lr: 0.000031, 19.82s
2026-05-22 11:21:02,188 - INFO - epoch complete!
2026-05-22 11:21:02,188 - INFO - evaluating now!
2026-05-22 11:21:02,443 - INFO - epoch complete!
2026-05-22 11:21:02,444 - INFO - evaluating now!
2026-05-22 11:21:04,006 - INFO - Epoch [59/100] train_loss: 0.1903, val_loss: 0.2021, lr: 0.000125, 20.41s
2026-05-22 11:21:04,189 - INFO - Epoch [59/100] train_loss: 0.1994, val_loss: 0.2089, lr: 0.000031, 19.97s
2026-05-22 11:21:11,894 - INFO - epoch complete!
2026-05-22 11:21:11,894 - INFO - evaluating now!
2026-05-22 11:21:13,573 - INFO - Epoch [62/100] train_loss: 0.1993, val_loss: 0.2085, lr: 0.000063, 19.17s
2026-05-22 11:21:14,684 - INFO - epoch complete!
2026-05-22 11:21:14,684 - INFO - evaluating now!
2026-05-22 11:21:16,469 - INFO - Epoch [60/100] train_loss: 0.1979, val_loss: 0.2067, lr: 0.000031, 19.95s
2026-05-22 11:21:22,275 - INFO - epoch complete!
2026-05-22 11:21:22,275 - INFO - evaluating now!
2026-05-22 11:21:22,541 - INFO - epoch complete!
2026-05-22 11:21:22,542 - INFO - evaluating now!
2026-05-22 11:21:24,019 - INFO - Epoch [60/100] train_loss: 0.1955, val_loss: 0.2085, lr: 0.000016, 19.83s
2026-05-22 11:21:24,352 - INFO - Epoch [60/100] train_loss: 0.1935, val_loss: 0.2005, lr: 0.000125, 20.35s
2026-05-22 11:21:24,385 - INFO - Saved model at 60
2026-05-22 11:21:24,385 - INFO - Val loss decrease from 0.2009 to 0.2005, saving to /home/lizhuoxuan/lzq/Bigscity-LibCity-master/outputs/20260522_110025__traffic_state_pred__new_fuzzy_2__PEMS_BAY/model_cache/new_fuzzy_2_PEMS_BAY_epoch60.tar
2026-05-22 11:21:31,066 - INFO - epoch complete!
2026-05-22 11:21:31,066 - INFO - evaluating now!
2026-05-22 11:21:32,795 - INFO - Epoch [63/100] train_loss: 0.1973, val_loss: 0.2065, lr: 0.000063, 19.22s
2026-05-22 11:21:34,595 - INFO - epoch complete!
2026-05-22 11:21:34,595 - INFO - evaluating now!
2026-05-22 11:21:36,356 - INFO - Epoch [61/100] train_loss: 0.1946, val_loss: 0.2075, lr: 0.000031, 19.89s
2026-05-22 11:21:42,127 - INFO - epoch complete!
2026-05-22 11:21:42,128 - INFO - evaluating now!
2026-05-22 11:21:42,975 - INFO - epoch complete!
2026-05-22 11:21:42,975 - INFO - evaluating now!
2026-05-22 11:21:43,845 - INFO - Epoch [61/100] train_loss: 0.1994, val_loss: 0.2094, lr: 0.000016, 19.83s
2026-05-22 11:21:44,776 - INFO - Epoch [61/100] train_loss: 0.1923, val_loss: 0.1995, lr: 0.000125, 20.39s
2026-05-22 11:21:44,967 - INFO - Saved model at 61
2026-05-22 11:21:44,967 - INFO - Val loss decrease from 0.2005 to 0.1995, saving to /home/lizhuoxuan/lzq/Bigscity-LibCity-master/outputs/20260522_110025__traffic_state_pred__new_fuzzy_2__PEMS_BAY/model_cache/new_fuzzy_2_PEMS_BAY_epoch61.tar
2026-05-22 11:21:50,249 - INFO - epoch complete!
2026-05-22 11:21:50,249 - INFO - evaluating now!
2026-05-22 11:21:51,929 - INFO - Epoch [64/100] train_loss: 0.1958, val_loss: 0.2085, lr: 0.000063, 19.13s
2026-05-22 11:21:54,403 - INFO - epoch complete!
2026-05-22 11:21:54,403 - INFO - evaluating now!
2026-05-22 11:21:56,144 - INFO - Epoch [62/100] train_loss: 0.1963, val_loss: 0.2086, lr: 0.000031, 19.79s
2026-05-22 11:22:01,968 - INFO - epoch complete!
2026-05-22 11:22:01,968 - INFO - evaluating now!
2026-05-22 11:22:03,467 - INFO - epoch complete!
2026-05-22 11:22:03,467 - INFO - evaluating now!
2026-05-22 11:22:03,701 - INFO - Epoch [62/100] train_loss: 0.1974, val_loss: 0.2088, lr: 0.000016, 19.86s
2026-05-22 11:22:05,267 - INFO - Epoch [62/100] train_loss: 0.1897, val_loss: 0.1980, lr: 0.000125, 20.30s
2026-05-22 11:22:05,299 - INFO - Saved model at 62
2026-05-22 11:22:05,299 - INFO - Val loss decrease from 0.1995 to 0.1980, saving to /home/lizhuoxuan/lzq/Bigscity-LibCity-master/outputs/20260522_110025__traffic_state_pred__new_fuzzy_2__PEMS_BAY/model_cache/new_fuzzy_2_PEMS_BAY_epoch62.tar
2026-05-22 11:22:09,417 - INFO - epoch complete!
2026-05-22 11:22:09,417 - INFO - evaluating now!
2026-05-22 11:22:11,096 - INFO - Epoch [65/100] train_loss: 0.1972, val_loss: 0.2070, lr: 0.000063, 19.17s
2026-05-22 11:22:14,270 - INFO - epoch complete!
2026-05-22 11:22:14,270 - INFO - evaluating now!
2026-05-22 11:22:16,086 - INFO - Epoch [63/100] train_loss: 0.1975, val_loss: 0.2076, lr: 0.000031, 19.94s
2026-05-22 11:22:21,715 - INFO - epoch complete!
2026-05-22 11:22:21,715 - INFO - evaluating now!
2026-05-22 11:22:23,451 - INFO - Epoch [63/100] train_loss: 0.1977, val_loss: 0.2087, lr: 0.000016, 19.75s
2026-05-22 11:22:23,794 - INFO - epoch complete!
2026-05-22 11:22:23,794 - INFO - evaluating now!
2026-05-22 11:22:25,580 - INFO - Epoch [63/100] train_loss: 0.1912, val_loss: 0.1988, lr: 0.000125, 20.28s
2026-05-22 11:22:28,589 - INFO - epoch complete!
2026-05-22 11:22:28,590 - INFO - evaluating now!
2026-05-22 11:22:30,269 - INFO - Epoch [66/100] train_loss: 0.1967, val_loss: 0.2072, lr: 0.000063, 19.17s
2026-05-22 11:22:34,148 - INFO - epoch complete!
2026-05-22 11:22:34,148 - INFO - evaluating now!
2026-05-22 11:22:35,879 - INFO - Epoch [64/100] train_loss: 0.1987, val_loss: 0.2061, lr: 0.000016, 19.79s
2026-05-22 11:22:41,530 - INFO - epoch complete!
2026-05-22 11:22:41,530 - INFO - evaluating now!
2026-05-22 11:22:43,274 - INFO - Epoch [64/100] train_loss: 0.1952, val_loss: 0.2102, lr: 0.000016, 19.82s
2026-05-22 11:22:44,056 - INFO - epoch complete!
2026-05-22 11:22:44,056 - INFO - evaluating now!
2026-05-22 11:22:45,868 - INFO - Epoch [64/100] train_loss: 0.1918, val_loss: 0.1998, lr: 0.000125, 20.29s
2026-05-22 11:22:47,775 - INFO - epoch complete!
2026-05-22 11:22:47,775 - INFO - evaluating now!
2026-05-22 11:22:49,453 - INFO - Epoch [67/100] train_loss: 0.1971, val_loss: 0.2077, lr: 0.000031, 19.18s
2026-05-22 11:22:53,943 - INFO - epoch complete!
2026-05-22 11:22:53,943 - INFO - evaluating now!
2026-05-22 11:22:55,695 - INFO - Epoch [65/100] train_loss: 0.1963, val_loss: 0.2063, lr: 0.000016, 19.82s
2026-05-22 11:23:01,432 - INFO - epoch complete!
2026-05-22 11:23:01,432 - INFO - evaluating now!
2026-05-22 11:23:03,224 - INFO - Epoch [65/100] train_loss: 0.1977, val_loss: 0.2090, lr: 0.000016, 19.95s
2026-05-22 11:23:04,359 - INFO - epoch complete!
2026-05-22 11:23:04,359 - INFO - evaluating now!
2026-05-22 11:23:06,195 - INFO - Epoch [65/100] train_loss: 0.1910, val_loss: 0.2039, lr: 0.000125, 20.33s
2026-05-22 11:23:07,018 - INFO - epoch complete!
2026-05-22 11:23:07,018 - INFO - evaluating now!
2026-05-22 11:23:08,742 - INFO - Epoch [68/100] train_loss: 0.1949, val_loss: 0.2048, lr: 0.000031, 19.29s
2026-05-22 11:23:08,774 - INFO - Saved model at 68
2026-05-22 11:23:08,774 - INFO - Val loss decrease from 0.2049 to 0.2048, saving to /home/lizhuoxuan/lzq/Bigscity-LibCity-master/outputs/20260522_110025__traffic_state_pred__new_fuzzy_2__PEMS_BAY/model_cache/new_fuzzy_2_PEMS_BAY_epoch68.tar
2026-05-22 11:23:13,869 - INFO - epoch complete!
2026-05-22 11:23:13,869 - INFO - evaluating now!
2026-05-22 11:23:15,642 - INFO - Epoch [66/100] train_loss: 0.1940, val_loss: 0.2056, lr: 0.000016, 19.95s
2026-05-22 11:23:21,286 - INFO - epoch complete!
2026-05-22 11:23:21,286 - INFO - evaluating now!
2026-05-22 11:23:23,101 - INFO - Epoch [66/100] train_loss: 0.1979, val_loss: 0.2088, lr: 0.000008, 19.88s
2026-05-22 11:23:24,764 - INFO - epoch complete!
2026-05-22 11:23:24,764 - INFO - evaluating now!
2026-05-22 11:23:26,267 - INFO - epoch complete!
2026-05-22 11:23:26,268 - INFO - evaluating now!
2026-05-22 11:23:26,572 - INFO - Epoch [66/100] train_loss: 0.1917, val_loss: 0.2003, lr: 0.000125, 20.38s
2026-05-22 11:23:27,950 - INFO - Epoch [69/100] train_loss: 0.1962, val_loss: 0.2060, lr: 0.000031, 19.18s
2026-05-22 11:23:33,793 - INFO - epoch complete!
2026-05-22 11:23:33,794 - INFO - evaluating now!
2026-05-22 11:23:35,520 - INFO - Epoch [67/100] train_loss: 0.1951, val_loss: 0.2072, lr: 0.000016, 19.88s
2026-05-22 11:23:41,207 - INFO - epoch complete!
2026-05-22 11:23:41,207 - INFO - evaluating now!
2026-05-22 11:23:42,938 - INFO - Epoch [67/100] train_loss: 0.1977, val_loss: 0.2102, lr: 0.000008, 19.84s
2026-05-22 11:23:45,157 - INFO - epoch complete!
2026-05-22 11:23:45,157 - INFO - evaluating now!
2026-05-22 11:23:45,434 - INFO - epoch complete!
2026-05-22 11:23:45,434 - INFO - evaluating now!
2026-05-22 11:23:46,975 - INFO - Epoch [67/100] train_loss: 0.1904, val_loss: 0.2014, lr: 0.000125, 20.40s
2026-05-22 11:23:47,113 - INFO - Epoch [70/100] train_loss: 0.1985, val_loss: 0.2063, lr: 0.000031, 19.16s
2026-05-22 11:23:53,597 - INFO - epoch complete!
2026-05-22 11:23:53,598 - INFO - evaluating now!
2026-05-22 11:23:55,391 - INFO - Epoch [68/100] train_loss: 0.1953, val_loss: 0.2053, lr: 0.000016, 19.87s
2026-05-22 11:23:55,505 - INFO - Saved model at 68
2026-05-22 11:23:55,506 - INFO - Val loss decrease from 0.2054 to 0.2053, saving to /home/lizhuoxuan/lzq/Bigscity-LibCity-master/outputs/20260522_110025__traffic_state_pred__new_fuzzy_2__PEMS_BAY/model_cache/new_fuzzy_2_PEMS_BAY_epoch68.tar
2026-05-22 11:24:01,029 - INFO - epoch complete!
2026-05-22 11:24:01,030 - INFO - evaluating now!
2026-05-22 11:24:02,784 - INFO - Epoch [68/100] train_loss: 0.1965, val_loss: 0.2095, lr: 0.000008, 19.85s
2026-05-22 11:24:04,587 - INFO - epoch complete!
2026-05-22 11:24:04,587 - INFO - evaluating now!
2026-05-22 11:24:05,247 - INFO - epoch complete!
2026-05-22 11:24:05,248 - INFO - evaluating now!
2026-05-22 11:24:06,267 - INFO - Epoch [71/100] train_loss: 0.1953, val_loss: 0.2044, lr: 0.000031, 19.15s
2026-05-22 11:24:06,299 - INFO - Saved model at 71
2026-05-22 11:24:06,299 - INFO - Val loss decrease from 0.2048 to 0.2044, saving to /home/lizhuoxuan/lzq/Bigscity-LibCity-master/outputs/20260522_110025__traffic_state_pred__new_fuzzy_2__PEMS_BAY/model_cache/new_fuzzy_2_PEMS_BAY_epoch71.tar
2026-05-22 11:24:07,012 - INFO - Epoch [68/100] train_loss: 0.1934, val_loss: 0.1975, lr: 0.000125, 20.04s
2026-05-22 11:24:07,127 - INFO - Saved model at 68
2026-05-22 11:24:07,127 - INFO - Val loss decrease from 0.1980 to 0.1975, saving to /home/lizhuoxuan/lzq/Bigscity-LibCity-master/outputs/20260522_110025__traffic_state_pred__new_fuzzy_2__PEMS_BAY/model_cache/new_fuzzy_2_PEMS_BAY_epoch68.tar
2026-05-22 11:24:13,697 - INFO - epoch complete!
2026-05-22 11:24:13,697 - INFO - evaluating now!
2026-05-22 11:24:15,506 - INFO - Epoch [69/100] train_loss: 0.1964, val_loss: 0.2063, lr: 0.000016, 20.00s
2026-05-22 11:24:20,940 - INFO - epoch complete!
2026-05-22 11:24:20,941 - INFO - evaluating now!
2026-05-22 11:24:22,683 - INFO - Epoch [69/100] train_loss: 0.1987, val_loss: 0.2104, lr: 0.000008, 19.88s
2026-05-22 11:24:23,841 - INFO - epoch complete!
2026-05-22 11:24:23,841 - INFO - evaluating now!
2026-05-22 11:24:25,439 - INFO - epoch complete!
2026-05-22 11:24:25,439 - INFO - evaluating now!
2026-05-22 11:24:25,543 - INFO - Epoch [72/100] train_loss: 0.1976, val_loss: 0.2050, lr: 0.000031, 19.24s
2026-05-22 11:24:27,223 - INFO - Epoch [69/100] train_loss: 0.1891, val_loss: 0.1990, lr: 0.000125, 20.10s
2026-05-22 11:24:33,621 - INFO - epoch complete!
2026-05-22 11:24:33,621 - INFO - evaluating now!
2026-05-22 11:24:35,403 - INFO - Epoch [70/100] train_loss: 0.1945, val_loss: 0.2071, lr: 0.000008, 19.90s
2026-05-22 11:24:40,862 - INFO - epoch complete!
2026-05-22 11:24:40,862 - INFO - evaluating now!
2026-05-22 11:24:42,601 - INFO - Epoch [70/100] train_loss: 0.1988, val_loss: 0.2096, lr: 0.000008, 19.92s
2026-05-22 11:24:43,075 - INFO - epoch complete!
2026-05-22 11:24:43,075 - INFO - evaluating now!
2026-05-22 11:24:44,771 - INFO - Epoch [73/100] train_loss: 0.1960, val_loss: 0.2072, lr: 0.000031, 19.23s
2026-05-22 11:24:45,530 - INFO - epoch complete!
2026-05-22 11:24:45,530 - INFO - evaluating now!
2026-05-22 11:24:47,298 - INFO - Epoch [70/100] train_loss: 0.1885, val_loss: 0.2023, lr: 0.000125, 20.08s
2026-05-22 11:24:53,545 - INFO - epoch complete!
2026-05-22 11:24:53,545 - INFO - evaluating now!
2026-05-22 11:24:55,303 - INFO - Epoch [71/100] train_loss: 0.1970, val_loss: 0.2070, lr: 0.000008, 19.90s
2026-05-22 11:25:00,702 - INFO - epoch complete!
2026-05-22 11:25:00,702 - INFO - evaluating now!
2026-05-22 11:25:02,294 - INFO - epoch complete!
2026-05-22 11:25:02,295 - INFO - evaluating now!
2026-05-22 11:25:02,414 - INFO - Epoch [71/100] train_loss: 0.1982, val_loss: 0.2097, lr: 0.000008, 19.81s
2026-05-22 11:25:03,991 - INFO - Epoch [74/100] train_loss: 0.1957, val_loss: 0.2062, lr: 0.000031, 19.22s
2026-05-22 11:25:05,584 - INFO - epoch complete!
2026-05-22 11:25:05,585 - INFO - evaluating now!
2026-05-22 11:25:07,354 - INFO - Epoch [71/100] train_loss: 0.1884, val_loss: 0.2001, lr: 0.000125, 20.06s
2026-05-22 11:25:13,529 - INFO - epoch complete!
2026-05-22 11:25:13,530 - INFO - evaluating now!
2026-05-22 11:25:15,284 - INFO - Epoch [72/100] train_loss: 0.1952, val_loss: 0.2062, lr: 0.000008, 19.98s
2026-05-22 11:25:20,506 - INFO - epoch complete!
2026-05-22 11:25:20,506 - INFO - evaluating now!
2026-05-22 11:25:21,509 - INFO - epoch complete!
2026-05-22 11:25:21,509 - INFO - evaluating now!
2026-05-22 11:25:22,264 - INFO - Epoch [72/100] train_loss: 0.1957, val_loss: 0.2095, lr: 0.000004, 19.85s
2026-05-22 11:25:23,289 - INFO - Epoch [75/100] train_loss: 0.1954, val_loss: 0.2057, lr: 0.000031, 19.30s
2026-05-22 11:25:25,546 - INFO - epoch complete!
2026-05-22 11:25:25,546 - INFO - evaluating now!
2026-05-22 11:25:27,294 - INFO - Epoch [72/100] train_loss: 0.1910, val_loss: 0.2047, lr: 0.000125, 19.94s
2026-05-22 11:25:33,333 - INFO - epoch complete!
2026-05-22 11:25:33,333 - INFO - evaluating now!
2026-05-22 11:25:35,075 - INFO - Epoch [73/100] train_loss: 0.1962, val_loss: 0.2056, lr: 0.000008, 19.79s
2026-05-22 11:25:40,384 - INFO - epoch complete!
2026-05-22 11:25:40,384 - INFO - evaluating now!
2026-05-22 11:25:40,805 - INFO - epoch complete!
2026-05-22 11:25:40,805 - INFO - evaluating now!
2026-05-22 11:25:42,144 - INFO - Epoch [73/100] train_loss: 0.1972, val_loss: 0.2099, lr: 0.000004, 19.88s
2026-05-22 11:25:42,543 - INFO - Epoch [76/100] train_loss: 0.1971, val_loss: 0.2085, lr: 0.000031, 19.25s
2026-05-22 11:25:45,490 - INFO - epoch complete!
2026-05-22 11:25:45,491 - INFO - evaluating now!
2026-05-22 11:25:47,254 - INFO - Epoch [73/100] train_loss: 0.1901, val_loss: 0.2012, lr: 0.000125, 19.96s
2026-05-22 11:25:53,101 - INFO - epoch complete!
2026-05-22 11:25:53,101 - INFO - evaluating now!
2026-05-22 11:25:54,860 - INFO - Epoch [74/100] train_loss: 0.1949, val_loss: 0.2061, lr: 0.000008, 19.78s
2026-05-22 11:26:00,064 - INFO - epoch complete!
2026-05-22 11:26:00,064 - INFO - evaluating now!
2026-05-22 11:26:00,172 - INFO - epoch complete!
2026-05-22 11:26:00,173 - INFO - evaluating now!
2026-05-22 11:26:01,808 - INFO - Epoch [77/100] train_loss: 0.1971, val_loss: 0.2062, lr: 0.000016, 19.27s
2026-05-22 11:26:01,971 - INFO - Epoch [74/100] train_loss: 0.1962, val_loss: 0.2090, lr: 0.000004, 19.83s
2026-05-22 11:26:05,378 - INFO - epoch complete!
2026-05-22 11:26:05,379 - INFO - evaluating now!
2026-05-22 11:26:07,145 - INFO - Epoch [74/100] train_loss: 0.1918, val_loss: 0.2018, lr: 0.000063, 19.89s
2026-05-22 11:26:13,009 - INFO - epoch complete!
2026-05-22 11:26:13,010 - INFO - evaluating now!
2026-05-22 11:26:14,770 - INFO - Epoch [75/100] train_loss: 0.1960, val_loss: 0.2059, lr: 0.000008, 19.91s
2026-05-22 11:26:19,288 - INFO - epoch complete!
2026-05-22 11:26:19,288 - INFO - evaluating now!
2026-05-22 11:26:20,105 - INFO - epoch complete!
2026-05-22 11:26:20,105 - INFO - evaluating now!
2026-05-22 11:26:20,990 - INFO - Epoch [78/100] train_loss: 0.1960, val_loss: 0.2050, lr: 0.000016, 19.18s
2026-05-22 11:26:21,838 - INFO - Epoch [75/100] train_loss: 0.1992, val_loss: 0.2096, lr: 0.000004, 19.87s
2026-05-22 11:26:25,398 - INFO - epoch complete!
2026-05-22 11:26:25,398 - INFO - evaluating now!
2026-05-22 11:26:27,208 - INFO - Epoch [75/100] train_loss: 0.1881, val_loss: 0.2017, lr: 0.000063, 20.06s
2026-05-22 11:26:32,872 - INFO - epoch complete!
2026-05-22 11:26:32,872 - INFO - evaluating now!
2026-05-22 11:26:34,647 - INFO - Epoch [76/100] train_loss: 0.1960, val_loss: 0.2064, lr: 0.000004, 19.88s
2026-05-22 11:26:38,448 - INFO - epoch complete!
2026-05-22 11:26:38,448 - INFO - evaluating now!
2026-05-22 11:26:39,876 - INFO - epoch complete!
2026-05-22 11:26:39,876 - INFO - evaluating now!
2026-05-22 11:26:40,130 - INFO - Epoch [79/100] train_loss: 0.1973, val_loss: 0.2055, lr: 0.000016, 19.14s
2026-05-22 11:26:41,604 - INFO - Epoch [76/100] train_loss: 0.1947, val_loss: 0.2094, lr: 0.000004, 19.77s
2026-05-22 11:26:45,560 - INFO - epoch complete!
2026-05-22 11:26:45,561 - INFO - evaluating now!
2026-05-22 11:26:47,332 - INFO - Epoch [76/100] train_loss: 0.1892, val_loss: 0.2004, lr: 0.000063, 20.12s
2026-05-22 11:26:52,844 - INFO - epoch complete!
2026-05-22 11:26:52,844 - INFO - evaluating now!
2026-05-22 11:26:54,610 - INFO - Epoch [77/100] train_loss: 0.1957, val_loss: 0.2066, lr: 0.000004, 19.96s
2026-05-22 11:26:57,567 - INFO - epoch complete!
2026-05-22 11:26:57,567 - INFO - evaluating now!
2026-05-22 11:26:59,236 - INFO - Epoch [80/100] train_loss: 0.1970, val_loss: 0.2052, lr: 0.000016, 19.11s
2026-05-22 11:26:59,692 - INFO - epoch complete!
2026-05-22 11:26:59,692 - INFO - evaluating now!
2026-05-22 11:27:01,440 - INFO - Epoch [77/100] train_loss: 0.1984, val_loss: 0.2100, lr: 0.000004, 19.84s
2026-05-22 11:27:05,495 - INFO - epoch complete!
2026-05-22 11:27:05,495 - INFO - evaluating now!
2026-05-22 11:27:07,239 - INFO - Epoch [77/100] train_loss: 0.1868, val_loss: 0.1984, lr: 0.000063, 19.91s
2026-05-22 11:27:12,654 - INFO - epoch complete!
2026-05-22 11:27:12,654 - INFO - evaluating now!
2026-05-22 11:27:14,405 - INFO - Epoch [78/100] train_loss: 0.1971, val_loss: 0.2060, lr: 0.000004, 19.79s
2026-05-22 11:27:16,734 - INFO - epoch complete!
2026-05-22 11:27:16,735 - INFO - evaluating now!
2026-05-22 11:27:18,408 - INFO - Epoch [81/100] train_loss: 0.1962, val_loss: 0.2057, lr: 0.000016, 19.17s
2026-05-22 11:27:19,490 - INFO - epoch complete!
2026-05-22 11:27:19,490 - INFO - evaluating now!
2026-05-22 11:27:21,183 - INFO - Epoch [78/100] train_loss: 0.1970, val_loss: 0.2090, lr: 0.000002, 19.74s
2026-05-22 11:27:25,615 - INFO - epoch complete!
2026-05-22 11:27:25,616 - INFO - evaluating now!
2026-05-22 11:27:27,400 - INFO - Epoch [78/100] train_loss: 0.1871, val_loss: 0.2003, lr: 0.000063, 20.16s
2026-05-22 11:27:32,614 - INFO - epoch complete!
2026-05-22 11:27:32,614 - INFO - evaluating now!
2026-05-22 11:27:34,358 - INFO - Epoch [79/100] train_loss: 0.1950, val_loss: 0.2064, lr: 0.000004, 19.95s
2026-05-22 11:27:35,857 - INFO - epoch complete!
2026-05-22 11:27:35,857 - INFO - evaluating now!
2026-05-22 11:27:37,534 - INFO - Epoch [82/100] train_loss: 0.1980, val_loss: 0.2050, lr: 0.000016, 19.13s
2026-05-22 11:27:39,233 - INFO - epoch complete!
2026-05-22 11:27:39,234 - INFO - evaluating now!
2026-05-22 11:27:40,921 - INFO - Epoch [79/100] train_loss: 0.1974, val_loss: 0.2093, lr: 0.000002, 19.74s
2026-05-22 11:27:45,763 - INFO - epoch complete!
2026-05-22 11:27:45,763 - INFO - evaluating now!
2026-05-22 11:27:47,538 - INFO - Epoch [79/100] train_loss: 0.1887, val_loss: 0.1997, lr: 0.000063, 20.14s
2026-05-22 11:27:52,541 - INFO - epoch complete!
2026-05-22 11:27:52,542 - INFO - evaluating now!
2026-05-22 11:27:54,365 - INFO - Epoch [80/100] train_loss: 0.1954, val_loss: 0.2063, lr: 0.000004, 20.01s
2026-05-22 11:27:54,996 - INFO - epoch complete!
2026-05-22 11:27:54,997 - INFO - evaluating now!
2026-05-22 11:27:56,665 - INFO - Epoch [83/100] train_loss: 0.1981, val_loss: 0.2059, lr: 0.000008, 19.13s
2026-05-22 11:27:59,058 - INFO - epoch complete!
2026-05-22 11:27:59,059 - INFO - evaluating now!
2026-05-22 11:28:00,787 - INFO - Epoch [80/100] train_loss: 0.1977, val_loss: 0.2094, lr: 0.000002, 19.87s
2026-05-22 11:28:05,639 - INFO - epoch complete!
2026-05-22 11:28:05,639 - INFO - evaluating now!
2026-05-22 11:28:07,399 - INFO - Epoch [80/100] train_loss: 0.1877, val_loss: 0.1979, lr: 0.000031, 19.86s
2026-05-22 11:28:12,472 - INFO - epoch complete!
2026-05-22 11:28:12,472 - INFO - evaluating now!
2026-05-22 11:28:14,137 - INFO - epoch complete!
2026-05-22 11:28:14,137 - INFO - evaluating now!
2026-05-22 11:28:14,217 - INFO - Epoch [81/100] train_loss: 0.1974, val_loss: 0.2059, lr: 0.000004, 19.85s
2026-05-22 11:28:15,812 - INFO - Epoch [84/100] train_loss: 0.1973, val_loss: 0.2055, lr: 0.000008, 19.15s
2026-05-22 11:28:18,738 - INFO - epoch complete!
2026-05-22 11:28:18,738 - INFO - evaluating now!
2026-05-22 11:28:20,491 - INFO - Epoch [81/100] train_loss: 0.1958, val_loss: 0.2094, lr: 0.000002, 19.70s
2026-05-22 11:28:25,599 - INFO - epoch complete!
2026-05-22 11:28:25,599 - INFO - evaluating now!
2026-05-22 11:28:27,377 - INFO - Epoch [81/100] train_loss: 0.1891, val_loss: 0.1996, lr: 0.000031, 19.98s
2026-05-22 11:28:32,335 - INFO - epoch complete!
2026-05-22 11:28:32,336 - INFO - evaluating now!
2026-05-22 11:28:33,321 - INFO - epoch complete!
2026-05-22 11:28:33,321 - INFO - evaluating now!
2026-05-22 11:28:34,074 - INFO - Epoch [82/100] train_loss: 0.1927, val_loss: 0.2065, lr: 0.000002, 19.86s
2026-05-22 11:28:35,011 - INFO - Epoch [85/100] train_loss: 0.1966, val_loss: 0.2056, lr: 0.000008, 19.20s
2026-05-22 11:28:38,764 - INFO - epoch complete!
2026-05-22 11:28:38,764 - INFO - evaluating now!
2026-05-22 11:28:40,488 - INFO - Epoch [82/100] train_loss: 0.1966, val_loss: 0.2094, lr: 0.000002, 20.00s
2026-05-22 11:28:45,569 - INFO - epoch complete!
2026-05-22 11:28:45,569 - INFO - evaluating now!
2026-05-22 11:28:47,343 - INFO - Epoch [82/100] train_loss: 0.1884, val_loss: 0.1988, lr: 0.000031, 19.97s
2026-05-22 11:28:52,149 - INFO - epoch complete!
2026-05-22 11:28:52,150 - INFO - evaluating now!
2026-05-22 11:28:52,532 - INFO - epoch complete!
2026-05-22 11:28:52,532 - INFO - evaluating now!
2026-05-22 11:28:54,061 - INFO - Epoch [83/100] train_loss: 0.1963, val_loss: 0.2060, lr: 0.000002, 19.99s
2026-05-22 11:28:54,313 - INFO - Epoch [86/100] train_loss: 0.1975, val_loss: 0.2050, lr: 0.000008, 19.30s
2026-05-22 11:28:58,653 - INFO - epoch complete!
2026-05-22 11:28:58,653 - INFO - evaluating now!
2026-05-22 11:29:00,420 - INFO - Epoch [83/100] train_loss: 0.1955, val_loss: 0.2095, lr: 0.000002, 19.93s
2026-05-22 11:29:05,560 - INFO - epoch complete!
2026-05-22 11:29:05,561 - INFO - evaluating now!
2026-05-22 11:29:07,331 - INFO - Epoch [83/100] train_loss: 0.1866, val_loss: 0.2006, lr: 0.000031, 19.99s
2026-05-22 11:29:11,857 - INFO - epoch complete!
2026-05-22 11:29:11,857 - INFO - evaluating now!
2026-05-22 11:29:12,119 - INFO - epoch complete!
2026-05-22 11:29:12,120 - INFO - evaluating now!
2026-05-22 11:29:13,527 - INFO - Epoch [87/100] train_loss: 0.1970, val_loss: 0.2056, lr: 0.000008, 19.21s
2026-05-22 11:29:13,872 - INFO - Epoch [84/100] train_loss: 0.1975, val_loss: 0.2064, lr: 0.000002, 19.81s
2026-05-22 11:29:18,550 - INFO - epoch complete!
2026-05-22 11:29:18,550 - INFO - evaluating now!
2026-05-22 11:29:20,299 - INFO - Epoch [84/100] train_loss: 0.1991, val_loss: 0.2094, lr: 0.000001, 19.88s
2026-05-22 11:29:20,299 - WARNING - Early stopping at epoch: 84
2026-05-22 11:29:20,299 - INFO - Trained totally 85 epochs, average train time is 18.120s, average eval time is 1.772s
2026-05-22 11:29:20,381 - INFO - Loaded model at 54
2026-05-22 11:29:20,382 - INFO - Saved model at /home/lizhuoxuan/lzq/Bigscity-LibCity-master/outputs/20260522_110025__traffic_state_pred__new_fuzzy_2__PEMS_BAY/model_cache/new_fuzzy_2_PEMS_BAY.m
2026-05-22 11:29:20,416 - INFO - Start evaluating ...
2026-05-22 11:29:25,615 - INFO - epoch complete!
2026-05-22 11:29:25,616 - INFO - evaluating now!
2026-05-22 11:29:27,415 - INFO - Epoch [84/100] train_loss: 0.1846, val_loss: 0.1975, lr: 0.000031, 20.08s
2026-05-22 11:29:27,449 - INFO - Saved model at 84
2026-05-22 11:29:27,449 - INFO - Val loss decrease from 0.1975 to 0.1975, saving to /home/lizhuoxuan/lzq/Bigscity-LibCity-master/outputs/20260522_110025__traffic_state_pred__new_fuzzy_2__PEMS_BAY/model_cache/new_fuzzy_2_PEMS_BAY_epoch84.tar
2026-05-22 11:29:30,977 - INFO - epoch complete!
2026-05-22 11:29:30,977 - INFO - evaluating now!
2026-05-22 11:29:32,044 - INFO - epoch complete!
2026-05-22 11:29:32,044 - INFO - evaluating now!
2026-05-22 11:29:32,637 - INFO - Epoch [88/100] train_loss: 0.1961, val_loss: 0.2059, lr: 0.000008, 19.11s
2026-05-22 11:29:33,784 - INFO - Epoch [85/100] train_loss: 0.1953, val_loss: 0.2060, lr: 0.000002, 19.91s
2026-05-22 11:29:45,755 - INFO - epoch complete!
2026-05-22 11:29:45,755 - INFO - evaluating now!
2026-05-22 11:29:47,564 - INFO - Epoch [85/100] train_loss: 0.1879, val_loss: 0.1993, lr: 0.000031, 20.11s
2026-05-22 11:29:49,962 - INFO - epoch complete!
2026-05-22 11:29:49,963 - INFO - evaluating now!
2026-05-22 11:29:51,617 - INFO - Epoch [89/100] train_loss: 0.1929, val_loss: 0.2060, lr: 0.000004, 18.98s
2026-05-22 11:29:51,798 - INFO - epoch complete!
2026-05-22 11:29:51,798 - INFO - evaluating now!
2026-05-22 11:29:53,706 - INFO - Epoch [86/100] train_loss: 0.1948, val_loss: 0.2063, lr: 0.000002, 19.92s
2026-05-22 11:30:06,082 - INFO - epoch complete!
2026-05-22 11:30:06,083 - INFO - evaluating now!
2026-05-22 11:30:07,902 - INFO - Epoch [86/100] train_loss: 0.1887, val_loss: 0.1981, lr: 0.000016, 20.34s
2026-05-22 11:30:08,946 - INFO - epoch complete!
2026-05-22 11:30:08,946 - INFO - evaluating now!
2026-05-22 11:30:10,615 - INFO - Epoch [90/100] train_loss: 0.1940, val_loss: 0.2054, lr: 0.000004, 19.00s
2026-05-22 11:30:11,774 - INFO - epoch complete!
2026-05-22 11:30:11,774 - INFO - evaluating now!
2026-05-22 11:30:13,526 - INFO - Epoch [87/100] train_loss: 0.1946, val_loss: 0.2059, lr: 0.000002, 19.82s
2026-05-22 11:30:26,423 - INFO - epoch complete!
2026-05-22 11:30:26,423 - INFO - evaluating now!
2026-05-22 11:30:27,918 - INFO - epoch complete!
2026-05-22 11:30:27,919 - INFO - evaluating now!
2026-05-22 11:30:28,222 - INFO - Epoch [87/100] train_loss: 0.1890, val_loss: 0.1989, lr: 0.000016, 20.32s
2026-05-22 11:30:29,559 - INFO - Epoch [91/100] train_loss: 0.1953, val_loss: 0.2059, lr: 0.000004, 18.94s
2026-05-22 11:30:31,776 - INFO - epoch complete!
2026-05-22 11:30:31,776 - INFO - evaluating now!
2026-05-22 11:30:33,537 - INFO - Epoch [88/100] train_loss: 0.1956, val_loss: 0.2063, lr: 0.000001, 20.01s
2026-05-22 11:30:46,721 - INFO - epoch complete!
2026-05-22 11:30:46,721 - INFO - evaluating now!
2026-05-22 11:30:46,853 - INFO - epoch complete!
2026-05-22 11:30:46,853 - INFO - evaluating now!
2026-05-22 11:30:48,509 - INFO - Epoch [92/100] train_loss: 0.1984, val_loss: 0.2052, lr: 0.000004, 18.95s
2026-05-22 11:30:48,522 - INFO - Epoch [88/100] train_loss: 0.1875, val_loss: 0.1983, lr: 0.000016, 20.30s
2026-05-22 11:30:51,727 - INFO - epoch complete!
2026-05-22 11:30:51,727 - INFO - evaluating now!
2026-05-22 11:30:53,539 - INFO - Epoch [89/100] train_loss: 0.1950, val_loss: 0.2059, lr: 0.000001, 20.00s
2026-05-22 11:31:05,838 - INFO - epoch complete!
2026-05-22 11:31:05,838 - INFO - evaluating now!
2026-05-22 11:31:07,023 - INFO - epoch complete!
2026-05-22 11:31:07,023 - INFO - evaluating now!
2026-05-22 11:31:07,486 - INFO - Epoch [93/100] train_loss: 0.1958, val_loss: 0.2056, lr: 0.000004, 18.98s
2026-05-22 11:31:08,901 - INFO - Epoch [89/100] train_loss: 0.1898, val_loss: 0.2004, lr: 0.000016, 20.38s
2026-05-22 11:31:11,604 - INFO - epoch complete!
2026-05-22 11:31:11,604 - INFO - evaluating now!
2026-05-22 11:31:13,362 - INFO - Epoch [90/100] train_loss: 0.1982, val_loss: 0.2061, lr: 0.000001, 19.82s
2026-05-22 11:31:24,791 - INFO - epoch complete!
2026-05-22 11:31:24,791 - INFO - evaluating now!
2026-05-22 11:31:26,432 - INFO - Epoch [94/100] train_loss: 0.1937, val_loss: 0.2059, lr: 0.000004, 18.95s
2026-05-22 11:31:27,462 - INFO - epoch complete!
2026-05-22 11:31:27,462 - INFO - evaluating now!
2026-05-22 11:31:29,254 - INFO - Epoch [90/100] train_loss: 0.1873, val_loss: 0.1982, lr: 0.000016, 20.35s
2026-05-22 11:31:31,472 - INFO - epoch complete!
2026-05-22 11:31:31,472 - INFO - evaluating now!
2026-05-22 11:31:33,244 - INFO - Epoch [91/100] train_loss: 0.1955, val_loss: 0.2064, lr: 0.000001, 19.88s
2026-05-22 11:31:43,683 - INFO - epoch complete!
2026-05-22 11:31:43,683 - INFO - evaluating now!
2026-05-22 11:31:45,325 - INFO - Epoch [95/100] train_loss: 0.1949, val_loss: 0.2054, lr: 0.000002, 18.89s
2026-05-22 11:31:47,737 - INFO - epoch complete!
2026-05-22 11:31:47,737 - INFO - evaluating now!
2026-05-22 11:31:49,528 - INFO - Epoch [91/100] train_loss: 0.1882, val_loss: 0.1991, lr: 0.000016, 20.27s
2026-05-22 11:31:51,414 - INFO - epoch complete!
2026-05-22 11:31:51,414 - INFO - evaluating now!
2026-05-22 11:31:53,213 - INFO - Epoch [92/100] train_loss: 0.1965, val_loss: 0.2061, lr: 0.000001, 19.97s
2026-05-22 11:32:02,576 - INFO - epoch complete!
2026-05-22 11:32:02,576 - INFO - evaluating now!
2026-05-22 11:32:04,222 - INFO - Epoch [96/100] train_loss: 0.1954, val_loss: 0.2056, lr: 0.000002, 18.90s
2026-05-22 11:32:08,125 - INFO - epoch complete!
2026-05-22 11:32:08,125 - INFO - evaluating now!
2026-05-22 11:32:09,935 - INFO - Epoch [92/100] train_loss: 0.1876, val_loss: 0.1994, lr: 0.000008, 20.41s
2026-05-22 11:32:11,371 - INFO - epoch complete!
2026-05-22 11:32:11,371 - INFO - evaluating now!
2026-05-22 11:32:13,121 - INFO - Epoch [93/100] train_loss: 0.1988, val_loss: 0.2061, lr: 0.000001, 19.91s
2026-05-22 11:32:21,547 - INFO - epoch complete!
2026-05-22 11:32:21,547 - INFO - evaluating now!
2026-05-22 11:32:23,269 - INFO - Epoch [97/100] train_loss: 0.1968, val_loss: 0.2054, lr: 0.000002, 19.05s
2026-05-22 11:32:28,437 - INFO - epoch complete!
2026-05-22 11:32:28,438 - INFO - evaluating now!
2026-05-22 11:32:30,214 - INFO - Epoch [93/100] train_loss: 0.1872, val_loss: 0.1995, lr: 0.000008, 20.28s
2026-05-22 11:32:31,300 - INFO - epoch complete!
2026-05-22 11:32:31,300 - INFO - evaluating now!
2026-05-22 11:32:33,069 - INFO - Epoch [94/100] train_loss: 0.1999, val_loss: 0.2063, lr: 0.000000, 19.95s
2026-05-22 11:32:40,605 - INFO - epoch complete!
2026-05-22 11:32:40,605 - INFO - evaluating now!
2026-05-22 11:32:42,266 - INFO - Epoch [98/100] train_loss: 0.1951, val_loss: 0.2053, lr: 0.000002, 19.00s
2026-05-22 11:32:48,697 - INFO - epoch complete!
2026-05-22 11:32:48,698 - INFO - evaluating now!
2026-05-22 11:32:50,480 - INFO - Epoch [94/100] train_loss: 0.1867, val_loss: 0.1993, lr: 0.000008, 20.27s
2026-05-22 11:32:51,362 - INFO - epoch complete!
2026-05-22 11:32:51,362 - INFO - evaluating now!
2026-05-22 11:32:53,186 - INFO - Epoch [95/100] train_loss: 0.1962, val_loss: 0.2062, lr: 0.000000, 20.12s
2026-05-22 11:32:59,596 - INFO - epoch complete!
2026-05-22 11:32:59,596 - INFO - evaluating now!
2026-05-22 11:33:01,255 - INFO - Epoch [99/100] train_loss: 0.1931, val_loss: 0.2054, lr: 0.000002, 18.99s
2026-05-22 11:33:01,255 - INFO - Trained totally 100 epochs, average train time is 17.450s, average eval time is 1.683s
2026-05-22 11:33:01,336 - INFO - Loaded model at 71
2026-05-22 11:33:01,337 - INFO - Start evaluating ...
2026-05-22 11:33:08,971 - INFO - epoch complete!
2026-05-22 11:33:08,971 - INFO - evaluating now!
2026-05-22 11:33:10,785 - INFO - Epoch [95/100] train_loss: 0.1887, val_loss: 0.1987, lr: 0.000008, 20.31s
2026-05-22 11:33:11,414 - INFO - epoch complete!
2026-05-22 11:33:11,414 - INFO - evaluating now!
2026-05-22 11:33:13,181 - INFO - Epoch [96/100] train_loss: 0.1951, val_loss: 0.2063, lr: 0.000000, 19.99s
2026-05-22 11:33:29,228 - INFO - epoch complete!
2026-05-22 11:33:29,229 - INFO - evaluating now!
2026-05-22 11:33:31,017 - INFO - Epoch [96/100] train_loss: 0.1882, val_loss: 0.2001, lr: 0.000008, 20.23s
2026-05-22 11:33:31,257 - INFO - epoch complete!
2026-05-22 11:33:31,257 - INFO - evaluating now!
2026-05-22 11:33:33,005 - INFO - Epoch [97/100] train_loss: 0.1977, val_loss: 0.2061, lr: 0.000000, 19.82s
2026-05-22 11:33:49,534 - INFO - epoch complete!
2026-05-22 11:33:49,534 - INFO - evaluating now!
2026-05-22 11:33:51,103 - INFO - epoch complete!
2026-05-22 11:33:51,103 - INFO - evaluating now!
2026-05-22 11:33:51,326 - INFO - Epoch [97/100] train_loss: 0.1861, val_loss: 0.1991, lr: 0.000008, 20.31s
2026-05-22 11:33:52,887 - INFO - Epoch [98/100] train_loss: 0.1958, val_loss: 0.2064, lr: 0.000000, 19.88s
2026-05-22 11:33:52,888 - WARNING - Early stopping at epoch: 98
2026-05-22 11:33:52,888 - INFO - Trained totally 99 epochs, average train time is 18.058s, average eval time is 1.779s
2026-05-22 11:33:53,017 - INFO - Loaded model at 68
2026-05-22 11:33:53,018 - INFO - Start evaluating ...
2026-05-22 11:34:09,710 - INFO - epoch complete!
2026-05-22 11:34:09,710 - INFO - evaluating now!
2026-05-22 11:34:11,471 - INFO - Epoch [98/100] train_loss: 0.1892, val_loss: 0.1986, lr: 0.000004, 20.14s
2026-05-22 11:34:29,714 - INFO - epoch complete!
2026-05-22 11:34:29,714 - INFO - evaluating now!
2026-05-22 11:34:31,467 - INFO - Epoch [99/100] train_loss: 0.1868, val_loss: 0.1991, lr: 0.000004, 20.00s
2026-05-22 11:34:31,467 - INFO - Trained totally 100 epochs, average train time is 18.225s, average eval time is 1.791s
2026-05-22 11:34:31,551 - INFO - Loaded model at 84
2026-05-22 11:34:31,551 - INFO - Start evaluating ...
2026-05-22 11:35:06,638 - INFO - Note that you select the single mode to evaluate!
2026-05-22 11:35:06,650 - INFO - Evaluate result is saved at /home/lizhuoxuan/lzq/Bigscity-LibCity-master/outputs/20260522_110025__traffic_state_pred__new_fuzzy_2__PEMS_BAY/evaluate_cache/2026_05_22_11_35_06_new_fuzzy_2_PEMS_BAY.csv
2026-05-22 11:35:06,662 - INFO - 
         MAE      MAPE        MSE  ...  masked_RMSE        R2      EVAR
1   0.998772  0.021317   3.732303  ...     1.857204  0.960058  0.960150
2   1.262834  0.027048   6.732047  ...     2.539454  0.927927  0.928089
3   1.463157  0.031874   9.845699  ...     3.092042  0.894556  0.894806
4   1.622387  0.036043  12.739631  ...     3.529195  0.863526  0.863896
5   1.752004  0.039571  15.296204  ...     3.874542  0.836099  0.836607
6   1.862712  0.042643  17.541958  ...     4.154180  0.811996  0.812665
7   1.960442  0.045378  19.530792  ...     4.387022  0.790645  0.791503
8   2.048578  0.047871  21.298084  ...     4.584136  0.771664  0.772747
9   2.128120  0.050160  22.907959  ...     4.756493  0.754371  0.755703
10  2.202980  0.052339  24.434677  ...     4.914321  0.737966  0.739550
11  2.274545  0.054401  25.915176  ...     5.062648  0.722063  0.723901
12  2.343102  0.056381  27.372931  ...     5.204782  0.706412  0.708538

[12 rows x 10 columns]
