2026-05-08 15:01:02,492 - INFO - Log directory: /home/lizhuoxuan/lzq/Bigscity-LibCity-master/outputs/20260508_150102__traffic_state_pred__new_diffusion_fuzzy__PEMSD4/logs
2026-05-08 15:01:02,500 - INFO - Log directory: /home/lizhuoxuan/lzq/Bigscity-LibCity-master/outputs/20260508_150102__traffic_state_pred__new_diffusion_fuzzy__PEMSD4/logs
2026-05-08 15:01:02,606 - INFO - Log directory: /home/lizhuoxuan/lzq/Bigscity-LibCity-master/outputs/20260508_150102__traffic_state_pred__new_diffusion_fuzzy__PEMSD4/logs
2026-05-08 15:01:02,665 - INFO - Log directory: /home/lizhuoxuan/lzq/Bigscity-LibCity-master/outputs/20260508_150102__traffic_state_pred__new_diffusion_fuzzy__PEMSD4/logs
2026-05-08 15:01:02,665 - INFO - Begin artifact training pipeline, task=traffic_state_pred, model_name=new_diffusion_fuzzy, dataset_name=PEMSD4, exp_id=20260508_150102__traffic_state_pred__new_diffusion_fuzzy__PEMSD4
2026-05-08 15:01:02,665 - INFO - {'task': 'traffic_state_pred', 'model': 'new_diffusion_fuzzy', 'dataset': 'PEMSD4', 'saved_model': True, 'train': True, 'seed': 42, 'train_rate': 0.6, 'eval_rate': 0.2, 'batch_size': 64, 'learning_rate': 0.001, 'max_epoch': 50, 'dataset_class': 'TrafficStatePointDataset', 'executor': 'DiffusionTrafficStateExecutor', 'evaluator': 'TrafficStateEvaluator', 'adaptive_graph_blend_init': 0.5, 'adaptive_graph_embed_dim': 32, 'adaptive_graph_topk': 12, 'beta_end': 0.02, 'beta_start': 0.0001, 'calculate_weight_adj': False, 'data_col': ['traffic_flow', 'traffic_occupancy', 'traffic_speed'], 'data_files': ['PEMSD4'], 'ddim_eta': 0, 'denoiser_layers': 4, 'device': device(type='cuda', index=0), 'diffusion_schedule': 'linear', 'diffusion_steps': 200, 'disturb_rate': 0.5, 'dropout': 0.1, 'dyna': {'including_types': ['state'], 'state': {'entity_id': 'geo_id', 'traffic_flow': 'num', 'traffic_occupancy': 'num', 'traffic_speed': 'num'}}, 'encoder_layers': 2, 'eval_batch_size': 32, 'evaluator_mode': 'single', 'ffn_hidden_dim': 256, 'flow_conservation_coeff': 1, 'fuzzy_conservation_temperature': 8, 'fuzzy_conservation_threshold': 0.6, 'fuzzy_graph_num_sets': 3, 'fuzzy_graph_sigma_init': 0.7, 'geo': {'including_types': ['Point'], 'Point': {}}, 'geo_file': 'PEMSD4', 'graph_k_hop': 2, 'hidden_dim': 128, 'init_weight_inf_or_zero': 'zero', 'is_distributed': True, 'metrics': ['MAE', 'MAPE', 'MSE', 'RMSE', 'masked_MAE', 'masked_MAPE', 'masked_MSE', 'masked_RMSE', 'R2', 'EVAR'], 'noise_SD': [10], 'noise_mean': [5], 'noise_type': 'gaussian', 'num_heads': 4, 'num_prediction_samples': 1, 'num_sampling_steps': 50, 'num_workers': 0, 'output_dim': 3, 'pad_with_last_sample': True, 'physics_channel_idx': 0, 'physics_loss_weight': 0, 'physics_warmup_mode': 'linear', 'physics_warmup_start_ratio': 0.2, 'physics_warmup_steps': 3000, 'rank': 0, 'rel': {'including_types': ['geo'], 'geo': {'cost': 'num'}}, 'rel_file': 'PEMSD4', 'robustness_test': False, 'sampling_method': 'ddim', 'save_mode': ['csv'], 'scale_lr': False, 'set_weight_link_or_dist': 'link', 'time_intervals': 300, 'use_adaptive_graph': True, 'use_amp': False, 'use_fuzzy_conservation': True, 'use_fuzzy_graph': True, 'use_gradient_checkpointing': False, 'use_spatiotemporal_attention': True, 'use_temporal_position_embedding': True, 'weight_adj_epsilon': 0.1, 'weight_col': 'cost', 'world_size': 4, 'clip_grad_norm': True, 'epoch': 0, 'gpu': True, 'gpu_id': 0, 'learner': 'adamw', 'load_best_epoch': True, 'log_every': 1, 'lr_T_max': 50, 'lr_decay': True, 'lr_eta_min': 1e-05, 'lr_scheduler': 'cosineannealinglr', 'max_grad_norm': 3, 'patience': 30, 'train_loss': 'none', 'use_early_stop': True, 'weight_decay': 0.0001, 'data_version_id': 'dv_1778222121_ecf13a9a', 'input_window': 12, 'output_window': 12, 'scaler': 'standard', 'load_external': False, 'normal_external': False, 'add_time_in_day': True, 'add_day_in_week': True, 'cache_dataset': True, 'ext_scaler': 'none', 'local_rank': 0, 'dist_backend': 'nccl', 'exp_id': '20260508_150102__traffic_state_pred__new_diffusion_fuzzy__PEMSD4'}
2026-05-08 15:01:13,363 - INFO - DistributedDataParallel(
  (module): NewDiffusion(
    (condition_encoder): STEncoder(
      (input_projection): Linear(in_features=3, out_features=128, bias=True)
      (blocks): ModuleList(
        (0-1): 2 x STEncoderBlock(
          (temporal_attention): MultiHeadAttention(
            (query_projection): Linear(in_features=128, out_features=128, bias=True)
            (key_projection): Linear(in_features=128, out_features=128, bias=True)
            (value_projection): Linear(in_features=128, out_features=128, bias=True)
            (output_projection): Linear(in_features=128, out_features=128, bias=True)
            (dropout): Dropout(p=0.1, inplace=False)
          )
          (graph_convolution): GraphConvolution(
            (projections): ModuleList(
              (0-2): 3 x Linear(in_features=128, out_features=128, bias=True)
            )
          )
          (feed_forward): FeedForwardNetwork(
            (network): Sequential(
              (0): Linear(in_features=128, out_features=256, bias=True)
              (1): GELU(approximate='none')
              (2): Dropout(p=0.1, inplace=False)
              (3): Linear(in_features=256, out_features=128, bias=True)
              (4): Dropout(p=0.1, inplace=False)
            )
          )
          (norm_temporal): LayerNorm((128,), eps=1e-05, elementwise_affine=True)
          (norm_graph): LayerNorm((128,), eps=1e-05, elementwise_affine=True)
          (norm_ffn): LayerNorm((128,), eps=1e-05, elementwise_affine=True)
          (dropout): Dropout(p=0.1, inplace=False)
        )
      )
      (final_norm): LayerNorm((128,), eps=1e-05, elementwise_affine=True)
    )
    (noise_predictor): AttentionDenoiser(
      (input_projection): Linear(in_features=3, out_features=128, bias=True)
      (time_embedding): SinusoidalTimeEmbedding()
      (time_projection): Sequential(
        (0): Linear(in_features=128, out_features=128, bias=True)
        (1): SiLU()
        (2): Linear(in_features=128, out_features=128, bias=True)
      )
      (condition_fusion): Linear(in_features=256, out_features=128, bias=True)
      (blocks): ModuleList(
        (0-3): 4 x DenoiserBlock(
          (temporal_attention): MultiHeadAttention(
            (query_projection): Linear(in_features=128, out_features=128, bias=True)
            (key_projection): Linear(in_features=128, out_features=128, bias=True)
            (value_projection): Linear(in_features=128, out_features=128, bias=True)
            (output_projection): Linear(in_features=128, out_features=128, bias=True)
            (dropout): Dropout(p=0.1, inplace=False)
          )
          (graph_convolution): GraphConvolution(
            (projections): ModuleList(
              (0-2): 3 x Linear(in_features=128, out_features=128, bias=True)
            )
          )
          (cross_attention): MultiHeadAttention(
            (query_projection): Linear(in_features=128, out_features=128, bias=True)
            (key_projection): Linear(in_features=128, out_features=128, bias=True)
            (value_projection): Linear(in_features=128, out_features=128, bias=True)
            (output_projection): Linear(in_features=128, out_features=128, bias=True)
            (dropout): Dropout(p=0.1, inplace=False)
          )
          (spatiotemporal_attention): MultiHeadAttention(
            (query_projection): Linear(in_features=128, out_features=128, bias=True)
            (key_projection): Linear(in_features=128, out_features=128, bias=True)
            (value_projection): Linear(in_features=128, out_features=128, bias=True)
            (output_projection): Linear(in_features=128, out_features=128, bias=True)
            (dropout): Dropout(p=0.1, inplace=False)
          )
          (feed_forward): FeedForwardNetwork(
            (network): Sequential(
              (0): Linear(in_features=128, out_features=256, bias=True)
              (1): GELU(approximate='none')
              (2): Dropout(p=0.1, inplace=False)
              (3): Linear(in_features=256, out_features=128, bias=True)
              (4): Dropout(p=0.1, inplace=False)
            )
          )
          (norm_temporal): LayerNorm((128,), eps=1e-05, elementwise_affine=True)
          (norm_graph): LayerNorm((128,), eps=1e-05, elementwise_affine=True)
          (norm_cross): LayerNorm((128,), eps=1e-05, elementwise_affine=True)
          (norm_spatiotemporal): LayerNorm((128,), eps=1e-05, elementwise_affine=True)
          (norm_ffn): LayerNorm((128,), eps=1e-05, elementwise_affine=True)
          (dropout): Dropout(p=0.1, inplace=False)
        )
      )
      (final_norm): LayerNorm((128,), eps=1e-05, elementwise_affine=True)
      (output_projection): Linear(in_features=128, out_features=3, bias=True)
      (adaptive_graph_learner): AdaptiveGraphLearner(
        (feature_projection): Linear(in_features=128, out_features=32, bias=True)
        (time_projection): Linear(in_features=128, out_features=32, bias=True)
      )
    )
    (diffusion_scheduler): DiffusionScheduler()
  )
)
2026-05-08 15:01:13,364 - INFO - You select `adamw` optimizer.
2026-05-08 15:01:13,364 - INFO - module.condition_encoder.temporal_position_embedding	torch.Size([1, 12, 1, 128])	cuda:0	True
2026-05-08 15:01:13,364 - INFO - module.condition_encoder.input_projection.weight	torch.Size([128, 3])	cuda:0	True
2026-05-08 15:01:13,365 - INFO - module.condition_encoder.input_projection.bias	torch.Size([128])	cuda:0	True
2026-05-08 15:01:13,365 - INFO - module.condition_encoder.blocks.0.temporal_attention.query_projection.weight	torch.Size([128, 128])	cuda:0	True
2026-05-08 15:01:13,365 - INFO - module.condition_encoder.blocks.0.temporal_attention.query_projection.bias	torch.Size([128])	cuda:0	True
2026-05-08 15:01:13,365 - INFO - module.condition_encoder.blocks.0.temporal_attention.key_projection.weight	torch.Size([128, 128])	cuda:0	True
2026-05-08 15:01:13,365 - INFO - module.condition_encoder.blocks.0.temporal_attention.key_projection.bias	torch.Size([128])	cuda:0	True
2026-05-08 15:01:13,365 - INFO - You select `adamw` optimizer.
2026-05-08 15:01:13,365 - INFO - You select `cosineannealinglr` lr_scheduler.
2026-05-08 15:01:13,365 - INFO - module.condition_encoder.blocks.0.temporal_attention.value_projection.weight	torch.Size([128, 128])	cuda:0	True
2026-05-08 15:01:13,365 - INFO - module.condition_encoder.blocks.0.temporal_attention.value_projection.bias	torch.Size([128])	cuda:0	True
2026-05-08 15:01:13,365 - INFO - module.condition_encoder.blocks.0.temporal_attention.output_projection.weight	torch.Size([128, 128])	cuda:0	True
2026-05-08 15:01:13,365 - INFO - module.condition_encoder.blocks.0.temporal_attention.output_projection.bias	torch.Size([128])	cuda:0	True
2026-05-08 15:01:13,365 - WARNING - Received none train loss func and will use the loss func defined in the model.
2026-05-08 15:01:13,365 - INFO - module.condition_encoder.blocks.0.graph_convolution.projections.0.weight	torch.Size([128, 128])	cuda:0	True
2026-05-08 15:01:13,365 - INFO - module.condition_encoder.blocks.0.graph_convolution.projections.0.bias	torch.Size([128])	cuda:0	True
2026-05-08 15:01:13,365 - INFO - module.condition_encoder.blocks.0.graph_convolution.projections.1.weight	torch.Size([128, 128])	cuda:0	True
2026-05-08 15:01:13,365 - INFO - Start training ...
2026-05-08 15:01:13,365 - INFO - module.condition_encoder.blocks.0.graph_convolution.projections.1.bias	torch.Size([128])	cuda:0	True
2026-05-08 15:01:13,365 - INFO - num_batches:40
2026-05-08 15:01:13,365 - INFO - module.condition_encoder.blocks.0.graph_convolution.projections.2.weight	torch.Size([128, 128])	cuda:0	True
2026-05-08 15:01:13,365 - INFO - module.condition_encoder.blocks.0.graph_convolution.projections.2.bias	torch.Size([128])	cuda:0	True
2026-05-08 15:01:13,365 - INFO - module.condition_encoder.blocks.0.feed_forward.network.0.weight	torch.Size([256, 128])	cuda:0	True
2026-05-08 15:01:13,365 - INFO - module.condition_encoder.blocks.0.feed_forward.network.0.bias	torch.Size([256])	cuda:0	True
2026-05-08 15:01:13,365 - INFO - module.condition_encoder.blocks.0.feed_forward.network.3.weight	torch.Size([128, 256])	cuda:0	True
2026-05-08 15:01:13,365 - INFO - module.condition_encoder.blocks.0.feed_forward.network.3.bias	torch.Size([128])	cuda:0	True
2026-05-08 15:01:13,365 - INFO - module.condition_encoder.blocks.0.norm_temporal.weight	torch.Size([128])	cuda:0	True
2026-05-08 15:01:13,365 - INFO - module.condition_encoder.blocks.0.norm_temporal.bias	torch.Size([128])	cuda:0	True
2026-05-08 15:01:13,365 - INFO - module.condition_encoder.blocks.0.norm_graph.weight	torch.Size([128])	cuda:0	True
2026-05-08 15:01:13,365 - INFO - module.condition_encoder.blocks.0.norm_graph.bias	torch.Size([128])	cuda:0	True
2026-05-08 15:01:13,365 - INFO - module.condition_encoder.blocks.0.norm_ffn.weight	torch.Size([128])	cuda:0	True
2026-05-08 15:01:13,365 - INFO - module.condition_encoder.blocks.0.norm_ffn.bias	torch.Size([128])	cuda:0	True
2026-05-08 15:01:13,365 - INFO - module.condition_encoder.blocks.1.temporal_attention.query_projection.weight	torch.Size([128, 128])	cuda:0	True
2026-05-08 15:01:13,365 - INFO - module.condition_encoder.blocks.1.temporal_attention.query_projection.bias	torch.Size([128])	cuda:0	True
2026-05-08 15:01:13,365 - INFO - module.condition_encoder.blocks.1.temporal_attention.key_projection.weight	torch.Size([128, 128])	cuda:0	True
2026-05-08 15:01:13,365 - INFO - module.condition_encoder.blocks.1.temporal_attention.key_projection.bias	torch.Size([128])	cuda:0	True
2026-05-08 15:01:13,365 - INFO - module.condition_encoder.blocks.1.temporal_attention.value_projection.weight	torch.Size([128, 128])	cuda:0	True
2026-05-08 15:01:13,365 - INFO - module.condition_encoder.blocks.1.temporal_attention.value_projection.bias	torch.Size([128])	cuda:0	True
2026-05-08 15:01:13,365 - INFO - module.condition_encoder.blocks.1.temporal_attention.output_projection.weight	torch.Size([128, 128])	cuda:0	True
2026-05-08 15:01:13,365 - INFO - module.condition_encoder.blocks.1.temporal_attention.output_projection.bias	torch.Size([128])	cuda:0	True
2026-05-08 15:01:13,365 - INFO - You select `cosineannealinglr` lr_scheduler.
2026-05-08 15:01:13,365 - INFO - module.condition_encoder.blocks.1.graph_convolution.projections.0.weight	torch.Size([128, 128])	cuda:0	True
2026-05-08 15:01:13,365 - INFO - You select `adamw` optimizer.
2026-05-08 15:01:13,365 - INFO - module.condition_encoder.blocks.1.graph_convolution.projections.0.bias	torch.Size([128])	cuda:0	True
2026-05-08 15:01:13,365 - INFO - module.condition_encoder.blocks.1.graph_convolution.projections.1.weight	torch.Size([128, 128])	cuda:0	True
2026-05-08 15:01:13,365 - INFO - module.condition_encoder.blocks.1.graph_convolution.projections.1.bias	torch.Size([128])	cuda:0	True
2026-05-08 15:01:13,365 - WARNING - Received none train loss func and will use the loss func defined in the model.
2026-05-08 15:01:13,366 - INFO - module.condition_encoder.blocks.1.graph_convolution.projections.2.weight	torch.Size([128, 128])	cuda:0	True
2026-05-08 15:01:13,366 - INFO - module.condition_encoder.blocks.1.graph_convolution.projections.2.bias	torch.Size([128])	cuda:0	True
2026-05-08 15:01:13,366 - INFO - module.condition_encoder.blocks.1.feed_forward.network.0.weight	torch.Size([256, 128])	cuda:0	True
2026-05-08 15:01:13,366 - INFO - Start training ...
2026-05-08 15:01:13,366 - INFO - module.condition_encoder.blocks.1.feed_forward.network.0.bias	torch.Size([256])	cuda:0	True
2026-05-08 15:01:13,366 - INFO - module.condition_encoder.blocks.1.feed_forward.network.3.weight	torch.Size([128, 256])	cuda:0	True
2026-05-08 15:01:13,366 - INFO - num_batches:40
2026-05-08 15:01:13,366 - INFO - module.condition_encoder.blocks.1.feed_forward.network.3.bias	torch.Size([128])	cuda:0	True
2026-05-08 15:01:13,366 - INFO - module.condition_encoder.blocks.1.norm_temporal.weight	torch.Size([128])	cuda:0	True
2026-05-08 15:01:13,366 - INFO - module.condition_encoder.blocks.1.norm_temporal.bias	torch.Size([128])	cuda:0	True
2026-05-08 15:01:13,366 - INFO - module.condition_encoder.blocks.1.norm_graph.weight	torch.Size([128])	cuda:0	True
2026-05-08 15:01:13,366 - INFO - module.condition_encoder.blocks.1.norm_graph.bias	torch.Size([128])	cuda:0	True
2026-05-08 15:01:13,366 - INFO - module.condition_encoder.blocks.1.norm_ffn.weight	torch.Size([128])	cuda:0	True
2026-05-08 15:01:13,366 - INFO - module.condition_encoder.blocks.1.norm_ffn.bias	torch.Size([128])	cuda:0	True
2026-05-08 15:01:13,366 - INFO - module.condition_encoder.final_norm.weight	torch.Size([128])	cuda:0	True
2026-05-08 15:01:13,366 - INFO - module.condition_encoder.final_norm.bias	torch.Size([128])	cuda:0	True
2026-05-08 15:01:13,366 - INFO - module.noise_predictor.future_position_embedding	torch.Size([1, 12, 1, 128])	cuda:0	True
2026-05-08 15:01:13,366 - INFO - module.noise_predictor.condition_temporal_weight	torch.Size([12])	cuda:0	True
2026-05-08 15:01:13,366 - INFO - module.noise_predictor.input_projection.weight	torch.Size([128, 3])	cuda:0	True
2026-05-08 15:01:13,366 - INFO - module.noise_predictor.input_projection.bias	torch.Size([128])	cuda:0	True
2026-05-08 15:01:13,366 - INFO - module.noise_predictor.time_projection.0.weight	torch.Size([128, 128])	cuda:0	True
2026-05-08 15:01:13,366 - INFO - module.noise_predictor.time_projection.0.bias	torch.Size([128])	cuda:0	True
2026-05-08 15:01:13,366 - INFO - module.noise_predictor.time_projection.2.weight	torch.Size([128, 128])	cuda:0	True
2026-05-08 15:01:13,366 - INFO - module.noise_predictor.time_projection.2.bias	torch.Size([128])	cuda:0	True
2026-05-08 15:01:13,366 - INFO - module.noise_predictor.condition_fusion.weight	torch.Size([128, 256])	cuda:0	True
2026-05-08 15:01:13,366 - INFO - module.noise_predictor.condition_fusion.bias	torch.Size([128])	cuda:0	True
2026-05-08 15:01:13,366 - INFO - You select `cosineannealinglr` lr_scheduler.
2026-05-08 15:01:13,366 - INFO - module.noise_predictor.blocks.0.temporal_attention.query_projection.weight	torch.Size([128, 128])	cuda:0	True
2026-05-08 15:01:13,366 - INFO - module.noise_predictor.blocks.0.temporal_attention.query_projection.bias	torch.Size([128])	cuda:0	True
2026-05-08 15:01:13,366 - INFO - module.noise_predictor.blocks.0.temporal_attention.key_projection.weight	torch.Size([128, 128])	cuda:0	True
2026-05-08 15:01:13,366 - INFO - module.noise_predictor.blocks.0.temporal_attention.key_projection.bias	torch.Size([128])	cuda:0	True
2026-05-08 15:01:13,366 - WARNING - Received none train loss func and will use the loss func defined in the model.
2026-05-08 15:01:13,366 - INFO - module.noise_predictor.blocks.0.temporal_attention.value_projection.weight	torch.Size([128, 128])	cuda:0	True
2026-05-08 15:01:13,366 - INFO - module.noise_predictor.blocks.0.temporal_attention.value_projection.bias	torch.Size([128])	cuda:0	True
2026-05-08 15:01:13,366 - INFO - module.noise_predictor.blocks.0.temporal_attention.output_projection.weight	torch.Size([128, 128])	cuda:0	True
2026-05-08 15:01:13,366 - INFO - Start training ...
2026-05-08 15:01:13,366 - INFO - module.noise_predictor.blocks.0.temporal_attention.output_projection.bias	torch.Size([128])	cuda:0	True
2026-05-08 15:01:13,366 - INFO - module.noise_predictor.blocks.0.graph_convolution.projections.0.weight	torch.Size([128, 128])	cuda:0	True
2026-05-08 15:01:13,366 - INFO - num_batches:40
2026-05-08 15:01:13,366 - INFO - module.noise_predictor.blocks.0.graph_convolution.projections.0.bias	torch.Size([128])	cuda:0	True
2026-05-08 15:01:13,366 - INFO - module.noise_predictor.blocks.0.graph_convolution.projections.1.weight	torch.Size([128, 128])	cuda:0	True
2026-05-08 15:01:13,366 - INFO - module.noise_predictor.blocks.0.graph_convolution.projections.1.bias	torch.Size([128])	cuda:0	True
2026-05-08 15:01:13,366 - INFO - module.noise_predictor.blocks.0.graph_convolution.projections.2.weight	torch.Size([128, 128])	cuda:0	True
2026-05-08 15:01:13,366 - INFO - module.noise_predictor.blocks.0.graph_convolution.projections.2.bias	torch.Size([128])	cuda:0	True
2026-05-08 15:01:13,367 - INFO - module.noise_predictor.blocks.0.cross_attention.query_projection.weight	torch.Size([128, 128])	cuda:0	True
2026-05-08 15:01:13,367 - INFO - module.noise_predictor.blocks.0.cross_attention.query_projection.bias	torch.Size([128])	cuda:0	True
2026-05-08 15:01:13,367 - INFO - module.noise_predictor.blocks.0.cross_attention.key_projection.weight	torch.Size([128, 128])	cuda:0	True
2026-05-08 15:01:13,367 - INFO - module.noise_predictor.blocks.0.cross_attention.key_projection.bias	torch.Size([128])	cuda:0	True
2026-05-08 15:01:13,367 - INFO - module.noise_predictor.blocks.0.cross_attention.value_projection.weight	torch.Size([128, 128])	cuda:0	True
2026-05-08 15:01:13,367 - INFO - module.noise_predictor.blocks.0.cross_attention.value_projection.bias	torch.Size([128])	cuda:0	True
2026-05-08 15:01:13,367 - INFO - module.noise_predictor.blocks.0.cross_attention.output_projection.weight	torch.Size([128, 128])	cuda:0	True
2026-05-08 15:01:13,367 - INFO - module.noise_predictor.blocks.0.cross_attention.output_projection.bias	torch.Size([128])	cuda:0	True
2026-05-08 15:01:13,367 - INFO - module.noise_predictor.blocks.0.spatiotemporal_attention.query_projection.weight	torch.Size([128, 128])	cuda:0	True
2026-05-08 15:01:13,367 - INFO - module.noise_predictor.blocks.0.spatiotemporal_attention.query_projection.bias	torch.Size([128])	cuda:0	True
2026-05-08 15:01:13,367 - INFO - module.noise_predictor.blocks.0.spatiotemporal_attention.key_projection.weight	torch.Size([128, 128])	cuda:0	True
2026-05-08 15:01:13,367 - INFO - module.noise_predictor.blocks.0.spatiotemporal_attention.key_projection.bias	torch.Size([128])	cuda:0	True
2026-05-08 15:01:13,367 - INFO - module.noise_predictor.blocks.0.spatiotemporal_attention.value_projection.weight	torch.Size([128, 128])	cuda:0	True
2026-05-08 15:01:13,367 - INFO - module.noise_predictor.blocks.0.spatiotemporal_attention.value_projection.bias	torch.Size([128])	cuda:0	True
2026-05-08 15:01:13,367 - INFO - module.noise_predictor.blocks.0.spatiotemporal_attention.output_projection.weight	torch.Size([128, 128])	cuda:0	True
2026-05-08 15:01:13,367 - INFO - module.noise_predictor.blocks.0.spatiotemporal_attention.output_projection.bias	torch.Size([128])	cuda:0	True
2026-05-08 15:01:13,367 - INFO - module.noise_predictor.blocks.0.feed_forward.network.0.weight	torch.Size([256, 128])	cuda:0	True
2026-05-08 15:01:13,367 - INFO - module.noise_predictor.blocks.0.feed_forward.network.0.bias	torch.Size([256])	cuda:0	True
2026-05-08 15:01:13,367 - INFO - module.noise_predictor.blocks.0.feed_forward.network.3.weight	torch.Size([128, 256])	cuda:0	True
2026-05-08 15:01:13,367 - INFO - module.noise_predictor.blocks.0.feed_forward.network.3.bias	torch.Size([128])	cuda:0	True
2026-05-08 15:01:13,367 - INFO - module.noise_predictor.blocks.0.norm_temporal.weight	torch.Size([128])	cuda:0	True
2026-05-08 15:01:13,367 - INFO - module.noise_predictor.blocks.0.norm_temporal.bias	torch.Size([128])	cuda:0	True
2026-05-08 15:01:13,367 - INFO - module.noise_predictor.blocks.0.norm_graph.weight	torch.Size([128])	cuda:0	True
2026-05-08 15:01:13,367 - INFO - module.noise_predictor.blocks.0.norm_graph.bias	torch.Size([128])	cuda:0	True
2026-05-08 15:01:13,367 - INFO - module.noise_predictor.blocks.0.norm_cross.weight	torch.Size([128])	cuda:0	True
2026-05-08 15:01:13,367 - INFO - module.noise_predictor.blocks.0.norm_cross.bias	torch.Size([128])	cuda:0	True
2026-05-08 15:01:13,367 - INFO - module.noise_predictor.blocks.0.norm_spatiotemporal.weight	torch.Size([128])	cuda:0	True
2026-05-08 15:01:13,367 - INFO - module.noise_predictor.blocks.0.norm_spatiotemporal.bias	torch.Size([128])	cuda:0	True
2026-05-08 15:01:13,367 - INFO - module.noise_predictor.blocks.0.norm_ffn.weight	torch.Size([128])	cuda:0	True
2026-05-08 15:01:13,367 - INFO - module.noise_predictor.blocks.0.norm_ffn.bias	torch.Size([128])	cuda:0	True
2026-05-08 15:01:13,367 - INFO - module.noise_predictor.blocks.1.temporal_attention.query_projection.weight	torch.Size([128, 128])	cuda:0	True
2026-05-08 15:01:13,367 - INFO - module.noise_predictor.blocks.1.temporal_attention.query_projection.bias	torch.Size([128])	cuda:0	True
2026-05-08 15:01:13,367 - INFO - module.noise_predictor.blocks.1.temporal_attention.key_projection.weight	torch.Size([128, 128])	cuda:0	True
2026-05-08 15:01:13,367 - INFO - module.noise_predictor.blocks.1.temporal_attention.key_projection.bias	torch.Size([128])	cuda:0	True
2026-05-08 15:01:13,367 - INFO - module.noise_predictor.blocks.1.temporal_attention.value_projection.weight	torch.Size([128, 128])	cuda:0	True
2026-05-08 15:01:13,367 - INFO - module.noise_predictor.blocks.1.temporal_attention.value_projection.bias	torch.Size([128])	cuda:0	True
2026-05-08 15:01:13,367 - INFO - module.noise_predictor.blocks.1.temporal_attention.output_projection.weight	torch.Size([128, 128])	cuda:0	True
2026-05-08 15:01:13,367 - INFO - module.noise_predictor.blocks.1.temporal_attention.output_projection.bias	torch.Size([128])	cuda:0	True
2026-05-08 15:01:13,367 - INFO - module.noise_predictor.blocks.1.graph_convolution.projections.0.weight	torch.Size([128, 128])	cuda:0	True
2026-05-08 15:01:13,368 - INFO - module.noise_predictor.blocks.1.graph_convolution.projections.0.bias	torch.Size([128])	cuda:0	True
2026-05-08 15:01:13,368 - INFO - module.noise_predictor.blocks.1.graph_convolution.projections.1.weight	torch.Size([128, 128])	cuda:0	True
2026-05-08 15:01:13,368 - INFO - module.noise_predictor.blocks.1.graph_convolution.projections.1.bias	torch.Size([128])	cuda:0	True
2026-05-08 15:01:13,368 - INFO - module.noise_predictor.blocks.1.graph_convolution.projections.2.weight	torch.Size([128, 128])	cuda:0	True
2026-05-08 15:01:13,368 - INFO - module.noise_predictor.blocks.1.graph_convolution.projections.2.bias	torch.Size([128])	cuda:0	True
2026-05-08 15:01:13,368 - INFO - module.noise_predictor.blocks.1.cross_attention.query_projection.weight	torch.Size([128, 128])	cuda:0	True
2026-05-08 15:01:13,368 - INFO - module.noise_predictor.blocks.1.cross_attention.query_projection.bias	torch.Size([128])	cuda:0	True
2026-05-08 15:01:13,368 - INFO - module.noise_predictor.blocks.1.cross_attention.key_projection.weight	torch.Size([128, 128])	cuda:0	True
2026-05-08 15:01:13,368 - INFO - module.noise_predictor.blocks.1.cross_attention.key_projection.bias	torch.Size([128])	cuda:0	True
2026-05-08 15:01:13,368 - INFO - module.noise_predictor.blocks.1.cross_attention.value_projection.weight	torch.Size([128, 128])	cuda:0	True
2026-05-08 15:01:13,368 - INFO - module.noise_predictor.blocks.1.cross_attention.value_projection.bias	torch.Size([128])	cuda:0	True
2026-05-08 15:01:13,368 - INFO - module.noise_predictor.blocks.1.cross_attention.output_projection.weight	torch.Size([128, 128])	cuda:0	True
2026-05-08 15:01:13,368 - INFO - module.noise_predictor.blocks.1.cross_attention.output_projection.bias	torch.Size([128])	cuda:0	True
2026-05-08 15:01:13,368 - INFO - module.noise_predictor.blocks.1.spatiotemporal_attention.query_projection.weight	torch.Size([128, 128])	cuda:0	True
2026-05-08 15:01:13,368 - INFO - module.noise_predictor.blocks.1.spatiotemporal_attention.query_projection.bias	torch.Size([128])	cuda:0	True
2026-05-08 15:01:13,368 - INFO - module.noise_predictor.blocks.1.spatiotemporal_attention.key_projection.weight	torch.Size([128, 128])	cuda:0	True
2026-05-08 15:01:13,368 - INFO - module.noise_predictor.blocks.1.spatiotemporal_attention.key_projection.bias	torch.Size([128])	cuda:0	True
2026-05-08 15:01:13,368 - INFO - module.noise_predictor.blocks.1.spatiotemporal_attention.value_projection.weight	torch.Size([128, 128])	cuda:0	True
2026-05-08 15:01:13,368 - INFO - module.noise_predictor.blocks.1.spatiotemporal_attention.value_projection.bias	torch.Size([128])	cuda:0	True
2026-05-08 15:01:13,368 - INFO - module.noise_predictor.blocks.1.spatiotemporal_attention.output_projection.weight	torch.Size([128, 128])	cuda:0	True
2026-05-08 15:01:13,368 - INFO - module.noise_predictor.blocks.1.spatiotemporal_attention.output_projection.bias	torch.Size([128])	cuda:0	True
2026-05-08 15:01:13,368 - INFO - module.noise_predictor.blocks.1.feed_forward.network.0.weight	torch.Size([256, 128])	cuda:0	True
2026-05-08 15:01:13,368 - INFO - module.noise_predictor.blocks.1.feed_forward.network.0.bias	torch.Size([256])	cuda:0	True
2026-05-08 15:01:13,368 - INFO - module.noise_predictor.blocks.1.feed_forward.network.3.weight	torch.Size([128, 256])	cuda:0	True
2026-05-08 15:01:13,368 - INFO - module.noise_predictor.blocks.1.feed_forward.network.3.bias	torch.Size([128])	cuda:0	True
2026-05-08 15:01:13,368 - INFO - module.noise_predictor.blocks.1.norm_temporal.weight	torch.Size([128])	cuda:0	True
2026-05-08 15:01:13,368 - INFO - module.noise_predictor.blocks.1.norm_temporal.bias	torch.Size([128])	cuda:0	True
2026-05-08 15:01:13,368 - INFO - module.noise_predictor.blocks.1.norm_graph.weight	torch.Size([128])	cuda:0	True
2026-05-08 15:01:13,368 - INFO - module.noise_predictor.blocks.1.norm_graph.bias	torch.Size([128])	cuda:0	True
2026-05-08 15:01:13,368 - INFO - module.noise_predictor.blocks.1.norm_cross.weight	torch.Size([128])	cuda:0	True
2026-05-08 15:01:13,368 - INFO - module.noise_predictor.blocks.1.norm_cross.bias	torch.Size([128])	cuda:0	True
2026-05-08 15:01:13,368 - INFO - module.noise_predictor.blocks.1.norm_spatiotemporal.weight	torch.Size([128])	cuda:0	True
2026-05-08 15:01:13,368 - INFO - module.noise_predictor.blocks.1.norm_spatiotemporal.bias	torch.Size([128])	cuda:0	True
2026-05-08 15:01:13,368 - INFO - module.noise_predictor.blocks.1.norm_ffn.weight	torch.Size([128])	cuda:0	True
2026-05-08 15:01:13,368 - INFO - module.noise_predictor.blocks.1.norm_ffn.bias	torch.Size([128])	cuda:0	True
2026-05-08 15:01:13,368 - INFO - module.noise_predictor.blocks.2.temporal_attention.query_projection.weight	torch.Size([128, 128])	cuda:0	True
2026-05-08 15:01:13,368 - INFO - module.noise_predictor.blocks.2.temporal_attention.query_projection.bias	torch.Size([128])	cuda:0	True
2026-05-08 15:01:13,368 - INFO - module.noise_predictor.blocks.2.temporal_attention.key_projection.weight	torch.Size([128, 128])	cuda:0	True
2026-05-08 15:01:13,368 - INFO - module.noise_predictor.blocks.2.temporal_attention.key_projection.bias	torch.Size([128])	cuda:0	True
2026-05-08 15:01:13,369 - INFO - module.noise_predictor.blocks.2.temporal_attention.value_projection.weight	torch.Size([128, 128])	cuda:0	True
2026-05-08 15:01:13,369 - INFO - module.noise_predictor.blocks.2.temporal_attention.value_projection.bias	torch.Size([128])	cuda:0	True
2026-05-08 15:01:13,369 - INFO - module.noise_predictor.blocks.2.temporal_attention.output_projection.weight	torch.Size([128, 128])	cuda:0	True
2026-05-08 15:01:13,369 - INFO - module.noise_predictor.blocks.2.temporal_attention.output_projection.bias	torch.Size([128])	cuda:0	True
2026-05-08 15:01:13,369 - INFO - module.noise_predictor.blocks.2.graph_convolution.projections.0.weight	torch.Size([128, 128])	cuda:0	True
2026-05-08 15:01:13,369 - INFO - module.noise_predictor.blocks.2.graph_convolution.projections.0.bias	torch.Size([128])	cuda:0	True
2026-05-08 15:01:13,369 - INFO - module.noise_predictor.blocks.2.graph_convolution.projections.1.weight	torch.Size([128, 128])	cuda:0	True
2026-05-08 15:01:13,369 - INFO - module.noise_predictor.blocks.2.graph_convolution.projections.1.bias	torch.Size([128])	cuda:0	True
2026-05-08 15:01:13,369 - INFO - module.noise_predictor.blocks.2.graph_convolution.projections.2.weight	torch.Size([128, 128])	cuda:0	True
2026-05-08 15:01:13,369 - INFO - module.noise_predictor.blocks.2.graph_convolution.projections.2.bias	torch.Size([128])	cuda:0	True
2026-05-08 15:01:13,369 - INFO - module.noise_predictor.blocks.2.cross_attention.query_projection.weight	torch.Size([128, 128])	cuda:0	True
2026-05-08 15:01:13,369 - INFO - module.noise_predictor.blocks.2.cross_attention.query_projection.bias	torch.Size([128])	cuda:0	True
2026-05-08 15:01:13,369 - INFO - module.noise_predictor.blocks.2.cross_attention.key_projection.weight	torch.Size([128, 128])	cuda:0	True
2026-05-08 15:01:13,369 - INFO - module.noise_predictor.blocks.2.cross_attention.key_projection.bias	torch.Size([128])	cuda:0	True
2026-05-08 15:01:13,369 - INFO - module.noise_predictor.blocks.2.cross_attention.value_projection.weight	torch.Size([128, 128])	cuda:0	True
2026-05-08 15:01:13,369 - INFO - module.noise_predictor.blocks.2.cross_attention.value_projection.bias	torch.Size([128])	cuda:0	True
2026-05-08 15:01:13,369 - INFO - module.noise_predictor.blocks.2.cross_attention.output_projection.weight	torch.Size([128, 128])	cuda:0	True
2026-05-08 15:01:13,369 - INFO - module.noise_predictor.blocks.2.cross_attention.output_projection.bias	torch.Size([128])	cuda:0	True
2026-05-08 15:01:13,369 - INFO - module.noise_predictor.blocks.2.spatiotemporal_attention.query_projection.weight	torch.Size([128, 128])	cuda:0	True
2026-05-08 15:01:13,369 - INFO - module.noise_predictor.blocks.2.spatiotemporal_attention.query_projection.bias	torch.Size([128])	cuda:0	True
2026-05-08 15:01:13,369 - INFO - module.noise_predictor.blocks.2.spatiotemporal_attention.key_projection.weight	torch.Size([128, 128])	cuda:0	True
2026-05-08 15:01:13,369 - INFO - module.noise_predictor.blocks.2.spatiotemporal_attention.key_projection.bias	torch.Size([128])	cuda:0	True
2026-05-08 15:01:13,369 - INFO - module.noise_predictor.blocks.2.spatiotemporal_attention.value_projection.weight	torch.Size([128, 128])	cuda:0	True
2026-05-08 15:01:13,369 - INFO - module.noise_predictor.blocks.2.spatiotemporal_attention.value_projection.bias	torch.Size([128])	cuda:0	True
2026-05-08 15:01:13,369 - INFO - module.noise_predictor.blocks.2.spatiotemporal_attention.output_projection.weight	torch.Size([128, 128])	cuda:0	True
2026-05-08 15:01:13,369 - INFO - module.noise_predictor.blocks.2.spatiotemporal_attention.output_projection.bias	torch.Size([128])	cuda:0	True
2026-05-08 15:01:13,369 - INFO - module.noise_predictor.blocks.2.feed_forward.network.0.weight	torch.Size([256, 128])	cuda:0	True
2026-05-08 15:01:13,369 - INFO - module.noise_predictor.blocks.2.feed_forward.network.0.bias	torch.Size([256])	cuda:0	True
2026-05-08 15:01:13,369 - INFO - module.noise_predictor.blocks.2.feed_forward.network.3.weight	torch.Size([128, 256])	cuda:0	True
2026-05-08 15:01:13,369 - INFO - module.noise_predictor.blocks.2.feed_forward.network.3.bias	torch.Size([128])	cuda:0	True
2026-05-08 15:01:13,369 - INFO - module.noise_predictor.blocks.2.norm_temporal.weight	torch.Size([128])	cuda:0	True
2026-05-08 15:01:13,369 - INFO - module.noise_predictor.blocks.2.norm_temporal.bias	torch.Size([128])	cuda:0	True
2026-05-08 15:01:13,369 - INFO - module.noise_predictor.blocks.2.norm_graph.weight	torch.Size([128])	cuda:0	True
2026-05-08 15:01:13,369 - INFO - module.noise_predictor.blocks.2.norm_graph.bias	torch.Size([128])	cuda:0	True
2026-05-08 15:01:13,369 - INFO - module.noise_predictor.blocks.2.norm_cross.weight	torch.Size([128])	cuda:0	True
2026-05-08 15:01:13,369 - INFO - module.noise_predictor.blocks.2.norm_cross.bias	torch.Size([128])	cuda:0	True
2026-05-08 15:01:13,369 - INFO - module.noise_predictor.blocks.2.norm_spatiotemporal.weight	torch.Size([128])	cuda:0	True
2026-05-08 15:01:13,369 - INFO - module.noise_predictor.blocks.2.norm_spatiotemporal.bias	torch.Size([128])	cuda:0	True
2026-05-08 15:01:13,369 - INFO - module.noise_predictor.blocks.2.norm_ffn.weight	torch.Size([128])	cuda:0	True
2026-05-08 15:01:13,370 - INFO - module.noise_predictor.blocks.2.norm_ffn.bias	torch.Size([128])	cuda:0	True
2026-05-08 15:01:13,370 - INFO - module.noise_predictor.blocks.3.temporal_attention.query_projection.weight	torch.Size([128, 128])	cuda:0	True
2026-05-08 15:01:13,370 - INFO - module.noise_predictor.blocks.3.temporal_attention.query_projection.bias	torch.Size([128])	cuda:0	True
2026-05-08 15:01:13,370 - INFO - module.noise_predictor.blocks.3.temporal_attention.key_projection.weight	torch.Size([128, 128])	cuda:0	True
2026-05-08 15:01:13,370 - INFO - module.noise_predictor.blocks.3.temporal_attention.key_projection.bias	torch.Size([128])	cuda:0	True
2026-05-08 15:01:13,370 - INFO - module.noise_predictor.blocks.3.temporal_attention.value_projection.weight	torch.Size([128, 128])	cuda:0	True
2026-05-08 15:01:13,370 - INFO - module.noise_predictor.blocks.3.temporal_attention.value_projection.bias	torch.Size([128])	cuda:0	True
2026-05-08 15:01:13,370 - INFO - module.noise_predictor.blocks.3.temporal_attention.output_projection.weight	torch.Size([128, 128])	cuda:0	True
2026-05-08 15:01:13,370 - INFO - module.noise_predictor.blocks.3.temporal_attention.output_projection.bias	torch.Size([128])	cuda:0	True
2026-05-08 15:01:13,370 - INFO - module.noise_predictor.blocks.3.graph_convolution.projections.0.weight	torch.Size([128, 128])	cuda:0	True
2026-05-08 15:01:13,370 - INFO - module.noise_predictor.blocks.3.graph_convolution.projections.0.bias	torch.Size([128])	cuda:0	True
2026-05-08 15:01:13,370 - INFO - module.noise_predictor.blocks.3.graph_convolution.projections.1.weight	torch.Size([128, 128])	cuda:0	True
2026-05-08 15:01:13,370 - INFO - module.noise_predictor.blocks.3.graph_convolution.projections.1.bias	torch.Size([128])	cuda:0	True
2026-05-08 15:01:13,370 - INFO - module.noise_predictor.blocks.3.graph_convolution.projections.2.weight	torch.Size([128, 128])	cuda:0	True
2026-05-08 15:01:13,370 - INFO - module.noise_predictor.blocks.3.graph_convolution.projections.2.bias	torch.Size([128])	cuda:0	True
2026-05-08 15:01:13,370 - INFO - module.noise_predictor.blocks.3.cross_attention.query_projection.weight	torch.Size([128, 128])	cuda:0	True
2026-05-08 15:01:13,370 - INFO - module.noise_predictor.blocks.3.cross_attention.query_projection.bias	torch.Size([128])	cuda:0	True
2026-05-08 15:01:13,370 - INFO - module.noise_predictor.blocks.3.cross_attention.key_projection.weight	torch.Size([128, 128])	cuda:0	True
2026-05-08 15:01:13,370 - INFO - module.noise_predictor.blocks.3.cross_attention.key_projection.bias	torch.Size([128])	cuda:0	True
2026-05-08 15:01:13,370 - INFO - module.noise_predictor.blocks.3.cross_attention.value_projection.weight	torch.Size([128, 128])	cuda:0	True
2026-05-08 15:01:13,370 - INFO - module.noise_predictor.blocks.3.cross_attention.value_projection.bias	torch.Size([128])	cuda:0	True
2026-05-08 15:01:13,370 - INFO - module.noise_predictor.blocks.3.cross_attention.output_projection.weight	torch.Size([128, 128])	cuda:0	True
2026-05-08 15:01:13,370 - INFO - module.noise_predictor.blocks.3.cross_attention.output_projection.bias	torch.Size([128])	cuda:0	True
2026-05-08 15:01:13,370 - INFO - module.noise_predictor.blocks.3.spatiotemporal_attention.query_projection.weight	torch.Size([128, 128])	cuda:0	True
2026-05-08 15:01:13,370 - INFO - module.noise_predictor.blocks.3.spatiotemporal_attention.query_projection.bias	torch.Size([128])	cuda:0	True
2026-05-08 15:01:13,370 - INFO - module.noise_predictor.blocks.3.spatiotemporal_attention.key_projection.weight	torch.Size([128, 128])	cuda:0	True
2026-05-08 15:01:13,370 - INFO - module.noise_predictor.blocks.3.spatiotemporal_attention.key_projection.bias	torch.Size([128])	cuda:0	True
2026-05-08 15:01:13,370 - INFO - module.noise_predictor.blocks.3.spatiotemporal_attention.value_projection.weight	torch.Size([128, 128])	cuda:0	True
2026-05-08 15:01:13,370 - INFO - module.noise_predictor.blocks.3.spatiotemporal_attention.value_projection.bias	torch.Size([128])	cuda:0	True
2026-05-08 15:01:13,370 - INFO - module.noise_predictor.blocks.3.spatiotemporal_attention.output_projection.weight	torch.Size([128, 128])	cuda:0	True
2026-05-08 15:01:13,370 - INFO - module.noise_predictor.blocks.3.spatiotemporal_attention.output_projection.bias	torch.Size([128])	cuda:0	True
2026-05-08 15:01:13,370 - INFO - module.noise_predictor.blocks.3.feed_forward.network.0.weight	torch.Size([256, 128])	cuda:0	True
2026-05-08 15:01:13,370 - INFO - module.noise_predictor.blocks.3.feed_forward.network.0.bias	torch.Size([256])	cuda:0	True
2026-05-08 15:01:13,370 - INFO - module.noise_predictor.blocks.3.feed_forward.network.3.weight	torch.Size([128, 256])	cuda:0	True
2026-05-08 15:01:13,370 - INFO - module.noise_predictor.blocks.3.feed_forward.network.3.bias	torch.Size([128])	cuda:0	True
2026-05-08 15:01:13,370 - INFO - module.noise_predictor.blocks.3.norm_temporal.weight	torch.Size([128])	cuda:0	True
2026-05-08 15:01:13,370 - INFO - module.noise_predictor.blocks.3.norm_temporal.bias	torch.Size([128])	cuda:0	True
2026-05-08 15:01:13,370 - INFO - module.noise_predictor.blocks.3.norm_graph.weight	torch.Size([128])	cuda:0	True
2026-05-08 15:01:13,370 - INFO - module.noise_predictor.blocks.3.norm_graph.bias	torch.Size([128])	cuda:0	True
2026-05-08 15:01:13,371 - INFO - module.noise_predictor.blocks.3.norm_cross.weight	torch.Size([128])	cuda:0	True
2026-05-08 15:01:13,371 - INFO - module.noise_predictor.blocks.3.norm_cross.bias	torch.Size([128])	cuda:0	True
2026-05-08 15:01:13,371 - INFO - module.noise_predictor.blocks.3.norm_spatiotemporal.weight	torch.Size([128])	cuda:0	True
2026-05-08 15:01:13,371 - INFO - module.noise_predictor.blocks.3.norm_spatiotemporal.bias	torch.Size([128])	cuda:0	True
2026-05-08 15:01:13,371 - INFO - module.noise_predictor.blocks.3.norm_ffn.weight	torch.Size([128])	cuda:0	True
2026-05-08 15:01:13,371 - INFO - module.noise_predictor.blocks.3.norm_ffn.bias	torch.Size([128])	cuda:0	True
2026-05-08 15:01:13,371 - INFO - module.noise_predictor.final_norm.weight	torch.Size([128])	cuda:0	True
2026-05-08 15:01:13,371 - INFO - module.noise_predictor.final_norm.bias	torch.Size([128])	cuda:0	True
2026-05-08 15:01:13,371 - INFO - module.noise_predictor.output_projection.weight	torch.Size([3, 128])	cuda:0	True
2026-05-08 15:01:13,371 - INFO - module.noise_predictor.output_projection.bias	torch.Size([3])	cuda:0	True
2026-05-08 15:01:13,371 - INFO - module.noise_predictor.adaptive_graph_learner.node_embeddings	torch.Size([307, 32])	cuda:0	True
2026-05-08 15:01:13,371 - INFO - module.noise_predictor.adaptive_graph_learner.blend_logit	torch.Size([])	cuda:0	True
2026-05-08 15:01:13,371 - INFO - module.noise_predictor.adaptive_graph_learner.fuzzy_centers	torch.Size([3])	cuda:0	True
2026-05-08 15:01:13,371 - INFO - module.noise_predictor.adaptive_graph_learner.fuzzy_log_sigmas	torch.Size([3])	cuda:0	True
2026-05-08 15:01:13,371 - INFO - module.noise_predictor.adaptive_graph_learner.fuzzy_rule_logits	torch.Size([3])	cuda:0	True
2026-05-08 15:01:13,371 - INFO - module.noise_predictor.adaptive_graph_learner.feature_projection.weight	torch.Size([32, 128])	cuda:0	True
2026-05-08 15:01:13,371 - INFO - module.noise_predictor.adaptive_graph_learner.feature_projection.bias	torch.Size([32])	cuda:0	True
2026-05-08 15:01:13,371 - INFO - module.noise_predictor.adaptive_graph_learner.time_projection.weight	torch.Size([32, 128])	cuda:0	True
2026-05-08 15:01:13,371 - INFO - module.noise_predictor.adaptive_graph_learner.time_projection.bias	torch.Size([32])	cuda:0	True
2026-05-08 15:01:13,371 - INFO - Total parameter numbers: 1713081
2026-05-08 15:01:13,371 - INFO - You select `adamw` optimizer.
2026-05-08 15:01:13,372 - INFO - You select `cosineannealinglr` lr_scheduler.
2026-05-08 15:01:13,372 - WARNING - Received none train loss func and will use the loss func defined in the model.
2026-05-08 15:01:13,372 - INFO - Start training ...
2026-05-08 15:01:13,372 - INFO - num_batches:40
2026-05-08 15:01:13,594 - INFO - Enable physics warmup: steps=3000 start_ratio=0.200 mode=linear.
2026-05-08 15:01:13,594 - INFO - Enable physics warmup: steps=3000 start_ratio=0.200 mode=linear.
2026-05-08 15:01:13,596 - INFO - Enable physics warmup: steps=3000 start_ratio=0.200 mode=linear.
2026-05-08 15:01:13,597 - INFO - Enable physics warmup: steps=3000 start_ratio=0.200 mode=linear.
2026-05-08 15:01:57,687 - INFO - epoch complete!
2026-05-08 15:01:57,687 - INFO - evaluating now!
2026-05-08 15:01:57,688 - INFO - epoch complete!
2026-05-08 15:01:57,689 - INFO - evaluating now!
2026-05-08 15:01:57,691 - INFO - epoch complete!
2026-05-08 15:01:57,691 - INFO - evaluating now!
2026-05-08 15:01:57,693 - INFO - epoch complete!
2026-05-08 15:01:57,694 - INFO - evaluating now!
2026-05-08 15:02:01,836 - INFO - Epoch [0/50] train_loss: 5.1874, val_loss: 4.4509, lr: 0.000999, 48.47s
2026-05-08 15:02:01,842 - INFO - Epoch [0/50] train_loss: 5.1952, val_loss: 4.4509, lr: 0.000999, 48.48s
2026-05-08 15:02:01,855 - INFO - Epoch [0/50] train_loss: 5.1973, val_loss: 4.4509, lr: 0.000999, 48.49s
2026-05-08 15:02:01,884 - INFO - Epoch [0/50] train_loss: 5.1961, val_loss: 4.4509, lr: 0.000999, 48.51s
2026-05-08 15:02:02,242 - INFO - Saved model at 0
2026-05-08 15:02:02,242 - INFO - Val loss decrease from inf to 4.4509, saving to /home/lizhuoxuan/lzq/Bigscity-LibCity-master/outputs/20260508_150102__traffic_state_pred__new_diffusion_fuzzy__PEMSD4/model_cache/new_diffusion_fuzzy_PEMSD4_epoch0.tar
2026-05-08 15:02:02,285 - INFO - Saved model at 0
2026-05-08 15:02:02,286 - INFO - Val loss decrease from inf to 4.4509, saving to /home/lizhuoxuan/lzq/Bigscity-LibCity-master/outputs/20260508_150102__traffic_state_pred__new_diffusion_fuzzy__PEMSD4/model_cache/new_diffusion_fuzzy_PEMSD4_epoch0.tar
2026-05-08 15:02:02,321 - INFO - Saved model at 0
2026-05-08 15:02:02,321 - INFO - Saved model at 0
2026-05-08 15:02:02,321 - INFO - Val loss decrease from inf to 4.4509, saving to /home/lizhuoxuan/lzq/Bigscity-LibCity-master/outputs/20260508_150102__traffic_state_pred__new_diffusion_fuzzy__PEMSD4/model_cache/new_diffusion_fuzzy_PEMSD4_epoch0.tar
2026-05-08 15:02:02,322 - INFO - Val loss decrease from inf to 4.4509, saving to /home/lizhuoxuan/lzq/Bigscity-LibCity-master/outputs/20260508_150102__traffic_state_pred__new_diffusion_fuzzy__PEMSD4/model_cache/new_diffusion_fuzzy_PEMSD4_epoch0.tar
2026-05-08 15:02:46,357 - INFO - epoch complete!
2026-05-08 15:02:46,357 - INFO - evaluating now!
2026-05-08 15:02:46,357 - INFO - epoch complete!
2026-05-08 15:02:46,358 - INFO - evaluating now!
2026-05-08 15:02:46,359 - INFO - epoch complete!
2026-05-08 15:02:46,359 - INFO - evaluating now!
2026-05-08 15:02:46,361 - INFO - epoch complete!
2026-05-08 15:02:46,362 - INFO - evaluating now!
2026-05-08 15:02:50,525 - INFO - Epoch [1/50] train_loss: 4.2982, val_loss: 4.4262, lr: 0.000996, 48.20s
2026-05-08 15:02:50,528 - INFO - Epoch [1/50] train_loss: 4.2982, val_loss: 4.4262, lr: 0.000996, 48.24s
2026-05-08 15:02:50,543 - INFO - Epoch [1/50] train_loss: 4.2982, val_loss: 4.4262, lr: 0.000996, 48.30s
2026-05-08 15:02:50,564 - INFO - Epoch [1/50] train_loss: 4.2982, val_loss: 4.4262, lr: 0.000996, 48.24s
2026-05-08 15:02:50,917 - INFO - Saved model at 1
2026-05-08 15:02:50,917 - INFO - Saved model at 1
2026-05-08 15:02:50,918 - INFO - Val loss decrease from 4.4509 to 4.4262, saving to /home/lizhuoxuan/lzq/Bigscity-LibCity-master/outputs/20260508_150102__traffic_state_pred__new_diffusion_fuzzy__PEMSD4/model_cache/new_diffusion_fuzzy_PEMSD4_epoch1.tar
2026-05-08 15:02:50,918 - INFO - Saved model at 1
2026-05-08 15:02:50,918 - INFO - Val loss decrease from 4.4509 to 4.4262, saving to /home/lizhuoxuan/lzq/Bigscity-LibCity-master/outputs/20260508_150102__traffic_state_pred__new_diffusion_fuzzy__PEMSD4/model_cache/new_diffusion_fuzzy_PEMSD4_epoch1.tar
2026-05-08 15:02:50,918 - INFO - Val loss decrease from 4.4509 to 4.4262, saving to /home/lizhuoxuan/lzq/Bigscity-LibCity-master/outputs/20260508_150102__traffic_state_pred__new_diffusion_fuzzy__PEMSD4/model_cache/new_diffusion_fuzzy_PEMSD4_epoch1.tar
2026-05-08 15:02:50,920 - INFO - Saved model at 1
2026-05-08 15:02:50,920 - INFO - Val loss decrease from 4.4509 to 4.4262, saving to /home/lizhuoxuan/lzq/Bigscity-LibCity-master/outputs/20260508_150102__traffic_state_pred__new_diffusion_fuzzy__PEMSD4/model_cache/new_diffusion_fuzzy_PEMSD4_epoch1.tar
2026-05-08 15:03:35,025 - INFO - epoch complete!
2026-05-08 15:03:35,026 - INFO - evaluating now!
2026-05-08 15:03:35,027 - INFO - epoch complete!
2026-05-08 15:03:35,027 - INFO - evaluating now!
2026-05-08 15:03:35,030 - INFO - epoch complete!
2026-05-08 15:03:35,030 - INFO - evaluating now!
2026-05-08 15:03:35,032 - INFO - epoch complete!
2026-05-08 15:03:35,032 - INFO - evaluating now!
2026-05-08 15:03:39,199 - INFO - Epoch [2/50] train_loss: 4.3469, val_loss: 4.2938, lr: 0.000991, 48.28s
2026-05-08 15:03:39,223 - INFO - Epoch [2/50] train_loss: 4.3469, val_loss: 4.2938, lr: 0.000991, 48.31s
2026-05-08 15:03:39,240 - INFO - Epoch [2/50] train_loss: 4.3469, val_loss: 4.2938, lr: 0.000991, 48.32s
2026-05-08 15:03:39,281 - INFO - Epoch [2/50] train_loss: 4.3469, val_loss: 4.2938, lr: 0.000991, 48.36s
2026-05-08 15:03:39,437 - INFO - Saved model at 2
2026-05-08 15:03:39,437 - INFO - Val loss decrease from 4.4262 to 4.2938, saving to /home/lizhuoxuan/lzq/Bigscity-LibCity-master/outputs/20260508_150102__traffic_state_pred__new_diffusion_fuzzy__PEMSD4/model_cache/new_diffusion_fuzzy_PEMSD4_epoch2.tar
2026-05-08 15:03:39,623 - INFO - Saved model at 2
2026-05-08 15:03:39,623 - INFO - Saved model at 2
2026-05-08 15:03:39,624 - INFO - Saved model at 2
2026-05-08 15:03:39,624 - INFO - Val loss decrease from 4.4262 to 4.2938, saving to /home/lizhuoxuan/lzq/Bigscity-LibCity-master/outputs/20260508_150102__traffic_state_pred__new_diffusion_fuzzy__PEMSD4/model_cache/new_diffusion_fuzzy_PEMSD4_epoch2.tar
2026-05-08 15:03:39,624 - INFO - Val loss decrease from 4.4262 to 4.2938, saving to /home/lizhuoxuan/lzq/Bigscity-LibCity-master/outputs/20260508_150102__traffic_state_pred__new_diffusion_fuzzy__PEMSD4/model_cache/new_diffusion_fuzzy_PEMSD4_epoch2.tar
2026-05-08 15:03:39,624 - INFO - Val loss decrease from 4.4262 to 4.2938, saving to /home/lizhuoxuan/lzq/Bigscity-LibCity-master/outputs/20260508_150102__traffic_state_pred__new_diffusion_fuzzy__PEMSD4/model_cache/new_diffusion_fuzzy_PEMSD4_epoch2.tar
2026-05-08 15:04:23,978 - INFO - epoch complete!
2026-05-08 15:04:23,978 - INFO - evaluating now!
2026-05-08 15:04:23,982 - INFO - epoch complete!
2026-05-08 15:04:23,982 - INFO - evaluating now!
2026-05-08 15:04:23,982 - INFO - epoch complete!
2026-05-08 15:04:23,982 - INFO - evaluating now!
2026-05-08 15:04:23,984 - INFO - epoch complete!
2026-05-08 15:04:23,984 - INFO - evaluating now!
2026-05-08 15:04:28,156 - INFO - Epoch [3/50] train_loss: 4.5074, val_loss: 4.1951, lr: 0.000984, 48.72s
2026-05-08 15:04:28,185 - INFO - Epoch [3/50] train_loss: 4.5074, val_loss: 4.1951, lr: 0.000984, 48.56s
2026-05-08 15:04:28,212 - INFO - Epoch [3/50] train_loss: 4.5074, val_loss: 4.1951, lr: 0.000984, 48.59s
2026-05-08 15:04:28,261 - INFO - Epoch [3/50] train_loss: 4.5074, val_loss: 4.1951, lr: 0.000984, 48.64s
2026-05-08 15:04:28,321 - INFO - Saved model at 3
2026-05-08 15:04:28,322 - INFO - Val loss decrease from 4.2938 to 4.1951, saving to /home/lizhuoxuan/lzq/Bigscity-LibCity-master/outputs/20260508_150102__traffic_state_pred__new_diffusion_fuzzy__PEMSD4/model_cache/new_diffusion_fuzzy_PEMSD4_epoch3.tar
2026-05-08 15:04:28,358 - INFO - Saved model at 3
2026-05-08 15:04:28,359 - INFO - Val loss decrease from 4.2938 to 4.1951, saving to /home/lizhuoxuan/lzq/Bigscity-LibCity-master/outputs/20260508_150102__traffic_state_pred__new_diffusion_fuzzy__PEMSD4/model_cache/new_diffusion_fuzzy_PEMSD4_epoch3.tar
2026-05-08 15:04:28,425 - INFO - Saved model at 3
2026-05-08 15:04:28,426 - INFO - Val loss decrease from 4.2938 to 4.1951, saving to /home/lizhuoxuan/lzq/Bigscity-LibCity-master/outputs/20260508_150102__traffic_state_pred__new_diffusion_fuzzy__PEMSD4/model_cache/new_diffusion_fuzzy_PEMSD4_epoch3.tar
2026-05-08 15:04:28,445 - INFO - Saved model at 3
2026-05-08 15:04:28,445 - INFO - Val loss decrease from 4.2938 to 4.1951, saving to /home/lizhuoxuan/lzq/Bigscity-LibCity-master/outputs/20260508_150102__traffic_state_pred__new_diffusion_fuzzy__PEMSD4/model_cache/new_diffusion_fuzzy_PEMSD4_epoch3.tar
2026-05-08 15:05:13,268 - INFO - epoch complete!
2026-05-08 15:05:13,268 - INFO - evaluating now!
2026-05-08 15:05:13,270 - INFO - epoch complete!
2026-05-08 15:05:13,271 - INFO - evaluating now!
2026-05-08 15:05:13,272 - INFO - epoch complete!
2026-05-08 15:05:13,272 - INFO - evaluating now!
2026-05-08 15:05:13,284 - INFO - epoch complete!
2026-05-08 15:05:13,285 - INFO - evaluating now!
2026-05-08 15:05:17,461 - INFO - Epoch [4/50] train_loss: 4.4268, val_loss: 4.2356, lr: 0.000976, 49.14s
2026-05-08 15:05:17,490 - INFO - Epoch [4/50] train_loss: 4.4292, val_loss: 4.2356, lr: 0.000976, 49.13s
2026-05-08 15:05:17,528 - INFO - Epoch [4/50] train_loss: 4.4282, val_loss: 4.2356, lr: 0.000976, 49.10s
2026-05-08 15:05:17,548 - INFO - Epoch [4/50] train_loss: 4.4264, val_loss: 4.2356, lr: 0.000976, 49.10s
2026-05-08 15:06:02,676 - INFO - epoch complete!
2026-05-08 15:06:02,677 - INFO - evaluating now!
2026-05-08 15:06:02,683 - INFO - epoch complete!
2026-05-08 15:06:02,684 - INFO - evaluating now!
2026-05-08 15:06:02,686 - INFO - epoch complete!
2026-05-08 15:06:02,687 - INFO - evaluating now!
2026-05-08 15:06:02,701 - INFO - epoch complete!
2026-05-08 15:06:02,701 - INFO - evaluating now!
2026-05-08 15:06:06,885 - INFO - Epoch [5/50] train_loss: 4.0118, val_loss: 3.6870, lr: 0.000965, 49.42s
2026-05-08 15:06:06,930 - INFO - Epoch [5/50] train_loss: 4.0112, val_loss: 3.6868, lr: 0.000965, 49.44s
2026-05-08 15:06:06,981 - INFO - Epoch [5/50] train_loss: 4.0122, val_loss: 3.6869, lr: 0.000965, 49.45s
2026-05-08 15:06:07,001 - INFO - Epoch [5/50] train_loss: 4.0122, val_loss: 3.6871, lr: 0.000965, 49.45s
2026-05-08 15:06:07,049 - INFO - Saved model at 5
2026-05-08 15:06:07,050 - INFO - Val loss decrease from 4.1951 to 3.6870, saving to /home/lizhuoxuan/lzq/Bigscity-LibCity-master/outputs/20260508_150102__traffic_state_pred__new_diffusion_fuzzy__PEMSD4/model_cache/new_diffusion_fuzzy_PEMSD4_epoch5.tar
2026-05-08 15:06:07,123 - INFO - Saved model at 5
2026-05-08 15:06:07,124 - INFO - Val loss decrease from 4.1951 to 3.6868, saving to /home/lizhuoxuan/lzq/Bigscity-LibCity-master/outputs/20260508_150102__traffic_state_pred__new_diffusion_fuzzy__PEMSD4/model_cache/new_diffusion_fuzzy_PEMSD4_epoch5.tar
2026-05-08 15:06:07,144 - INFO - Saved model at 5
2026-05-08 15:06:07,144 - INFO - Saved model at 5
2026-05-08 15:06:07,144 - INFO - Val loss decrease from 4.1951 to 3.6869, saving to /home/lizhuoxuan/lzq/Bigscity-LibCity-master/outputs/20260508_150102__traffic_state_pred__new_diffusion_fuzzy__PEMSD4/model_cache/new_diffusion_fuzzy_PEMSD4_epoch5.tar
2026-05-08 15:06:07,144 - INFO - Val loss decrease from 4.1951 to 3.6871, saving to /home/lizhuoxuan/lzq/Bigscity-LibCity-master/outputs/20260508_150102__traffic_state_pred__new_diffusion_fuzzy__PEMSD4/model_cache/new_diffusion_fuzzy_PEMSD4_epoch5.tar
2026-05-08 15:06:52,232 - INFO - epoch complete!
2026-05-08 15:06:52,232 - INFO - evaluating now!
2026-05-08 15:06:52,237 - INFO - epoch complete!
2026-05-08 15:06:52,237 - INFO - evaluating now!
2026-05-08 15:06:52,239 - INFO - epoch complete!
2026-05-08 15:06:52,239 - INFO - evaluating now!
2026-05-08 15:06:52,251 - INFO - epoch complete!
2026-05-08 15:06:52,251 - INFO - evaluating now!
2026-05-08 15:06:56,434 - INFO - Epoch [6/50] train_loss: 3.5515, val_loss: 3.1799, lr: 0.000953, 49.38s
2026-05-08 15:06:56,473 - INFO - Epoch [6/50] train_loss: 3.5518, val_loss: 3.1799, lr: 0.000953, 49.35s
2026-05-08 15:06:56,526 - INFO - Epoch [6/50] train_loss: 3.5531, val_loss: 3.1798, lr: 0.000953, 49.38s
2026-05-08 15:06:56,538 - INFO - Epoch [6/50] train_loss: 3.5545, val_loss: 3.1797, lr: 0.000953, 49.39s
2026-05-08 15:06:56,604 - INFO - Saved model at 6
2026-05-08 15:06:56,604 - INFO - Val loss decrease from 3.6870 to 3.1799, saving to /home/lizhuoxuan/lzq/Bigscity-LibCity-master/outputs/20260508_150102__traffic_state_pred__new_diffusion_fuzzy__PEMSD4/model_cache/new_diffusion_fuzzy_PEMSD4_epoch6.tar
2026-05-08 15:06:56,782 - INFO - Saved model at 6
2026-05-08 15:06:56,782 - INFO - Val loss decrease from 3.6868 to 3.1799, saving to /home/lizhuoxuan/lzq/Bigscity-LibCity-master/outputs/20260508_150102__traffic_state_pred__new_diffusion_fuzzy__PEMSD4/model_cache/new_diffusion_fuzzy_PEMSD4_epoch6.tar
2026-05-08 15:06:56,857 - INFO - Saved model at 6
2026-05-08 15:06:56,858 - INFO - Val loss decrease from 3.6869 to 3.1798, saving to /home/lizhuoxuan/lzq/Bigscity-LibCity-master/outputs/20260508_150102__traffic_state_pred__new_diffusion_fuzzy__PEMSD4/model_cache/new_diffusion_fuzzy_PEMSD4_epoch6.tar
2026-05-08 15:06:56,872 - INFO - Saved model at 6
2026-05-08 15:06:56,872 - INFO - Val loss decrease from 3.6871 to 3.1797, saving to /home/lizhuoxuan/lzq/Bigscity-LibCity-master/outputs/20260508_150102__traffic_state_pred__new_diffusion_fuzzy__PEMSD4/model_cache/new_diffusion_fuzzy_PEMSD4_epoch6.tar
2026-05-08 15:07:42,002 - INFO - epoch complete!
2026-05-08 15:07:42,003 - INFO - evaluating now!
2026-05-08 15:07:42,008 - INFO - epoch complete!
2026-05-08 15:07:42,008 - INFO - evaluating now!
2026-05-08 15:07:42,009 - INFO - epoch complete!
2026-05-08 15:07:42,009 - INFO - evaluating now!
2026-05-08 15:07:42,020 - INFO - epoch complete!
2026-05-08 15:07:42,021 - INFO - evaluating now!
2026-05-08 15:07:46,208 - INFO - Epoch [7/50] train_loss: 3.3405, val_loss: 2.9893, lr: 0.000939, 49.60s
2026-05-08 15:07:46,261 - INFO - Epoch [7/50] train_loss: 3.3375, val_loss: 2.9896, lr: 0.000939, 49.48s
2026-05-08 15:07:46,310 - INFO - Epoch [7/50] train_loss: 3.3406, val_loss: 2.9892, lr: 0.000939, 49.45s
2026-05-08 15:07:46,329 - INFO - Epoch [7/50] train_loss: 3.3414, val_loss: 2.9896, lr: 0.000939, 49.46s
2026-05-08 15:07:46,377 - INFO - Saved model at 7
2026-05-08 15:07:46,377 - INFO - Val loss decrease from 3.1799 to 2.9893, saving to /home/lizhuoxuan/lzq/Bigscity-LibCity-master/outputs/20260508_150102__traffic_state_pred__new_diffusion_fuzzy__PEMSD4/model_cache/new_diffusion_fuzzy_PEMSD4_epoch7.tar
2026-05-08 15:07:46,482 - INFO - Saved model at 7
2026-05-08 15:07:46,482 - INFO - Val loss decrease from 3.1799 to 2.9896, saving to /home/lizhuoxuan/lzq/Bigscity-LibCity-master/outputs/20260508_150102__traffic_state_pred__new_diffusion_fuzzy__PEMSD4/model_cache/new_diffusion_fuzzy_PEMSD4_epoch7.tar
2026-05-08 15:07:46,485 - INFO - Saved model at 7
2026-05-08 15:07:46,485 - INFO - Saved model at 7
2026-05-08 15:07:46,485 - INFO - Val loss decrease from 3.1797 to 2.9896, saving to /home/lizhuoxuan/lzq/Bigscity-LibCity-master/outputs/20260508_150102__traffic_state_pred__new_diffusion_fuzzy__PEMSD4/model_cache/new_diffusion_fuzzy_PEMSD4_epoch7.tar
2026-05-08 15:07:46,485 - INFO - Val loss decrease from 3.1798 to 2.9892, saving to /home/lizhuoxuan/lzq/Bigscity-LibCity-master/outputs/20260508_150102__traffic_state_pred__new_diffusion_fuzzy__PEMSD4/model_cache/new_diffusion_fuzzy_PEMSD4_epoch7.tar
2026-05-08 15:08:31,629 - INFO - epoch complete!
2026-05-08 15:08:31,629 - INFO - evaluating now!
2026-05-08 15:08:31,633 - INFO - epoch complete!
2026-05-08 15:08:31,633 - INFO - evaluating now!
2026-05-08 15:08:31,636 - INFO - epoch complete!
2026-05-08 15:08:31,636 - INFO - evaluating now!
2026-05-08 15:08:31,647 - INFO - epoch complete!
2026-05-08 15:08:31,647 - INFO - evaluating now!
2026-05-08 15:08:35,831 - INFO - Epoch [8/50] train_loss: 3.1760, val_loss: 2.9771, lr: 0.000923, 49.45s
2026-05-08 15:08:35,875 - INFO - Epoch [8/50] train_loss: 3.1730, val_loss: 2.9771, lr: 0.000923, 49.39s
2026-05-08 15:08:35,902 - INFO - Epoch [8/50] train_loss: 3.1766, val_loss: 2.9769, lr: 0.000923, 49.42s
2026-05-08 15:08:35,932 - INFO - Epoch [8/50] train_loss: 3.1754, val_loss: 2.9772, lr: 0.000923, 49.45s
2026-05-08 15:08:36,002 - INFO - Saved model at 8
2026-05-08 15:08:36,002 - INFO - Val loss decrease from 2.9893 to 2.9771, saving to /home/lizhuoxuan/lzq/Bigscity-LibCity-master/outputs/20260508_150102__traffic_state_pred__new_diffusion_fuzzy__PEMSD4/model_cache/new_diffusion_fuzzy_PEMSD4_epoch8.tar
2026-05-08 15:08:36,227 - INFO - Saved model at 8
2026-05-08 15:08:36,227 - INFO - Saved model at 8
2026-05-08 15:08:36,227 - INFO - Val loss decrease from 2.9892 to 2.9772, saving to /home/lizhuoxuan/lzq/Bigscity-LibCity-master/outputs/20260508_150102__traffic_state_pred__new_diffusion_fuzzy__PEMSD4/model_cache/new_diffusion_fuzzy_PEMSD4_epoch8.tar
2026-05-08 15:08:36,227 - INFO - Val loss decrease from 2.9896 to 2.9769, saving to /home/lizhuoxuan/lzq/Bigscity-LibCity-master/outputs/20260508_150102__traffic_state_pred__new_diffusion_fuzzy__PEMSD4/model_cache/new_diffusion_fuzzy_PEMSD4_epoch8.tar
2026-05-08 15:08:36,227 - INFO - Saved model at 8
2026-05-08 15:08:36,228 - INFO - Val loss decrease from 2.9896 to 2.9771, saving to /home/lizhuoxuan/lzq/Bigscity-LibCity-master/outputs/20260508_150102__traffic_state_pred__new_diffusion_fuzzy__PEMSD4/model_cache/new_diffusion_fuzzy_PEMSD4_epoch8.tar
2026-05-08 15:09:21,359 - INFO - epoch complete!
2026-05-08 15:09:21,360 - INFO - evaluating now!
2026-05-08 15:09:21,365 - INFO - epoch complete!
2026-05-08 15:09:21,372 - INFO - epoch complete!
2026-05-08 15:09:21,376 - INFO - evaluating now!
2026-05-08 15:09:21,376 - INFO - evaluating now!
2026-05-08 15:09:21,377 - INFO - epoch complete!
2026-05-08 15:09:21,377 - INFO - evaluating now!
2026-05-08 15:09:25,559 - INFO - Epoch [9/50] train_loss: 3.1382, val_loss: 2.8479, lr: 0.000905, 49.56s
2026-05-08 15:09:25,602 - INFO - Epoch [9/50] train_loss: 3.1380, val_loss: 2.8478, lr: 0.000905, 49.37s
2026-05-08 15:09:25,653 - INFO - Epoch [9/50] train_loss: 3.1384, val_loss: 2.8479, lr: 0.000905, 49.43s
2026-05-08 15:09:25,661 - INFO - Epoch [9/50] train_loss: 3.1360, val_loss: 2.8478, lr: 0.000905, 49.43s
2026-05-08 15:09:25,721 - INFO - Saved model at 9
2026-05-08 15:09:25,722 - INFO - Val loss decrease from 2.9771 to 2.8479, saving to /home/lizhuoxuan/lzq/Bigscity-LibCity-master/outputs/20260508_150102__traffic_state_pred__new_diffusion_fuzzy__PEMSD4/model_cache/new_diffusion_fuzzy_PEMSD4_epoch9.tar
2026-05-08 15:09:25,836 - INFO - Saved model at 9
2026-05-08 15:09:25,836 - INFO - Saved model at 9
2026-05-08 15:09:25,836 - INFO - Saved model at 9
2026-05-08 15:09:25,836 - INFO - Val loss decrease from 2.9772 to 2.8479, saving to /home/lizhuoxuan/lzq/Bigscity-LibCity-master/outputs/20260508_150102__traffic_state_pred__new_diffusion_fuzzy__PEMSD4/model_cache/new_diffusion_fuzzy_PEMSD4_epoch9.tar
2026-05-08 15:09:25,837 - INFO - Val loss decrease from 2.9771 to 2.8478, saving to /home/lizhuoxuan/lzq/Bigscity-LibCity-master/outputs/20260508_150102__traffic_state_pred__new_diffusion_fuzzy__PEMSD4/model_cache/new_diffusion_fuzzy_PEMSD4_epoch9.tar
2026-05-08 15:09:25,837 - INFO - Val loss decrease from 2.9769 to 2.8478, saving to /home/lizhuoxuan/lzq/Bigscity-LibCity-master/outputs/20260508_150102__traffic_state_pred__new_diffusion_fuzzy__PEMSD4/model_cache/new_diffusion_fuzzy_PEMSD4_epoch9.tar
2026-05-08 15:10:10,971 - INFO - epoch complete!
2026-05-08 15:10:10,971 - INFO - evaluating now!
2026-05-08 15:10:10,974 - INFO - epoch complete!
2026-05-08 15:10:10,975 - INFO - evaluating now!
2026-05-08 15:10:10,977 - INFO - epoch complete!
2026-05-08 15:10:10,977 - INFO - evaluating now!
2026-05-08 15:10:10,990 - INFO - epoch complete!
2026-05-08 15:10:10,990 - INFO - evaluating now!
2026-05-08 15:10:15,179 - INFO - Epoch [10/50] train_loss: 2.3707, val_loss: 1.8922, lr: 0.000886, 49.46s
2026-05-08 15:10:15,239 - INFO - Saved model at 10
2026-05-08 15:10:15,239 - INFO - Val loss decrease from 2.8479 to 1.8922, saving to /home/lizhuoxuan/lzq/Bigscity-LibCity-master/outputs/20260508_150102__traffic_state_pred__new_diffusion_fuzzy__PEMSD4/model_cache/new_diffusion_fuzzy_PEMSD4_epoch10.tar
2026-05-08 15:10:15,254 - INFO - Epoch [10/50] train_loss: 2.3705, val_loss: 1.8925, lr: 0.000886, 49.42s
2026-05-08 15:10:15,292 - INFO - Epoch [10/50] train_loss: 2.3689, val_loss: 1.8927, lr: 0.000886, 49.46s
2026-05-08 15:10:15,293 - INFO - Epoch [10/50] train_loss: 2.3676, val_loss: 1.8918, lr: 0.000886, 49.46s
2026-05-08 15:10:15,600 - INFO - Saved model at 10
2026-05-08 15:10:15,600 - INFO - Val loss decrease from 2.8478 to 1.8925, saving to /home/lizhuoxuan/lzq/Bigscity-LibCity-master/outputs/20260508_150102__traffic_state_pred__new_diffusion_fuzzy__PEMSD4/model_cache/new_diffusion_fuzzy_PEMSD4_epoch10.tar
2026-05-08 15:10:15,738 - INFO - Saved model at 10
2026-05-08 15:10:15,738 - INFO - Val loss decrease from 2.8479 to 1.8918, saving to /home/lizhuoxuan/lzq/Bigscity-LibCity-master/outputs/20260508_150102__traffic_state_pred__new_diffusion_fuzzy__PEMSD4/model_cache/new_diffusion_fuzzy_PEMSD4_epoch10.tar
2026-05-08 15:10:15,738 - INFO - Saved model at 10
2026-05-08 15:10:15,739 - INFO - Val loss decrease from 2.8478 to 1.8927, saving to /home/lizhuoxuan/lzq/Bigscity-LibCity-master/outputs/20260508_150102__traffic_state_pred__new_diffusion_fuzzy__PEMSD4/model_cache/new_diffusion_fuzzy_PEMSD4_epoch10.tar
2026-05-08 15:11:00,887 - INFO - epoch complete!
2026-05-08 15:11:00,887 - INFO - evaluating now!
2026-05-08 15:11:00,891 - INFO - epoch complete!
2026-05-08 15:11:00,896 - INFO - epoch complete!
2026-05-08 15:11:00,900 - INFO - epoch complete!
2026-05-08 15:11:00,903 - INFO - evaluating now!
2026-05-08 15:11:00,903 - INFO - evaluating now!
2026-05-08 15:11:00,903 - INFO - evaluating now!
2026-05-08 15:11:05,089 - INFO - Epoch [11/50] train_loss: 1.7560, val_loss: 1.7257, lr: 0.000866, 49.85s
2026-05-08 15:11:05,148 - INFO - Saved model at 11
2026-05-08 15:11:05,148 - INFO - Val loss decrease from 1.8922 to 1.7257, saving to /home/lizhuoxuan/lzq/Bigscity-LibCity-master/outputs/20260508_150102__traffic_state_pred__new_diffusion_fuzzy__PEMSD4/model_cache/new_diffusion_fuzzy_PEMSD4_epoch11.tar
2026-05-08 15:11:05,151 - INFO - Epoch [11/50] train_loss: 1.7558, val_loss: 1.7254, lr: 0.000866, 49.55s
2026-05-08 15:11:05,191 - INFO - Epoch [11/50] train_loss: 1.7559, val_loss: 1.7254, lr: 0.000866, 49.45s
2026-05-08 15:11:05,195 - INFO - Epoch [11/50] train_loss: 1.7581, val_loss: 1.7252, lr: 0.000866, 49.46s
2026-05-08 15:11:05,444 - INFO - Saved model at 11
2026-05-08 15:11:05,445 - INFO - Val loss decrease from 1.8925 to 1.7254, saving to /home/lizhuoxuan/lzq/Bigscity-LibCity-master/outputs/20260508_150102__traffic_state_pred__new_diffusion_fuzzy__PEMSD4/model_cache/new_diffusion_fuzzy_PEMSD4_epoch11.tar
2026-05-08 15:11:05,607 - INFO - Saved model at 11
2026-05-08 15:11:05,608 - INFO - Val loss decrease from 1.8918 to 1.7254, saving to /home/lizhuoxuan/lzq/Bigscity-LibCity-master/outputs/20260508_150102__traffic_state_pred__new_diffusion_fuzzy__PEMSD4/model_cache/new_diffusion_fuzzy_PEMSD4_epoch11.tar
2026-05-08 15:11:05,608 - INFO - Saved model at 11
2026-05-08 15:11:05,608 - INFO - Val loss decrease from 1.8927 to 1.7252, saving to /home/lizhuoxuan/lzq/Bigscity-LibCity-master/outputs/20260508_150102__traffic_state_pred__new_diffusion_fuzzy__PEMSD4/model_cache/new_diffusion_fuzzy_PEMSD4_epoch11.tar
2026-05-08 15:11:50,756 - INFO - epoch complete!
2026-05-08 15:11:50,756 - INFO - evaluating now!
2026-05-08 15:11:50,760 - INFO - epoch complete!
2026-05-08 15:11:50,760 - INFO - evaluating now!
2026-05-08 15:11:50,768 - INFO - epoch complete!
2026-05-08 15:11:50,769 - INFO - evaluating now!
2026-05-08 15:11:50,777 - INFO - epoch complete!
2026-05-08 15:11:50,778 - INFO - evaluating now!
2026-05-08 15:11:54,964 - INFO - Epoch [12/50] train_loss: 1.6067, val_loss: 1.1809, lr: 0.000844, 49.82s
2026-05-08 15:11:55,023 - INFO - Saved model at 12
2026-05-08 15:11:55,024 - INFO - Val loss decrease from 1.7257 to 1.1809, saving to /home/lizhuoxuan/lzq/Bigscity-LibCity-master/outputs/20260508_150102__traffic_state_pred__new_diffusion_fuzzy__PEMSD4/model_cache/new_diffusion_fuzzy_PEMSD4_epoch12.tar
2026-05-08 15:11:55,024 - INFO - Epoch [12/50] train_loss: 1.6089, val_loss: 1.1811, lr: 0.000844, 49.58s
2026-05-08 15:11:55,057 - INFO - Epoch [12/50] train_loss: 1.6083, val_loss: 1.1813, lr: 0.000844, 49.45s
2026-05-08 15:11:55,078 - INFO - Epoch [12/50] train_loss: 1.6077, val_loss: 1.1799, lr: 0.000844, 49.47s
2026-05-08 15:11:55,251 - INFO - Saved model at 12
2026-05-08 15:11:55,251 - INFO - Val loss decrease from 1.7254 to 1.1811, saving to /home/lizhuoxuan/lzq/Bigscity-LibCity-master/outputs/20260508_150102__traffic_state_pred__new_diffusion_fuzzy__PEMSD4/model_cache/new_diffusion_fuzzy_PEMSD4_epoch12.tar
2026-05-08 15:11:55,254 - INFO - Saved model at 12
2026-05-08 15:11:55,254 - INFO - Val loss decrease from 1.7252 to 1.1799, saving to /home/lizhuoxuan/lzq/Bigscity-LibCity-master/outputs/20260508_150102__traffic_state_pred__new_diffusion_fuzzy__PEMSD4/model_cache/new_diffusion_fuzzy_PEMSD4_epoch12.tar
2026-05-08 15:11:55,262 - INFO - Saved model at 12
2026-05-08 15:11:55,263 - INFO - Val loss decrease from 1.7254 to 1.1813, saving to /home/lizhuoxuan/lzq/Bigscity-LibCity-master/outputs/20260508_150102__traffic_state_pred__new_diffusion_fuzzy__PEMSD4/model_cache/new_diffusion_fuzzy_PEMSD4_epoch12.tar
2026-05-08 15:12:40,491 - INFO - epoch complete!
2026-05-08 15:12:40,491 - INFO - evaluating now!
2026-05-08 15:12:40,498 - INFO - epoch complete!
2026-05-08 15:12:40,498 - INFO - evaluating now!
2026-05-08 15:12:40,507 - INFO - epoch complete!
2026-05-08 15:12:40,508 - INFO - evaluating now!
2026-05-08 15:12:40,517 - INFO - epoch complete!
2026-05-08 15:12:40,518 - INFO - evaluating now!
2026-05-08 15:12:44,714 - INFO - Epoch [13/50] train_loss: 0.9745, val_loss: 0.7005, lr: 0.000821, 49.69s
2026-05-08 15:12:44,764 - INFO - Epoch [13/50] train_loss: 0.9756, val_loss: 0.6994, lr: 0.000821, 49.51s
2026-05-08 15:12:44,818 - INFO - Epoch [13/50] train_loss: 0.9735, val_loss: 0.6989, lr: 0.000821, 49.56s
2026-05-08 15:12:44,829 - INFO - Epoch [13/50] train_loss: 0.9862, val_loss: 0.7007, lr: 0.000821, 49.57s
2026-05-08 15:12:44,847 - INFO - Saved model at 13
2026-05-08 15:12:44,848 - INFO - Val loss decrease from 1.1809 to 0.7005, saving to /home/lizhuoxuan/lzq/Bigscity-LibCity-master/outputs/20260508_150102__traffic_state_pred__new_diffusion_fuzzy__PEMSD4/model_cache/new_diffusion_fuzzy_PEMSD4_epoch13.tar
2026-05-08 15:12:44,909 - INFO - Saved model at 13
2026-05-08 15:12:44,910 - INFO - Val loss decrease from 1.1811 to 0.6994, saving to /home/lizhuoxuan/lzq/Bigscity-LibCity-master/outputs/20260508_150102__traffic_state_pred__new_diffusion_fuzzy__PEMSD4/model_cache/new_diffusion_fuzzy_PEMSD4_epoch13.tar
2026-05-08 15:12:44,941 - INFO - Saved model at 13
2026-05-08 15:12:44,941 - INFO - Saved model at 13
2026-05-08 15:12:44,942 - INFO - Val loss decrease from 1.1799 to 0.7007, saving to /home/lizhuoxuan/lzq/Bigscity-LibCity-master/outputs/20260508_150102__traffic_state_pred__new_diffusion_fuzzy__PEMSD4/model_cache/new_diffusion_fuzzy_PEMSD4_epoch13.tar
2026-05-08 15:12:44,942 - INFO - Val loss decrease from 1.1813 to 0.6989, saving to /home/lizhuoxuan/lzq/Bigscity-LibCity-master/outputs/20260508_150102__traffic_state_pred__new_diffusion_fuzzy__PEMSD4/model_cache/new_diffusion_fuzzy_PEMSD4_epoch13.tar
2026-05-08 15:13:30,154 - INFO - epoch complete!
2026-05-08 15:13:30,155 - INFO - evaluating now!
2026-05-08 15:13:30,160 - INFO - epoch complete!
2026-05-08 15:13:30,160 - INFO - evaluating now!
2026-05-08 15:13:30,165 - INFO - epoch complete!
2026-05-08 15:13:30,165 - INFO - evaluating now!
2026-05-08 15:13:30,179 - INFO - epoch complete!
2026-05-08 15:13:30,179 - INFO - evaluating now!
2026-05-08 15:13:34,377 - INFO - Epoch [14/50] train_loss: 0.7897, val_loss: 0.7341, lr: 0.000796, 49.53s
2026-05-08 15:13:34,426 - INFO - Epoch [14/50] train_loss: 0.7887, val_loss: 0.7344, lr: 0.000796, 49.52s
2026-05-08 15:13:34,481 - INFO - Epoch [14/50] train_loss: 0.7986, val_loss: 0.7347, lr: 0.000796, 49.54s
2026-05-08 15:13:34,499 - INFO - Epoch [14/50] train_loss: 0.7897, val_loss: 0.7351, lr: 0.000796, 49.56s
2026-05-08 15:14:19,719 - INFO - epoch complete!
2026-05-08 15:14:19,720 - INFO - evaluating now!
2026-05-08 15:14:19,729 - INFO - epoch complete!
2026-05-08 15:14:19,729 - INFO - evaluating now!
2026-05-08 15:14:19,731 - INFO - epoch complete!
2026-05-08 15:14:19,731 - INFO - evaluating now!
2026-05-08 15:14:19,746 - INFO - epoch complete!
2026-05-08 15:14:19,746 - INFO - evaluating now!
2026-05-08 15:14:23,950 - INFO - Epoch [15/50] train_loss: 0.7583, val_loss: 0.6149, lr: 0.000770, 49.57s
2026-05-08 15:14:24,001 - INFO - Epoch [15/50] train_loss: 0.7609, val_loss: 0.6143, lr: 0.000770, 49.57s
2026-05-08 15:14:24,040 - INFO - Epoch [15/50] train_loss: 0.7494, val_loss: 0.6150, lr: 0.000770, 49.56s
2026-05-08 15:14:24,059 - INFO - Epoch [15/50] train_loss: 0.7590, val_loss: 0.6145, lr: 0.000770, 49.56s
2026-05-08 15:14:24,122 - INFO - Saved model at 15
2026-05-08 15:14:24,122 - INFO - Val loss decrease from 0.7005 to 0.6149, saving to /home/lizhuoxuan/lzq/Bigscity-LibCity-master/outputs/20260508_150102__traffic_state_pred__new_diffusion_fuzzy__PEMSD4/model_cache/new_diffusion_fuzzy_PEMSD4_epoch15.tar
2026-05-08 15:14:24,286 - INFO - Saved model at 15
2026-05-08 15:14:24,286 - INFO - Val loss decrease from 0.6994 to 0.6143, saving to /home/lizhuoxuan/lzq/Bigscity-LibCity-master/outputs/20260508_150102__traffic_state_pred__new_diffusion_fuzzy__PEMSD4/model_cache/new_diffusion_fuzzy_PEMSD4_epoch15.tar
2026-05-08 15:14:24,288 - INFO - Saved model at 15
2026-05-08 15:14:24,289 - INFO - Val loss decrease from 0.6989 to 0.6150, saving to /home/lizhuoxuan/lzq/Bigscity-LibCity-master/outputs/20260508_150102__traffic_state_pred__new_diffusion_fuzzy__PEMSD4/model_cache/new_diffusion_fuzzy_PEMSD4_epoch15.tar
2026-05-08 15:14:24,289 - INFO - Saved model at 15
2026-05-08 15:14:24,289 - INFO - Val loss decrease from 0.7007 to 0.6145, saving to /home/lizhuoxuan/lzq/Bigscity-LibCity-master/outputs/20260508_150102__traffic_state_pred__new_diffusion_fuzzy__PEMSD4/model_cache/new_diffusion_fuzzy_PEMSD4_epoch15.tar
2026-05-08 15:15:09,491 - INFO - epoch complete!
2026-05-08 15:15:09,491 - INFO - evaluating now!
2026-05-08 15:15:09,497 - INFO - epoch complete!
2026-05-08 15:15:09,500 - INFO - epoch complete!
2026-05-08 15:15:09,515 - INFO - epoch complete!
2026-05-08 15:15:09,526 - INFO - evaluating now!
2026-05-08 15:15:09,526 - INFO - evaluating now!
2026-05-08 15:15:09,526 - INFO - evaluating now!
2026-05-08 15:15:13,714 - INFO - Epoch [16/50] train_loss: 0.7050, val_loss: 0.5948, lr: 0.000743, 49.59s
2026-05-08 15:15:13,760 - INFO - Epoch [16/50] train_loss: 0.7241, val_loss: 0.5946, lr: 0.000743, 49.47s
2026-05-08 15:15:13,814 - INFO - Epoch [16/50] train_loss: 0.7134, val_loss: 0.5944, lr: 0.000743, 49.53s
2026-05-08 15:15:13,825 - INFO - Epoch [16/50] train_loss: 0.7162, val_loss: 0.5939, lr: 0.000743, 49.54s
2026-05-08 15:15:13,881 - INFO - Saved model at 16
2026-05-08 15:15:13,882 - INFO - Val loss decrease from 0.6149 to 0.5948, saving to /home/lizhuoxuan/lzq/Bigscity-LibCity-master/outputs/20260508_150102__traffic_state_pred__new_diffusion_fuzzy__PEMSD4/model_cache/new_diffusion_fuzzy_PEMSD4_epoch16.tar
2026-05-08 15:15:13,952 - INFO - Saved model at 16
2026-05-08 15:15:13,952 - INFO - Val loss decrease from 0.6143 to 0.5946, saving to /home/lizhuoxuan/lzq/Bigscity-LibCity-master/outputs/20260508_150102__traffic_state_pred__new_diffusion_fuzzy__PEMSD4/model_cache/new_diffusion_fuzzy_PEMSD4_epoch16.tar
2026-05-08 15:15:13,985 - INFO - Saved model at 16
2026-05-08 15:15:13,985 - INFO - Saved model at 16
2026-05-08 15:15:13,985 - INFO - Val loss decrease from 0.6150 to 0.5944, saving to /home/lizhuoxuan/lzq/Bigscity-LibCity-master/outputs/20260508_150102__traffic_state_pred__new_diffusion_fuzzy__PEMSD4/model_cache/new_diffusion_fuzzy_PEMSD4_epoch16.tar
2026-05-08 15:15:13,985 - INFO - Val loss decrease from 0.6145 to 0.5939, saving to /home/lizhuoxuan/lzq/Bigscity-LibCity-master/outputs/20260508_150102__traffic_state_pred__new_diffusion_fuzzy__PEMSD4/model_cache/new_diffusion_fuzzy_PEMSD4_epoch16.tar
2026-05-08 15:15:59,210 - INFO - epoch complete!
2026-05-08 15:15:59,211 - INFO - evaluating now!
2026-05-08 15:15:59,215 - INFO - epoch complete!
2026-05-08 15:15:59,215 - INFO - evaluating now!
2026-05-08 15:15:59,223 - INFO - epoch complete!
2026-05-08 15:15:59,223 - INFO - evaluating now!
2026-05-08 15:15:59,230 - INFO - epoch complete!
2026-05-08 15:15:59,230 - INFO - evaluating now!
2026-05-08 15:16:03,429 - INFO - Epoch [17/50] train_loss: 0.6673, val_loss: 0.6405, lr: 0.000716, 49.55s
2026-05-08 15:16:03,477 - INFO - Epoch [17/50] train_loss: 0.6828, val_loss: 0.6380, lr: 0.000716, 49.52s
2026-05-08 15:16:03,541 - INFO - Epoch [17/50] train_loss: 0.6645, val_loss: 0.6409, lr: 0.000716, 49.56s
2026-05-08 15:16:03,552 - INFO - Epoch [17/50] train_loss: 0.6764, val_loss: 0.6368, lr: 0.000716, 49.57s
2026-05-08 15:16:48,816 - INFO - epoch complete!
2026-05-08 15:16:48,817 - INFO - evaluating now!
2026-05-08 15:16:48,822 - INFO - epoch complete!
2026-05-08 15:16:48,822 - INFO - evaluating now!
2026-05-08 15:16:48,822 - INFO - epoch complete!
2026-05-08 15:16:48,822 - INFO - evaluating now!
2026-05-08 15:16:48,842 - INFO - epoch complete!
2026-05-08 15:16:48,843 - INFO - evaluating now!
2026-05-08 15:16:53,045 - INFO - Epoch [18/50] train_loss: 0.6085, val_loss: 0.6150, lr: 0.000687, 49.62s
2026-05-08 15:16:53,107 - INFO - Epoch [18/50] train_loss: 0.6173, val_loss: 0.6158, lr: 0.000687, 49.63s
2026-05-08 15:16:53,142 - INFO - Epoch [18/50] train_loss: 0.6128, val_loss: 0.6156, lr: 0.000687, 49.60s
2026-05-08 15:16:53,151 - INFO - Epoch [18/50] train_loss: 0.6252, val_loss: 0.6151, lr: 0.000687, 49.60s
2026-05-08 15:17:38,417 - INFO - epoch complete!
2026-05-08 15:17:38,417 - INFO - evaluating now!
2026-05-08 15:17:38,423 - INFO - epoch complete!
2026-05-08 15:17:38,424 - INFO - evaluating now!
2026-05-08 15:17:38,426 - INFO - epoch complete!
2026-05-08 15:17:38,426 - INFO - evaluating now!
2026-05-08 15:17:38,445 - INFO - epoch complete!
2026-05-08 15:17:38,445 - INFO - evaluating now!
2026-05-08 15:17:42,645 - INFO - Epoch [19/50] train_loss: 0.6180, val_loss: 0.6095, lr: 0.000658, 49.60s
2026-05-08 15:17:42,707 - INFO - Epoch [19/50] train_loss: 0.6142, val_loss: 0.6100, lr: 0.000658, 49.60s
2026-05-08 15:17:42,750 - INFO - Epoch [19/50] train_loss: 0.6191, val_loss: 0.6102, lr: 0.000658, 49.61s
2026-05-08 15:17:42,767 - INFO - Epoch [19/50] train_loss: 0.6112, val_loss: 0.6095, lr: 0.000658, 49.62s
2026-05-08 15:18:27,983 - INFO - epoch complete!
2026-05-08 15:18:27,984 - INFO - evaluating now!
2026-05-08 15:18:27,988 - INFO - epoch complete!
2026-05-08 15:18:27,988 - INFO - evaluating now!
2026-05-08 15:18:27,990 - INFO - epoch complete!
2026-05-08 15:18:27,990 - INFO - evaluating now!
2026-05-08 15:18:28,006 - INFO - epoch complete!
2026-05-08 15:18:28,006 - INFO - evaluating now!
2026-05-08 15:18:32,210 - INFO - Epoch [20/50] train_loss: 0.6467, val_loss: 0.6339, lr: 0.000628, 49.56s
2026-05-08 15:18:32,254 - INFO - Epoch [20/50] train_loss: 0.6613, val_loss: 0.6332, lr: 0.000628, 49.55s
2026-05-08 15:18:32,315 - INFO - Epoch [20/50] train_loss: 0.6574, val_loss: 0.6343, lr: 0.000628, 49.56s
2026-05-08 15:18:32,316 - INFO - Epoch [20/50] train_loss: 0.6585, val_loss: 0.6334, lr: 0.000628, 49.55s
2026-05-08 15:19:17,622 - INFO - epoch complete!
2026-05-08 15:19:17,623 - INFO - evaluating now!
2026-05-08 15:19:17,627 - INFO - epoch complete!
2026-05-08 15:19:17,627 - INFO - evaluating now!
2026-05-08 15:19:17,637 - INFO - epoch complete!
2026-05-08 15:19:17,638 - INFO - evaluating now!
2026-05-08 15:19:17,639 - INFO - epoch complete!
2026-05-08 15:19:17,639 - INFO - evaluating now!
2026-05-08 15:19:21,842 - INFO - Epoch [21/50] train_loss: 0.6020, val_loss: 0.5852, lr: 0.000598, 49.63s
2026-05-08 15:19:21,902 - INFO - Saved model at 21
2026-05-08 15:19:21,902 - INFO - Val loss decrease from 0.5948 to 0.5852, saving to /home/lizhuoxuan/lzq/Bigscity-LibCity-master/outputs/20260508_150102__traffic_state_pred__new_diffusion_fuzzy__PEMSD4/model_cache/new_diffusion_fuzzy_PEMSD4_epoch21.tar
2026-05-08 15:19:21,909 - INFO - Epoch [21/50] train_loss: 0.6108, val_loss: 0.5848, lr: 0.000598, 49.65s
2026-05-08 15:19:21,940 - INFO - Epoch [21/50] train_loss: 0.5986, val_loss: 0.5863, lr: 0.000598, 49.62s
2026-05-08 15:19:21,948 - INFO - Epoch [21/50] train_loss: 0.6030, val_loss: 0.5849, lr: 0.000598, 49.63s
2026-05-08 15:19:22,233 - INFO - Saved model at 21
2026-05-08 15:19:22,233 - INFO - Val loss decrease from 0.5944 to 0.5863, saving to /home/lizhuoxuan/lzq/Bigscity-LibCity-master/outputs/20260508_150102__traffic_state_pred__new_diffusion_fuzzy__PEMSD4/model_cache/new_diffusion_fuzzy_PEMSD4_epoch21.tar
2026-05-08 15:19:22,289 - INFO - Saved model at 21
2026-05-08 15:19:22,290 - INFO - Saved model at 21
2026-05-08 15:19:22,290 - INFO - Val loss decrease from 0.5946 to 0.5848, saving to /home/lizhuoxuan/lzq/Bigscity-LibCity-master/outputs/20260508_150102__traffic_state_pred__new_diffusion_fuzzy__PEMSD4/model_cache/new_diffusion_fuzzy_PEMSD4_epoch21.tar
2026-05-08 15:19:22,290 - INFO - Val loss decrease from 0.5939 to 0.5849, saving to /home/lizhuoxuan/lzq/Bigscity-LibCity-master/outputs/20260508_150102__traffic_state_pred__new_diffusion_fuzzy__PEMSD4/model_cache/new_diffusion_fuzzy_PEMSD4_epoch21.tar
2026-05-08 15:20:07,468 - INFO - epoch complete!
2026-05-08 15:20:07,468 - INFO - evaluating now!
2026-05-08 15:20:07,473 - INFO - epoch complete!
2026-05-08 15:20:07,473 - INFO - evaluating now!
2026-05-08 15:20:07,475 - INFO - epoch complete!
2026-05-08 15:20:07,475 - INFO - evaluating now!
2026-05-08 15:20:07,494 - INFO - epoch complete!
2026-05-08 15:20:07,494 - INFO - evaluating now!
2026-05-08 15:20:11,694 - INFO - Epoch [22/50] train_loss: 0.6092, val_loss: 0.5807, lr: 0.000567, 49.79s
2026-05-08 15:20:11,753 - INFO - Saved model at 22
2026-05-08 15:20:11,753 - INFO - Val loss decrease from 0.5852 to 0.5807, saving to /home/lizhuoxuan/lzq/Bigscity-LibCity-master/outputs/20260508_150102__traffic_state_pred__new_diffusion_fuzzy__PEMSD4/model_cache/new_diffusion_fuzzy_PEMSD4_epoch22.tar
2026-05-08 15:20:11,753 - INFO - Epoch [22/50] train_loss: 0.6006, val_loss: 0.5841, lr: 0.000567, 49.46s
2026-05-08 15:20:11,794 - INFO - Epoch [22/50] train_loss: 0.6018, val_loss: 0.5816, lr: 0.000567, 49.56s
2026-05-08 15:20:11,804 - INFO - Epoch [22/50] train_loss: 0.5992, val_loss: 0.5820, lr: 0.000567, 49.51s
2026-05-08 15:20:12,021 - INFO - Saved model at 22
2026-05-08 15:20:12,021 - INFO - Saved model at 22
2026-05-08 15:20:12,022 - INFO - Val loss decrease from 0.5849 to 0.5820, saving to /home/lizhuoxuan/lzq/Bigscity-LibCity-master/outputs/20260508_150102__traffic_state_pred__new_diffusion_fuzzy__PEMSD4/model_cache/new_diffusion_fuzzy_PEMSD4_epoch22.tar
2026-05-08 15:20:12,022 - INFO - Val loss decrease from 0.5848 to 0.5841, saving to /home/lizhuoxuan/lzq/Bigscity-LibCity-master/outputs/20260508_150102__traffic_state_pred__new_diffusion_fuzzy__PEMSD4/model_cache/new_diffusion_fuzzy_PEMSD4_epoch22.tar
2026-05-08 15:20:12,151 - INFO - Saved model at 22
2026-05-08 15:20:12,152 - INFO - Val loss decrease from 0.5863 to 0.5816, saving to /home/lizhuoxuan/lzq/Bigscity-LibCity-master/outputs/20260508_150102__traffic_state_pred__new_diffusion_fuzzy__PEMSD4/model_cache/new_diffusion_fuzzy_PEMSD4_epoch22.tar
2026-05-08 15:20:57,394 - INFO - epoch complete!
2026-05-08 15:20:57,394 - INFO - evaluating now!
2026-05-08 15:20:57,401 - INFO - epoch complete!
2026-05-08 15:20:57,401 - INFO - evaluating now!
2026-05-08 15:20:57,407 - INFO - epoch complete!
2026-05-08 15:20:57,407 - INFO - evaluating now!
2026-05-08 15:20:57,412 - INFO - epoch complete!
2026-05-08 15:20:57,412 - INFO - evaluating now!
2026-05-08 15:21:01,610 - INFO - Epoch [23/50] train_loss: 0.5898, val_loss: 0.6056, lr: 0.000536, 49.86s
2026-05-08 15:21:01,655 - INFO - Epoch [23/50] train_loss: 0.5811, val_loss: 0.6104, lr: 0.000536, 49.63s
2026-05-08 15:21:01,716 - INFO - Epoch [23/50] train_loss: 0.5833, val_loss: 0.6063, lr: 0.000536, 49.56s
2026-05-08 15:21:01,762 - INFO - Epoch [23/50] train_loss: 0.5884, val_loss: 0.6096, lr: 0.000536, 49.74s
2026-05-08 15:21:47,028 - INFO - epoch complete!
2026-05-08 15:21:47,028 - INFO - evaluating now!
2026-05-08 15:21:47,032 - INFO - epoch complete!
2026-05-08 15:21:47,032 - INFO - evaluating now!
2026-05-08 15:21:47,041 - INFO - epoch complete!
2026-05-08 15:21:47,041 - INFO - evaluating now!
2026-05-08 15:21:47,044 - INFO - epoch complete!
2026-05-08 15:21:47,045 - INFO - evaluating now!
2026-05-08 15:21:51,241 - INFO - Epoch [24/50] train_loss: 0.5808, val_loss: 0.5117, lr: 0.000505, 49.63s
2026-05-08 15:21:51,302 - INFO - Saved model at 24
2026-05-08 15:21:51,302 - INFO - Val loss decrease from 0.5807 to 0.5117, saving to /home/lizhuoxuan/lzq/Bigscity-LibCity-master/outputs/20260508_150102__traffic_state_pred__new_diffusion_fuzzy__PEMSD4/model_cache/new_diffusion_fuzzy_PEMSD4_epoch24.tar
2026-05-08 15:21:51,305 - INFO - Epoch [24/50] train_loss: 0.5903, val_loss: 0.5143, lr: 0.000505, 49.65s
2026-05-08 15:21:51,338 - INFO - Epoch [24/50] train_loss: 0.5889, val_loss: 0.5116, lr: 0.000505, 49.62s
2026-05-08 15:21:51,346 - INFO - Epoch [24/50] train_loss: 0.5843, val_loss: 0.5141, lr: 0.000505, 49.58s
2026-05-08 15:21:51,716 - INFO - Saved model at 24
2026-05-08 15:21:51,717 - INFO - Val loss decrease from 0.5841 to 0.5143, saving to /home/lizhuoxuan/lzq/Bigscity-LibCity-master/outputs/20260508_150102__traffic_state_pred__new_diffusion_fuzzy__PEMSD4/model_cache/new_diffusion_fuzzy_PEMSD4_epoch24.tar
2026-05-08 15:21:51,787 - INFO - Saved model at 24
2026-05-08 15:21:51,787 - INFO - Saved model at 24
2026-05-08 15:21:51,787 - INFO - Val loss decrease from 0.5816 to 0.5116, saving to /home/lizhuoxuan/lzq/Bigscity-LibCity-master/outputs/20260508_150102__traffic_state_pred__new_diffusion_fuzzy__PEMSD4/model_cache/new_diffusion_fuzzy_PEMSD4_epoch24.tar
2026-05-08 15:21:51,787 - INFO - Val loss decrease from 0.5820 to 0.5141, saving to /home/lizhuoxuan/lzq/Bigscity-LibCity-master/outputs/20260508_150102__traffic_state_pred__new_diffusion_fuzzy__PEMSD4/model_cache/new_diffusion_fuzzy_PEMSD4_epoch24.tar
2026-05-08 15:22:37,026 - INFO - epoch complete!
2026-05-08 15:22:37,026 - INFO - evaluating now!
2026-05-08 15:22:37,032 - INFO - epoch complete!
2026-05-08 15:22:37,033 - INFO - evaluating now!
2026-05-08 15:22:37,034 - INFO - epoch complete!
2026-05-08 15:22:37,034 - INFO - evaluating now!
2026-05-08 15:22:37,048 - INFO - epoch complete!
2026-05-08 15:22:37,048 - INFO - evaluating now!
2026-05-08 15:22:41,252 - INFO - Epoch [25/50] train_loss: 0.5479, val_loss: 0.6061, lr: 0.000474, 49.95s
2026-05-08 15:22:41,294 - INFO - Epoch [25/50] train_loss: 0.5528, val_loss: 0.6110, lr: 0.000474, 49.58s
2026-05-08 15:22:41,352 - INFO - Epoch [25/50] train_loss: 0.5527, val_loss: 0.6106, lr: 0.000474, 49.56s
2026-05-08 15:22:41,360 - INFO - Epoch [25/50] train_loss: 0.5517, val_loss: 0.6060, lr: 0.000474, 49.57s
2026-05-08 15:23:26,594 - INFO - epoch complete!
2026-05-08 15:23:26,594 - INFO - evaluating now!
2026-05-08 15:23:26,599 - INFO - epoch complete!
2026-05-08 15:23:26,600 - INFO - evaluating now!
2026-05-08 15:23:26,603 - INFO - epoch complete!
2026-05-08 15:23:26,603 - INFO - evaluating now!
2026-05-08 15:23:26,613 - INFO - epoch complete!
2026-05-08 15:23:26,614 - INFO - evaluating now!
2026-05-08 15:23:30,818 - INFO - Epoch [26/50] train_loss: 0.5448, val_loss: 0.5796, lr: 0.000443, 49.57s
2026-05-08 15:23:30,874 - INFO - Epoch [26/50] train_loss: 0.5467, val_loss: 0.5804, lr: 0.000443, 49.58s
2026-05-08 15:23:30,923 - INFO - Epoch [26/50] train_loss: 0.5449, val_loss: 0.5796, lr: 0.000443, 49.56s
2026-05-08 15:23:30,929 - INFO - Epoch [26/50] train_loss: 0.5443, val_loss: 0.5801, lr: 0.000443, 49.58s
2026-05-08 15:24:16,158 - INFO - epoch complete!
2026-05-08 15:24:16,159 - INFO - evaluating now!
2026-05-08 15:24:16,162 - INFO - epoch complete!
2026-05-08 15:24:16,163 - INFO - evaluating now!
2026-05-08 15:24:16,172 - INFO - epoch complete!
2026-05-08 15:24:16,172 - INFO - evaluating now!
2026-05-08 15:24:16,180 - INFO - epoch complete!
2026-05-08 15:24:16,180 - INFO - evaluating now!
2026-05-08 15:24:20,383 - INFO - Epoch [27/50] train_loss: 0.5798, val_loss: 0.5323, lr: 0.000412, 49.56s
2026-05-08 15:24:20,431 - INFO - Epoch [27/50] train_loss: 0.5781, val_loss: 0.5319, lr: 0.000412, 49.56s
2026-05-08 15:24:20,499 - INFO - Epoch [27/50] train_loss: 0.5715, val_loss: 0.5312, lr: 0.000412, 49.58s
2026-05-08 15:24:20,539 - INFO - Epoch [27/50] train_loss: 0.5846, val_loss: 0.5310, lr: 0.000412, 49.61s
2026-05-08 15:25:05,886 - INFO - epoch complete!
2026-05-08 15:25:05,886 - INFO - evaluating now!
2026-05-08 15:25:05,895 - INFO - epoch complete!
2026-05-08 15:25:05,896 - INFO - evaluating now!
2026-05-08 15:25:05,899 - INFO - epoch complete!
2026-05-08 15:25:05,899 - INFO - evaluating now!
2026-05-08 15:25:05,904 - INFO - epoch complete!
2026-05-08 15:25:05,904 - INFO - evaluating now!
2026-05-08 15:25:10,105 - INFO - Epoch [28/50] train_loss: 0.5747, val_loss: 0.5544, lr: 0.000382, 49.72s
2026-05-08 15:25:10,170 - INFO - Epoch [28/50] train_loss: 0.5809, val_loss: 0.5553, lr: 0.000382, 49.74s
2026-05-08 15:25:10,198 - INFO - Epoch [28/50] train_loss: 0.5724, val_loss: 0.5537, lr: 0.000382, 49.70s
2026-05-08 15:25:10,245 - INFO - Epoch [28/50] train_loss: 0.5745, val_loss: 0.5546, lr: 0.000382, 49.71s
2026-05-08 15:25:55,536 - INFO - epoch complete!
2026-05-08 15:25:55,537 - INFO - evaluating now!
2026-05-08 15:25:55,542 - INFO - epoch complete!
2026-05-08 15:25:55,542 - INFO - evaluating now!
2026-05-08 15:25:55,549 - INFO - epoch complete!
2026-05-08 15:25:55,549 - INFO - evaluating now!
2026-05-08 15:25:55,562 - INFO - epoch complete!
2026-05-08 15:25:55,563 - INFO - evaluating now!
2026-05-08 15:25:59,767 - INFO - Epoch [29/50] train_loss: 0.5763, val_loss: 0.5174, lr: 0.000352, 49.66s
2026-05-08 15:25:59,826 - INFO - Epoch [29/50] train_loss: 0.5778, val_loss: 0.5230, lr: 0.000352, 49.66s
2026-05-08 15:25:59,853 - INFO - Epoch [29/50] train_loss: 0.5752, val_loss: 0.5194, lr: 0.000352, 49.65s
2026-05-08 15:25:59,881 - INFO - Epoch [29/50] train_loss: 0.5805, val_loss: 0.5218, lr: 0.000352, 49.64s
2026-05-08 15:26:45,178 - INFO - epoch complete!
2026-05-08 15:26:45,178 - INFO - evaluating now!
2026-05-08 15:26:45,183 - INFO - epoch complete!
2026-05-08 15:26:45,184 - INFO - evaluating now!
2026-05-08 15:26:45,185 - INFO - epoch complete!
2026-05-08 15:26:45,185 - INFO - evaluating now!
2026-05-08 15:26:45,205 - INFO - epoch complete!
2026-05-08 15:26:45,205 - INFO - evaluating now!
2026-05-08 15:26:49,411 - INFO - Epoch [30/50] train_loss: 0.5622, val_loss: 0.4856, lr: 0.000323, 49.64s
2026-05-08 15:26:49,471 - INFO - Saved model at 30
2026-05-08 15:26:49,471 - INFO - Val loss decrease from 0.5117 to 0.4856, saving to /home/lizhuoxuan/lzq/Bigscity-LibCity-master/outputs/20260508_150102__traffic_state_pred__new_diffusion_fuzzy__PEMSD4/model_cache/new_diffusion_fuzzy_PEMSD4_epoch30.tar
2026-05-08 15:26:49,479 - INFO - Epoch [30/50] train_loss: 0.5663, val_loss: 0.4861, lr: 0.000323, 49.65s
2026-05-08 15:26:49,504 - INFO - Epoch [30/50] train_loss: 0.5592, val_loss: 0.4859, lr: 0.000323, 49.65s
2026-05-08 15:26:49,525 - INFO - Epoch [30/50] train_loss: 0.5611, val_loss: 0.4865, lr: 0.000323, 49.64s
2026-05-08 15:26:49,798 - INFO - Saved model at 30
2026-05-08 15:26:49,799 - INFO - Val loss decrease from 0.5141 to 0.4865, saving to /home/lizhuoxuan/lzq/Bigscity-LibCity-master/outputs/20260508_150102__traffic_state_pred__new_diffusion_fuzzy__PEMSD4/model_cache/new_diffusion_fuzzy_PEMSD4_epoch30.tar
2026-05-08 15:26:49,857 - INFO - Saved model at 30
2026-05-08 15:26:49,858 - INFO - Val loss decrease from 0.5143 to 0.4861, saving to /home/lizhuoxuan/lzq/Bigscity-LibCity-master/outputs/20260508_150102__traffic_state_pred__new_diffusion_fuzzy__PEMSD4/model_cache/new_diffusion_fuzzy_PEMSD4_epoch30.tar
2026-05-08 15:26:49,943 - INFO - Saved model at 30
2026-05-08 15:26:49,944 - INFO - Val loss decrease from 0.5116 to 0.4859, saving to /home/lizhuoxuan/lzq/Bigscity-LibCity-master/outputs/20260508_150102__traffic_state_pred__new_diffusion_fuzzy__PEMSD4/model_cache/new_diffusion_fuzzy_PEMSD4_epoch30.tar
2026-05-08 15:27:35,166 - INFO - epoch complete!
2026-05-08 15:27:35,166 - INFO - evaluating now!
2026-05-08 15:27:35,173 - INFO - epoch complete!
2026-05-08 15:27:35,173 - INFO - evaluating now!
2026-05-08 15:27:35,176 - INFO - epoch complete!
2026-05-08 15:27:35,176 - INFO - evaluating now!
2026-05-08 15:27:35,192 - INFO - epoch complete!
2026-05-08 15:27:35,192 - INFO - evaluating now!
2026-05-08 15:27:39,398 - INFO - Epoch [31/50] train_loss: 0.5415, val_loss: 0.5458, lr: 0.000294, 49.93s
2026-05-08 15:27:39,452 - INFO - Epoch [31/50] train_loss: 0.5558, val_loss: 0.5514, lr: 0.000294, 49.59s
2026-05-08 15:27:39,486 - INFO - Epoch [31/50] train_loss: 0.5591, val_loss: 0.5458, lr: 0.000294, 49.54s
2026-05-08 15:27:39,502 - INFO - Epoch [31/50] train_loss: 0.5501, val_loss: 0.5521, lr: 0.000294, 49.70s
2026-05-08 15:28:24,750 - INFO - epoch complete!
2026-05-08 15:28:24,751 - INFO - evaluating now!
2026-05-08 15:28:24,755 - INFO - epoch complete!
2026-05-08 15:28:24,755 - INFO - evaluating now!
2026-05-08 15:28:24,765 - INFO - epoch complete!
2026-05-08 15:28:24,765 - INFO - evaluating now!
2026-05-08 15:28:24,770 - INFO - epoch complete!
2026-05-08 15:28:24,771 - INFO - evaluating now!
2026-05-08 15:28:28,970 - INFO - Epoch [32/50] train_loss: 0.5770, val_loss: 0.5243, lr: 0.000267, 49.57s
2026-05-08 15:28:29,035 - INFO - Epoch [32/50] train_loss: 0.5832, val_loss: 0.5246, lr: 0.000267, 49.58s
2026-05-08 15:28:29,049 - INFO - Epoch [32/50] train_loss: 0.5745, val_loss: 0.5251, lr: 0.000267, 49.56s
2026-05-08 15:28:29,068 - INFO - Epoch [32/50] train_loss: 0.5821, val_loss: 0.5241, lr: 0.000267, 49.57s
2026-05-08 15:29:14,337 - INFO - epoch complete!
2026-05-08 15:29:14,337 - INFO - evaluating now!
2026-05-08 15:29:14,343 - INFO - epoch complete!
2026-05-08 15:29:14,344 - INFO - evaluating now!
2026-05-08 15:29:14,348 - INFO - epoch complete!
2026-05-08 15:29:14,349 - INFO - evaluating now!
2026-05-08 15:29:14,360 - INFO - epoch complete!
2026-05-08 15:29:14,360 - INFO - evaluating now!
2026-05-08 15:29:18,565 - INFO - Epoch [33/50] train_loss: 0.5635, val_loss: 0.5677, lr: 0.000240, 49.59s
2026-05-08 15:29:18,609 - INFO - Epoch [33/50] train_loss: 0.5644, val_loss: 0.5716, lr: 0.000240, 49.57s
2026-05-08 15:29:18,683 - INFO - Epoch [33/50] train_loss: 0.5564, val_loss: 0.5672, lr: 0.000240, 49.63s
2026-05-08 15:29:18,689 - INFO - Epoch [33/50] train_loss: 0.5566, val_loss: 0.5715, lr: 0.000240, 49.62s
2026-05-08 15:30:03,971 - INFO - epoch complete!
2026-05-08 15:30:03,972 - INFO - evaluating now!
2026-05-08 15:30:03,977 - INFO - epoch complete!
2026-05-08 15:30:03,977 - INFO - evaluating now!
2026-05-08 15:30:03,985 - INFO - epoch complete!
2026-05-08 15:30:03,986 - INFO - evaluating now!
2026-05-08 15:30:03,987 - INFO - epoch complete!
2026-05-08 15:30:03,988 - INFO - evaluating now!
2026-05-08 15:30:08,197 - INFO - Epoch [34/50] train_loss: 0.5693, val_loss: 0.5312, lr: 0.000214, 49.63s
2026-05-08 15:30:08,259 - INFO - Epoch [34/50] train_loss: 0.5678, val_loss: 0.5305, lr: 0.000214, 49.65s
2026-05-08 15:30:08,298 - INFO - Epoch [34/50] train_loss: 0.5679, val_loss: 0.5326, lr: 0.000214, 49.61s
2026-05-08 15:30:08,374 - INFO - Epoch [34/50] train_loss: 0.5791, val_loss: 0.5316, lr: 0.000214, 49.68s
2026-05-08 15:30:53,700 - INFO - epoch complete!
2026-05-08 15:30:53,700 - INFO - evaluating now!
2026-05-08 15:30:53,705 - INFO - epoch complete!
2026-05-08 15:30:53,705 - INFO - evaluating now!
2026-05-08 15:30:53,719 - INFO - epoch complete!
2026-05-08 15:30:53,720 - INFO - evaluating now!
2026-05-08 15:30:53,721 - INFO - epoch complete!
2026-05-08 15:30:53,721 - INFO - evaluating now!
2026-05-08 15:30:57,920 - INFO - Epoch [35/50] train_loss: 0.5714, val_loss: 0.5649, lr: 0.000189, 49.72s
2026-05-08 15:30:57,989 - INFO - Epoch [35/50] train_loss: 0.5646, val_loss: 0.5697, lr: 0.000189, 49.73s
2026-05-08 15:30:58,036 - INFO - Epoch [35/50] train_loss: 0.5705, val_loss: 0.5650, lr: 0.000189, 49.74s
2026-05-08 15:30:58,065 - INFO - Epoch [35/50] train_loss: 0.5579, val_loss: 0.5693, lr: 0.000189, 49.69s
2026-05-08 15:31:43,383 - INFO - epoch complete!
2026-05-08 15:31:43,384 - INFO - evaluating now!
2026-05-08 15:31:43,391 - INFO - epoch complete!
2026-05-08 15:31:43,391 - INFO - evaluating now!
2026-05-08 15:31:43,391 - INFO - epoch complete!
2026-05-08 15:31:43,391 - INFO - evaluating now!
2026-05-08 15:31:43,412 - INFO - epoch complete!
2026-05-08 15:31:43,412 - INFO - evaluating now!
2026-05-08 15:31:47,617 - INFO - Epoch [36/50] train_loss: 0.5405, val_loss: 0.5993, lr: 0.000166, 49.70s
2026-05-08 15:31:47,673 - INFO - Epoch [36/50] train_loss: 0.5429, val_loss: 0.5990, lr: 0.000166, 49.68s
2026-05-08 15:31:47,702 - INFO - Epoch [36/50] train_loss: 0.5502, val_loss: 0.5995, lr: 0.000166, 49.67s
2026-05-08 15:31:47,720 - INFO - Epoch [36/50] train_loss: 0.5476, val_loss: 0.5979, lr: 0.000166, 49.66s
2026-05-08 15:32:33,014 - INFO - epoch complete!
2026-05-08 15:32:33,014 - INFO - evaluating now!
2026-05-08 15:32:33,019 - INFO - epoch complete!
2026-05-08 15:32:33,019 - INFO - evaluating now!
2026-05-08 15:32:33,031 - INFO - epoch complete!
2026-05-08 15:32:33,031 - INFO - evaluating now!
2026-05-08 15:32:33,031 - INFO - epoch complete!
2026-05-08 15:32:33,032 - INFO - evaluating now!
2026-05-08 15:32:37,232 - INFO - Epoch [37/50] train_loss: 0.5411, val_loss: 0.5207, lr: 0.000144, 49.62s
2026-05-08 15:32:37,303 - INFO - Epoch [37/50] train_loss: 0.5503, val_loss: 0.5209, lr: 0.000144, 49.63s
2026-05-08 15:32:37,353 - INFO - Epoch [37/50] train_loss: 0.5502, val_loss: 0.5220, lr: 0.000144, 49.65s
2026-05-08 15:32:37,357 - INFO - Epoch [37/50] train_loss: 0.5611, val_loss: 0.5214, lr: 0.000144, 49.64s
2026-05-08 15:33:22,642 - INFO - epoch complete!
2026-05-08 15:33:22,642 - INFO - evaluating now!
2026-05-08 15:33:22,647 - INFO - epoch complete!
2026-05-08 15:33:22,657 - INFO - epoch complete!
2026-05-08 15:33:22,659 - INFO - epoch complete!
2026-05-08 15:33:22,668 - INFO - evaluating now!
2026-05-08 15:33:22,668 - INFO - evaluating now!
2026-05-08 15:33:22,668 - INFO - evaluating now!
2026-05-08 15:33:26,856 - INFO - Epoch [38/50] train_loss: 0.5342, val_loss: 0.6263, lr: 0.000124, 49.62s
2026-05-08 15:33:26,916 - INFO - Epoch [38/50] train_loss: 0.5371, val_loss: 0.6259, lr: 0.000124, 49.61s
2026-05-08 15:33:26,954 - INFO - Epoch [38/50] train_loss: 0.5388, val_loss: 0.6262, lr: 0.000124, 49.60s
2026-05-08 15:33:26,959 - INFO - Epoch [38/50] train_loss: 0.5313, val_loss: 0.6261, lr: 0.000124, 49.60s
2026-05-08 15:34:12,238 - INFO - epoch complete!
2026-05-08 15:34:12,239 - INFO - evaluating now!
2026-05-08 15:34:12,244 - INFO - epoch complete!
2026-05-08 15:34:12,244 - INFO - evaluating now!
2026-05-08 15:34:12,253 - INFO - epoch complete!
2026-05-08 15:34:12,253 - INFO - evaluating now!
2026-05-08 15:34:12,261 - INFO - epoch complete!
2026-05-08 15:34:12,261 - INFO - evaluating now!
2026-05-08 15:34:16,463 - INFO - Epoch [39/50] train_loss: 0.5573, val_loss: 0.5085, lr: 0.000105, 49.61s
2026-05-08 15:34:16,528 - INFO - Epoch [39/50] train_loss: 0.5530, val_loss: 0.5102, lr: 0.000105, 49.61s
2026-05-08 15:34:16,576 - INFO - Epoch [39/50] train_loss: 0.5400, val_loss: 0.5087, lr: 0.000105, 49.62s
2026-05-08 15:34:16,598 - INFO - Epoch [39/50] train_loss: 0.5499, val_loss: 0.5101, lr: 0.000105, 49.64s
2026-05-08 15:35:01,868 - INFO - epoch complete!
2026-05-08 15:35:01,868 - INFO - evaluating now!
2026-05-08 15:35:01,872 - INFO - epoch complete!
2026-05-08 15:35:01,878 - INFO - epoch complete!
2026-05-08 15:35:01,889 - INFO - evaluating now!
2026-05-08 15:35:01,889 - INFO - evaluating now!
2026-05-08 15:35:01,892 - INFO - epoch complete!
2026-05-08 15:35:01,893 - INFO - evaluating now!
2026-05-08 15:35:06,099 - INFO - Epoch [40/50] train_loss: 0.5452, val_loss: 0.5139, lr: 0.000087, 49.64s
2026-05-08 15:35:06,158 - INFO - Epoch [40/50] train_loss: 0.5393, val_loss: 0.5143, lr: 0.000087, 49.63s
2026-05-08 15:35:06,207 - INFO - Epoch [40/50] train_loss: 0.5371, val_loss: 0.5131, lr: 0.000087, 49.61s
2026-05-08 15:35:06,214 - INFO - Epoch [40/50] train_loss: 0.5376, val_loss: 0.5139, lr: 0.000087, 49.64s
2026-05-08 15:35:51,522 - INFO - epoch complete!
2026-05-08 15:35:51,522 - INFO - evaluating now!
2026-05-08 15:35:51,527 - INFO - epoch complete!
2026-05-08 15:35:51,527 - INFO - evaluating now!
2026-05-08 15:35:51,536 - INFO - epoch complete!
2026-05-08 15:35:51,536 - INFO - evaluating now!
2026-05-08 15:35:51,548 - INFO - epoch complete!
2026-05-08 15:35:51,548 - INFO - evaluating now!
2026-05-08 15:35:55,748 - INFO - Epoch [41/50] train_loss: 0.5445, val_loss: 0.5505, lr: 0.000071, 49.65s
2026-05-08 15:35:55,804 - INFO - Epoch [41/50] train_loss: 0.5440, val_loss: 0.5526, lr: 0.000071, 49.65s
2026-05-08 15:35:55,844 - INFO - Epoch [41/50] train_loss: 0.5432, val_loss: 0.5512, lr: 0.000071, 49.63s
2026-05-08 15:35:55,872 - INFO - Epoch [41/50] train_loss: 0.5414, val_loss: 0.5515, lr: 0.000071, 49.66s
2026-05-08 15:36:41,170 - INFO - epoch complete!
2026-05-08 15:36:41,171 - INFO - evaluating now!
2026-05-08 15:36:41,179 - INFO - epoch complete!
2026-05-08 15:36:41,179 - INFO - evaluating now!
2026-05-08 15:36:41,179 - INFO - epoch complete!
2026-05-08 15:36:41,180 - INFO - evaluating now!
2026-05-08 15:36:41,185 - INFO - epoch complete!
2026-05-08 15:36:41,185 - INFO - evaluating now!
2026-05-08 15:36:45,390 - INFO - Epoch [42/50] train_loss: 0.5692, val_loss: 0.5148, lr: 0.000057, 49.64s
2026-05-08 15:36:45,451 - INFO - Epoch [42/50] train_loss: 0.5743, val_loss: 0.5144, lr: 0.000057, 49.65s
2026-05-08 15:36:45,483 - INFO - Epoch [42/50] train_loss: 0.5788, val_loss: 0.5144, lr: 0.000057, 49.64s
2026-05-08 15:36:45,551 - INFO - Epoch [42/50] train_loss: 0.5753, val_loss: 0.5136, lr: 0.000057, 49.68s
2026-05-08 15:37:30,836 - INFO - epoch complete!
2026-05-08 15:37:30,836 - INFO - evaluating now!
2026-05-08 15:37:30,842 - INFO - epoch complete!
2026-05-08 15:37:30,842 - INFO - evaluating now!
2026-05-08 15:37:30,847 - INFO - epoch complete!
2026-05-08 15:37:30,848 - INFO - evaluating now!
2026-05-08 15:37:30,863 - INFO - epoch complete!
2026-05-08 15:37:30,863 - INFO - evaluating now!
2026-05-08 15:37:35,069 - INFO - Epoch [43/50] train_loss: 0.5715, val_loss: 0.5405, lr: 0.000045, 49.68s
2026-05-08 15:37:35,142 - INFO - Epoch [43/50] train_loss: 0.5651, val_loss: 0.5409, lr: 0.000045, 49.69s
2026-05-08 15:37:35,165 - INFO - Epoch [43/50] train_loss: 0.5678, val_loss: 0.5395, lr: 0.000045, 49.68s
2026-05-08 15:37:35,189 - INFO - Epoch [43/50] train_loss: 0.5721, val_loss: 0.5415, lr: 0.000045, 49.64s
2026-05-08 15:38:20,498 - INFO - epoch complete!
2026-05-08 15:38:20,498 - INFO - evaluating now!
2026-05-08 15:38:20,506 - INFO - epoch complete!
2026-05-08 15:38:20,506 - INFO - evaluating now!
2026-05-08 15:38:20,507 - INFO - epoch complete!
2026-05-08 15:38:20,508 - INFO - evaluating now!
2026-05-08 15:38:20,513 - INFO - epoch complete!
2026-05-08 15:38:20,514 - INFO - evaluating now!
2026-05-08 15:38:24,712 - INFO - Epoch [44/50] train_loss: 0.5346, val_loss: 0.5406, lr: 0.000034, 49.64s
2026-05-08 15:38:24,779 - INFO - Epoch [44/50] train_loss: 0.5336, val_loss: 0.5403, lr: 0.000034, 49.64s
2026-05-08 15:38:24,812 - INFO - Epoch [44/50] train_loss: 0.5427, val_loss: 0.5398, lr: 0.000034, 49.65s
2026-05-08 15:38:24,831 - INFO - Epoch [44/50] train_loss: 0.5358, val_loss: 0.5395, lr: 0.000034, 49.64s
2026-05-08 15:39:10,103 - INFO - epoch complete!
2026-05-08 15:39:10,103 - INFO - evaluating now!
2026-05-08 15:39:10,110 - INFO - epoch complete!
2026-05-08 15:39:10,111 - INFO - evaluating now!
2026-05-08 15:39:10,117 - INFO - epoch complete!
2026-05-08 15:39:10,117 - INFO - evaluating now!
2026-05-08 15:39:10,126 - INFO - epoch complete!
2026-05-08 15:39:10,126 - INFO - evaluating now!
2026-05-08 15:39:14,328 - INFO - Epoch [45/50] train_loss: 0.5454, val_loss: 0.5515, lr: 0.000026, 49.62s
2026-05-08 15:39:14,382 - INFO - Epoch [45/50] train_loss: 0.5471, val_loss: 0.5531, lr: 0.000026, 49.60s
2026-05-08 15:39:14,442 - INFO - Epoch [45/50] train_loss: 0.5559, val_loss: 0.5499, lr: 0.000026, 49.63s
2026-05-08 15:39:14,465 - INFO - Epoch [45/50] train_loss: 0.5605, val_loss: 0.5532, lr: 0.000026, 49.63s
2026-05-08 15:39:59,765 - INFO - epoch complete!
2026-05-08 15:39:59,765 - INFO - evaluating now!
2026-05-08 15:39:59,773 - INFO - epoch complete!
2026-05-08 15:39:59,774 - INFO - evaluating now!
2026-05-08 15:39:59,784 - INFO - epoch complete!
2026-05-08 15:39:59,785 - INFO - evaluating now!
2026-05-08 15:39:59,790 - INFO - epoch complete!
2026-05-08 15:39:59,790 - INFO - evaluating now!
2026-05-08 15:40:03,991 - INFO - Epoch [46/50] train_loss: 0.5523, val_loss: 0.5266, lr: 0.000019, 49.66s
2026-05-08 15:40:04,045 - INFO - Epoch [46/50] train_loss: 0.5531, val_loss: 0.5311, lr: 0.000019, 49.66s
2026-05-08 15:40:04,119 - INFO - Epoch [46/50] train_loss: 0.5534, val_loss: 0.5262, lr: 0.000019, 49.68s
2026-05-08 15:40:04,146 - INFO - Epoch [46/50] train_loss: 0.5547, val_loss: 0.5306, lr: 0.000019, 49.68s
2026-05-08 15:40:49,447 - INFO - epoch complete!
2026-05-08 15:40:49,447 - INFO - evaluating now!
2026-05-08 15:40:49,450 - INFO - epoch complete!
2026-05-08 15:40:49,451 - INFO - evaluating now!
2026-05-08 15:40:49,458 - INFO - epoch complete!
2026-05-08 15:40:49,459 - INFO - evaluating now!
2026-05-08 15:40:49,467 - INFO - epoch complete!
2026-05-08 15:40:49,467 - INFO - evaluating now!
2026-05-08 15:40:53,663 - INFO - Epoch [47/50] train_loss: 0.5248, val_loss: 0.5156, lr: 0.000014, 49.67s
2026-05-08 15:40:53,721 - INFO - Epoch [47/50] train_loss: 0.5319, val_loss: 0.5162, lr: 0.000014, 49.68s
2026-05-08 15:40:53,784 - INFO - Epoch [47/50] train_loss: 0.5282, val_loss: 0.5161, lr: 0.000014, 49.66s
2026-05-08 15:40:53,794 - INFO - Epoch [47/50] train_loss: 0.5262, val_loss: 0.5149, lr: 0.000014, 49.65s
2026-05-08 15:41:39,077 - INFO - epoch complete!
2026-05-08 15:41:39,078 - INFO - evaluating now!
2026-05-08 15:41:39,083 - INFO - epoch complete!
2026-05-08 15:41:39,083 - INFO - evaluating now!
2026-05-08 15:41:39,095 - INFO - epoch complete!
2026-05-08 15:41:39,096 - INFO - evaluating now!
2026-05-08 15:41:39,099 - INFO - epoch complete!
2026-05-08 15:41:39,100 - INFO - evaluating now!
2026-05-08 15:41:43,300 - INFO - Epoch [48/50] train_loss: 0.5528, val_loss: 0.4963, lr: 0.000011, 49.64s
2026-05-08 15:41:43,358 - INFO - Epoch [48/50] train_loss: 0.5447, val_loss: 0.4962, lr: 0.000011, 49.64s
2026-05-08 15:41:43,418 - INFO - Epoch [48/50] train_loss: 0.5457, val_loss: 0.4960, lr: 0.000011, 49.63s
2026-05-08 15:41:43,419 - INFO - Epoch [48/50] train_loss: 0.5452, val_loss: 0.4956, lr: 0.000011, 49.62s
2026-05-08 15:42:28,722 - INFO - epoch complete!
2026-05-08 15:42:28,722 - INFO - evaluating now!
2026-05-08 15:42:28,727 - INFO - epoch complete!
2026-05-08 15:42:28,728 - INFO - evaluating now!
2026-05-08 15:42:28,729 - INFO - epoch complete!
2026-05-08 15:42:28,729 - INFO - evaluating now!
2026-05-08 15:42:28,736 - INFO - epoch complete!
2026-05-08 15:42:28,737 - INFO - evaluating now!
2026-05-08 15:42:32,937 - INFO - Epoch [49/50] train_loss: 0.5665, val_loss: 0.4581, lr: 0.000010, 49.61s
2026-05-08 15:42:32,995 - INFO - Epoch [49/50] train_loss: 0.5567, val_loss: 0.4577, lr: 0.000010, 49.64s
2026-05-08 15:42:33,000 - INFO - Saved model at 49
2026-05-08 15:42:33,000 - INFO - Val loss decrease from 0.4856 to 0.4581, saving to /home/lizhuoxuan/lzq/Bigscity-LibCity-master/outputs/20260508_150102__traffic_state_pred__new_diffusion_fuzzy__PEMSD4/model_cache/new_diffusion_fuzzy_PEMSD4_epoch49.tar
2026-05-08 15:42:33,000 - INFO - Trained totally 50 epochs, average train time is 45.315s, average eval time is 4.214s
2026-05-08 15:42:33,028 - INFO - Epoch [49/50] train_loss: 0.5708, val_loss: 0.4586, lr: 0.000010, 49.61s
2026-05-08 15:42:33,048 - INFO - Epoch [49/50] train_loss: 0.5591, val_loss: 0.4575, lr: 0.000010, 49.63s
2026-05-08 15:42:33,335 - INFO - Saved model at 49
2026-05-08 15:42:33,335 - INFO - Val loss decrease from 0.4859 to 0.4586, saving to /home/lizhuoxuan/lzq/Bigscity-LibCity-master/outputs/20260508_150102__traffic_state_pred__new_diffusion_fuzzy__PEMSD4/model_cache/new_diffusion_fuzzy_PEMSD4_epoch49.tar
2026-05-08 15:42:33,335 - INFO - Saved model at 49
2026-05-08 15:42:33,335 - INFO - Saved model at 49
2026-05-08 15:42:33,335 - INFO - Trained totally 50 epochs, average train time is 45.177s, average eval time is 4.300s
2026-05-08 15:42:33,335 - INFO - Val loss decrease from 0.4865 to 0.4575, saving to /home/lizhuoxuan/lzq/Bigscity-LibCity-master/outputs/20260508_150102__traffic_state_pred__new_diffusion_fuzzy__PEMSD4/model_cache/new_diffusion_fuzzy_PEMSD4_epoch49.tar
2026-05-08 15:42:33,335 - INFO - Trained totally 50 epochs, average train time is 45.177s, average eval time is 4.308s
2026-05-08 15:42:33,335 - INFO - Val loss decrease from 0.4861 to 0.4577, saving to /home/lizhuoxuan/lzq/Bigscity-LibCity-master/outputs/20260508_150102__traffic_state_pred__new_diffusion_fuzzy__PEMSD4/model_cache/new_diffusion_fuzzy_PEMSD4_epoch49.tar
2026-05-08 15:42:33,336 - INFO - Trained totally 50 epochs, average train time is 45.218s, average eval time is 4.261s
2026-05-08 15:42:33,468 - INFO - Loaded model at 49
2026-05-08 15:42:33,469 - INFO - Saved model at /home/lizhuoxuan/lzq/Bigscity-LibCity-master/outputs/20260508_150102__traffic_state_pred__new_diffusion_fuzzy__PEMSD4/model_cache/new_diffusion_fuzzy_PEMSD4.m
2026-05-08 15:42:33,469 - INFO - Loaded model at 49
2026-05-08 15:42:33,473 - INFO - Loaded model at 49
2026-05-08 15:42:33,530 - INFO - Start evaluating ...
2026-05-08 17:21:39,490 - INFO - Log directory: /home/lizhuoxuan/lzq/Bigscity-LibCity-master/outputs/20260508_150102__traffic_state_pred__new_diffusion_fuzzy__PEMSD4/logs
2026-05-08 17:21:39,491 - INFO - Begin eval checkpoint pipeline, run_id=20260508_150102__traffic_state_pred__new_diffusion_fuzzy__PEMSD4, epoch=49, task=traffic_state_pred, model=new_diffusion_fuzzy, dataset=PEMSD4
2026-05-08 17:21:39,491 - INFO - {'task': 'traffic_state_pred', 'model': 'new_diffusion_fuzzy', 'dataset': 'PEMSD4', 'saved_model': False, 'train': False, 'exp_id': '20260508_150102__traffic_state_pred__new_diffusion_fuzzy__PEMSD4', 'epoch': 49, 'data_version_id': 'dv_1778222121_ecf13a9a', 'dataset_class': 'TrafficStatePointDataset', 'executor': 'DiffusionTrafficStateExecutor', 'evaluator': 'TrafficStateEvaluator', 'input_window': 12, 'output_window': 12, 'hidden_dim': 128, 'num_heads': 4, 'encoder_layers': 2, 'denoiser_layers': 4, 'ffn_hidden_dim': 256, 'graph_k_hop': 2, 'use_adaptive_graph': True, 'adaptive_graph_embed_dim': 32, 'adaptive_graph_topk': 12, 'adaptive_graph_blend_init': 0.5, 'use_fuzzy_graph': True, 'fuzzy_graph_num_sets': 3, 'fuzzy_graph_sigma_init': 0.7, 'use_spatiotemporal_attention': True, 'use_temporal_position_embedding': True, 'use_gradient_checkpointing': False, 'use_amp': False, 'dropout': 0.1, 'diffusion_steps': 200, 'diffusion_schedule': 'linear', 'beta_start': 0.0001, 'beta_end': 0.02, 'num_sampling_steps': 50, 'num_prediction_samples': 1, 'sampling_method': 'ddim', 'ddim_eta': 0.0, 'physics_loss_weight': 0.0, 'physics_warmup_steps': 3000, 'physics_warmup_start_ratio': 0.2, 'physics_warmup_mode': 'linear', 'flow_conservation_coeff': 1.0, 'physics_channel_idx': 0, 'use_fuzzy_conservation': True, 'fuzzy_conservation_threshold': 0.6, 'fuzzy_conservation_temperature': 8.0, 'scaler': 'standard', 'load_external': False, 'normal_external': False, 'add_time_in_day': True, 'add_day_in_week': True, 'max_epoch': 100, 'scale_lr': False, 'learner': 'adamw', 'learning_rate': 0.001, 'lr_decay': True, 'lr_scheduler': 'cosineannealinglr', 'lr_T_max': 100, 'lr_eta_min': 1e-05, 'weight_decay': 0.0001, 'clip_grad_norm': True, 'max_grad_norm': 3, 'use_early_stop': True, 'patience': 30, 'batch_size': 32, 'eval_batch_size': 32, 'cache_dataset': True, 'num_workers': 0, 'pad_with_last_sample': True, 'train_rate': 0.7, 'eval_rate': 0.1, 'ext_scaler': 'none', 'robustness_test': False, 'noise_type': 'gaussian', 'disturb_rate': 0.5, 'noise_mean': [5], 'noise_SD': [10], 'train_loss': 'none', 'gpu': True, 'gpu_id': 0, 'log_every': 1, 'load_best_epoch': True, 'metrics': ['MAE', 'MAPE', 'MSE', 'RMSE', 'masked_MAE', 'masked_MAPE', 'masked_MSE', 'masked_RMSE', 'R2', 'EVAR'], 'evaluator_mode': 'single', 'save_mode': ['csv'], 'geo': {'including_types': ['Point'], 'Point': {}}, 'rel': {'including_types': ['geo'], 'geo': {'cost': 'num'}}, 'dyna': {'including_types': ['state'], 'state': {'entity_id': 'geo_id', 'traffic_flow': 'num', 'traffic_occupancy': 'num', 'traffic_speed': 'num'}}, 'data_col': ['traffic_flow', 'traffic_occupancy', 'traffic_speed'], 'weight_col': 'cost', 'data_files': ['PEMSD4'], 'geo_file': 'PEMSD4', 'rel_file': 'PEMSD4', 'output_dim': 3, 'time_intervals': 300, 'init_weight_inf_or_zero': 'zero', 'set_weight_link_or_dist': 'link', 'calculate_weight_adj': False, 'weight_adj_epsilon': 0.1, 'is_distributed': False, 'world_size': 1, 'rank': 0, 'device': device(type='cuda', index=0)}
2026-05-08 17:32:21,309 - INFO - Log directory: /home/lizhuoxuan/lzq/Bigscity-LibCity-master/outputs/20260508_150102__traffic_state_pred__new_diffusion_fuzzy__PEMSD4/logs
2026-05-08 17:32:21,309 - INFO - Begin eval checkpoint pipeline, run_id=20260508_150102__traffic_state_pred__new_diffusion_fuzzy__PEMSD4, epoch=49, task=traffic_state_pred, model=new_diffusion_fuzzy, dataset=PEMSD4
2026-05-08 17:32:21,309 - INFO - {'task': 'traffic_state_pred', 'model': 'new_diffusion_fuzzy', 'dataset': 'PEMSD4', 'saved_model': False, 'train': False, 'exp_id': '20260508_150102__traffic_state_pred__new_diffusion_fuzzy__PEMSD4', 'epoch': 49, 'data_version_id': 'dv_1778222121_ecf13a9a', 'dataset_class': 'TrafficStatePointDataset', 'executor': 'DiffusionTrafficStateExecutor', 'evaluator': 'TrafficStateEvaluator', 'input_window': 12, 'output_window': 12, 'hidden_dim': 128, 'num_heads': 4, 'encoder_layers': 2, 'denoiser_layers': 4, 'ffn_hidden_dim': 256, 'graph_k_hop': 2, 'use_adaptive_graph': True, 'adaptive_graph_embed_dim': 32, 'adaptive_graph_topk': 12, 'adaptive_graph_blend_init': 0.5, 'use_fuzzy_graph': True, 'fuzzy_graph_num_sets': 3, 'fuzzy_graph_sigma_init': 0.7, 'use_spatiotemporal_attention': True, 'use_temporal_position_embedding': True, 'use_gradient_checkpointing': False, 'use_amp': False, 'dropout': 0.1, 'diffusion_steps': 200, 'diffusion_schedule': 'linear', 'beta_start': 0.0001, 'beta_end': 0.02, 'num_sampling_steps': 50, 'num_prediction_samples': 1, 'sampling_method': 'ddim', 'ddim_eta': 0.0, 'physics_loss_weight': 0.0, 'physics_warmup_steps': 3000, 'physics_warmup_start_ratio': 0.2, 'physics_warmup_mode': 'linear', 'flow_conservation_coeff': 1.0, 'physics_channel_idx': 0, 'use_fuzzy_conservation': True, 'fuzzy_conservation_threshold': 0.6, 'fuzzy_conservation_temperature': 8.0, 'scaler': 'standard', 'load_external': False, 'normal_external': False, 'add_time_in_day': True, 'add_day_in_week': True, 'max_epoch': 100, 'scale_lr': False, 'learner': 'adamw', 'learning_rate': 0.001, 'lr_decay': True, 'lr_scheduler': 'cosineannealinglr', 'lr_T_max': 100, 'lr_eta_min': 1e-05, 'weight_decay': 0.0001, 'clip_grad_norm': True, 'max_grad_norm': 3, 'use_early_stop': True, 'patience': 30, 'batch_size': 32, 'eval_batch_size': 32, 'cache_dataset': True, 'num_workers': 0, 'pad_with_last_sample': True, 'train_rate': 0.7, 'eval_rate': 0.1, 'ext_scaler': 'none', 'robustness_test': False, 'noise_type': 'gaussian', 'disturb_rate': 0.5, 'noise_mean': [5], 'noise_SD': [10], 'train_loss': 'none', 'gpu': True, 'gpu_id': 0, 'log_every': 1, 'load_best_epoch': True, 'metrics': ['MAE', 'MAPE', 'MSE', 'RMSE', 'masked_MAE', 'masked_MAPE', 'masked_MSE', 'masked_RMSE', 'R2', 'EVAR'], 'evaluator_mode': 'single', 'save_mode': ['csv'], 'geo': {'including_types': ['Point'], 'Point': {}}, 'rel': {'including_types': ['geo'], 'geo': {'cost': 'num'}}, 'dyna': {'including_types': ['state'], 'state': {'entity_id': 'geo_id', 'traffic_flow': 'num', 'traffic_occupancy': 'num', 'traffic_speed': 'num'}}, 'data_col': ['traffic_flow', 'traffic_occupancy', 'traffic_speed'], 'weight_col': 'cost', 'data_files': ['PEMSD4'], 'geo_file': 'PEMSD4', 'rel_file': 'PEMSD4', 'output_dim': 3, 'time_intervals': 300, 'init_weight_inf_or_zero': 'zero', 'set_weight_link_or_dist': 'link', 'calculate_weight_adj': False, 'weight_adj_epsilon': 0.1, 'is_distributed': False, 'world_size': 1, 'rank': 0, 'device': device(type='cuda', index=0)}
2026-05-08 17:32:30,948 - WARNING - [FORCE_REUSE] Artifact data_signature mismatch: artifact=`623c9f1ca83fc4c2adb26bf7c5a180351247f056`, expected=`2fdc0fd7d34f1bbaf7a946f4d1f776ae6eeb1ea4`. Different fields: eval_rate, seed, train_rate.
2026-05-08 17:32:31,264 - INFO - NewDiffusion(
  (condition_encoder): STEncoder(
    (input_projection): Linear(in_features=3, out_features=128, bias=True)
    (blocks): ModuleList(
      (0-1): 2 x STEncoderBlock(
        (temporal_attention): MultiHeadAttention(
          (query_projection): Linear(in_features=128, out_features=128, bias=True)
          (key_projection): Linear(in_features=128, out_features=128, bias=True)
          (value_projection): Linear(in_features=128, out_features=128, bias=True)
          (output_projection): Linear(in_features=128, out_features=128, bias=True)
          (dropout): Dropout(p=0.1, inplace=False)
        )
        (graph_convolution): GraphConvolution(
          (projections): ModuleList(
            (0-2): 3 x Linear(in_features=128, out_features=128, bias=True)
          )
        )
        (feed_forward): FeedForwardNetwork(
          (network): Sequential(
            (0): Linear(in_features=128, out_features=256, bias=True)
            (1): GELU(approximate='none')
            (2): Dropout(p=0.1, inplace=False)
            (3): Linear(in_features=256, out_features=128, bias=True)
            (4): Dropout(p=0.1, inplace=False)
          )
        )
        (norm_temporal): LayerNorm((128,), eps=1e-05, elementwise_affine=True)
        (norm_graph): LayerNorm((128,), eps=1e-05, elementwise_affine=True)
        (norm_ffn): LayerNorm((128,), eps=1e-05, elementwise_affine=True)
        (dropout): Dropout(p=0.1, inplace=False)
      )
    )
    (final_norm): LayerNorm((128,), eps=1e-05, elementwise_affine=True)
  )
  (noise_predictor): AttentionDenoiser(
    (input_projection): Linear(in_features=3, out_features=128, bias=True)
    (time_embedding): SinusoidalTimeEmbedding()
    (time_projection): Sequential(
      (0): Linear(in_features=128, out_features=128, bias=True)
      (1): SiLU()
      (2): Linear(in_features=128, out_features=128, bias=True)
    )
    (condition_fusion): Linear(in_features=256, out_features=128, bias=True)
    (blocks): ModuleList(
      (0-3): 4 x DenoiserBlock(
        (temporal_attention): MultiHeadAttention(
          (query_projection): Linear(in_features=128, out_features=128, bias=True)
          (key_projection): Linear(in_features=128, out_features=128, bias=True)
          (value_projection): Linear(in_features=128, out_features=128, bias=True)
          (output_projection): Linear(in_features=128, out_features=128, bias=True)
          (dropout): Dropout(p=0.1, inplace=False)
        )
        (graph_convolution): GraphConvolution(
          (projections): ModuleList(
            (0-2): 3 x Linear(in_features=128, out_features=128, bias=True)
          )
        )
        (cross_attention): MultiHeadAttention(
          (query_projection): Linear(in_features=128, out_features=128, bias=True)
          (key_projection): Linear(in_features=128, out_features=128, bias=True)
          (value_projection): Linear(in_features=128, out_features=128, bias=True)
          (output_projection): Linear(in_features=128, out_features=128, bias=True)
          (dropout): Dropout(p=0.1, inplace=False)
        )
        (spatiotemporal_attention): MultiHeadAttention(
          (query_projection): Linear(in_features=128, out_features=128, bias=True)
          (key_projection): Linear(in_features=128, out_features=128, bias=True)
          (value_projection): Linear(in_features=128, out_features=128, bias=True)
          (output_projection): Linear(in_features=128, out_features=128, bias=True)
          (dropout): Dropout(p=0.1, inplace=False)
        )
        (feed_forward): FeedForwardNetwork(
          (network): Sequential(
            (0): Linear(in_features=128, out_features=256, bias=True)
            (1): GELU(approximate='none')
            (2): Dropout(p=0.1, inplace=False)
            (3): Linear(in_features=256, out_features=128, bias=True)
            (4): Dropout(p=0.1, inplace=False)
          )
        )
        (norm_temporal): LayerNorm((128,), eps=1e-05, elementwise_affine=True)
        (norm_graph): LayerNorm((128,), eps=1e-05, elementwise_affine=True)
        (norm_cross): LayerNorm((128,), eps=1e-05, elementwise_affine=True)
        (norm_spatiotemporal): LayerNorm((128,), eps=1e-05, elementwise_affine=True)
        (norm_ffn): LayerNorm((128,), eps=1e-05, elementwise_affine=True)
        (dropout): Dropout(p=0.1, inplace=False)
      )
    )
    (final_norm): LayerNorm((128,), eps=1e-05, elementwise_affine=True)
    (output_projection): Linear(in_features=128, out_features=3, bias=True)
    (adaptive_graph_learner): AdaptiveGraphLearner(
      (feature_projection): Linear(in_features=128, out_features=32, bias=True)
      (time_projection): Linear(in_features=128, out_features=32, bias=True)
    )
  )
  (diffusion_scheduler): DiffusionScheduler()
)
2026-05-08 17:32:31,266 - INFO - condition_encoder.temporal_position_embedding	torch.Size([1, 12, 1, 128])	cuda:0	True
2026-05-08 17:32:31,266 - INFO - condition_encoder.input_projection.weight	torch.Size([128, 3])	cuda:0	True
2026-05-08 17:32:31,266 - INFO - condition_encoder.input_projection.bias	torch.Size([128])	cuda:0	True
2026-05-08 17:32:31,266 - INFO - condition_encoder.blocks.0.temporal_attention.query_projection.weight	torch.Size([128, 128])	cuda:0	True
2026-05-08 17:32:31,266 - INFO - condition_encoder.blocks.0.temporal_attention.query_projection.bias	torch.Size([128])	cuda:0	True
2026-05-08 17:32:31,266 - INFO - condition_encoder.blocks.0.temporal_attention.key_projection.weight	torch.Size([128, 128])	cuda:0	True
2026-05-08 17:32:31,266 - INFO - condition_encoder.blocks.0.temporal_attention.key_projection.bias	torch.Size([128])	cuda:0	True
2026-05-08 17:32:31,266 - INFO - condition_encoder.blocks.0.temporal_attention.value_projection.weight	torch.Size([128, 128])	cuda:0	True
2026-05-08 17:32:31,266 - INFO - condition_encoder.blocks.0.temporal_attention.value_projection.bias	torch.Size([128])	cuda:0	True
2026-05-08 17:32:31,266 - INFO - condition_encoder.blocks.0.temporal_attention.output_projection.weight	torch.Size([128, 128])	cuda:0	True
2026-05-08 17:32:31,266 - INFO - condition_encoder.blocks.0.temporal_attention.output_projection.bias	torch.Size([128])	cuda:0	True
2026-05-08 17:32:31,266 - INFO - condition_encoder.blocks.0.graph_convolution.projections.0.weight	torch.Size([128, 128])	cuda:0	True
2026-05-08 17:32:31,266 - INFO - condition_encoder.blocks.0.graph_convolution.projections.0.bias	torch.Size([128])	cuda:0	True
2026-05-08 17:32:31,266 - INFO - condition_encoder.blocks.0.graph_convolution.projections.1.weight	torch.Size([128, 128])	cuda:0	True
2026-05-08 17:32:31,266 - INFO - condition_encoder.blocks.0.graph_convolution.projections.1.bias	torch.Size([128])	cuda:0	True
2026-05-08 17:32:31,266 - INFO - condition_encoder.blocks.0.graph_convolution.projections.2.weight	torch.Size([128, 128])	cuda:0	True
2026-05-08 17:32:31,266 - INFO - condition_encoder.blocks.0.graph_convolution.projections.2.bias	torch.Size([128])	cuda:0	True
2026-05-08 17:32:31,266 - INFO - condition_encoder.blocks.0.feed_forward.network.0.weight	torch.Size([256, 128])	cuda:0	True
2026-05-08 17:32:31,266 - INFO - condition_encoder.blocks.0.feed_forward.network.0.bias	torch.Size([256])	cuda:0	True
2026-05-08 17:32:31,266 - INFO - condition_encoder.blocks.0.feed_forward.network.3.weight	torch.Size([128, 256])	cuda:0	True
2026-05-08 17:32:31,266 - INFO - condition_encoder.blocks.0.feed_forward.network.3.bias	torch.Size([128])	cuda:0	True
2026-05-08 17:32:31,266 - INFO - condition_encoder.blocks.0.norm_temporal.weight	torch.Size([128])	cuda:0	True
2026-05-08 17:32:31,266 - INFO - condition_encoder.blocks.0.norm_temporal.bias	torch.Size([128])	cuda:0	True
2026-05-08 17:32:31,266 - INFO - condition_encoder.blocks.0.norm_graph.weight	torch.Size([128])	cuda:0	True
2026-05-08 17:32:31,266 - INFO - condition_encoder.blocks.0.norm_graph.bias	torch.Size([128])	cuda:0	True
2026-05-08 17:32:31,266 - INFO - condition_encoder.blocks.0.norm_ffn.weight	torch.Size([128])	cuda:0	True
2026-05-08 17:32:31,266 - INFO - condition_encoder.blocks.0.norm_ffn.bias	torch.Size([128])	cuda:0	True
2026-05-08 17:32:31,266 - INFO - condition_encoder.blocks.1.temporal_attention.query_projection.weight	torch.Size([128, 128])	cuda:0	True
2026-05-08 17:32:31,266 - INFO - condition_encoder.blocks.1.temporal_attention.query_projection.bias	torch.Size([128])	cuda:0	True
2026-05-08 17:32:31,266 - INFO - condition_encoder.blocks.1.temporal_attention.key_projection.weight	torch.Size([128, 128])	cuda:0	True
2026-05-08 17:32:31,266 - INFO - condition_encoder.blocks.1.temporal_attention.key_projection.bias	torch.Size([128])	cuda:0	True
2026-05-08 17:32:31,267 - INFO - condition_encoder.blocks.1.temporal_attention.value_projection.weight	torch.Size([128, 128])	cuda:0	True
2026-05-08 17:32:31,267 - INFO - condition_encoder.blocks.1.temporal_attention.value_projection.bias	torch.Size([128])	cuda:0	True
2026-05-08 17:32:31,267 - INFO - condition_encoder.blocks.1.temporal_attention.output_projection.weight	torch.Size([128, 128])	cuda:0	True
2026-05-08 17:32:31,267 - INFO - condition_encoder.blocks.1.temporal_attention.output_projection.bias	torch.Size([128])	cuda:0	True
2026-05-08 17:32:31,267 - INFO - condition_encoder.blocks.1.graph_convolution.projections.0.weight	torch.Size([128, 128])	cuda:0	True
2026-05-08 17:32:31,267 - INFO - condition_encoder.blocks.1.graph_convolution.projections.0.bias	torch.Size([128])	cuda:0	True
2026-05-08 17:32:31,267 - INFO - condition_encoder.blocks.1.graph_convolution.projections.1.weight	torch.Size([128, 128])	cuda:0	True
2026-05-08 17:32:31,267 - INFO - condition_encoder.blocks.1.graph_convolution.projections.1.bias	torch.Size([128])	cuda:0	True
2026-05-08 17:32:31,267 - INFO - condition_encoder.blocks.1.graph_convolution.projections.2.weight	torch.Size([128, 128])	cuda:0	True
2026-05-08 17:32:31,267 - INFO - condition_encoder.blocks.1.graph_convolution.projections.2.bias	torch.Size([128])	cuda:0	True
2026-05-08 17:32:31,267 - INFO - condition_encoder.blocks.1.feed_forward.network.0.weight	torch.Size([256, 128])	cuda:0	True
2026-05-08 17:32:31,267 - INFO - condition_encoder.blocks.1.feed_forward.network.0.bias	torch.Size([256])	cuda:0	True
2026-05-08 17:32:31,267 - INFO - condition_encoder.blocks.1.feed_forward.network.3.weight	torch.Size([128, 256])	cuda:0	True
2026-05-08 17:32:31,267 - INFO - condition_encoder.blocks.1.feed_forward.network.3.bias	torch.Size([128])	cuda:0	True
2026-05-08 17:32:31,267 - INFO - condition_encoder.blocks.1.norm_temporal.weight	torch.Size([128])	cuda:0	True
2026-05-08 17:32:31,267 - INFO - condition_encoder.blocks.1.norm_temporal.bias	torch.Size([128])	cuda:0	True
2026-05-08 17:32:31,267 - INFO - condition_encoder.blocks.1.norm_graph.weight	torch.Size([128])	cuda:0	True
2026-05-08 17:32:31,267 - INFO - condition_encoder.blocks.1.norm_graph.bias	torch.Size([128])	cuda:0	True
2026-05-08 17:32:31,267 - INFO - condition_encoder.blocks.1.norm_ffn.weight	torch.Size([128])	cuda:0	True
2026-05-08 17:32:31,267 - INFO - condition_encoder.blocks.1.norm_ffn.bias	torch.Size([128])	cuda:0	True
2026-05-08 17:32:31,267 - INFO - condition_encoder.final_norm.weight	torch.Size([128])	cuda:0	True
2026-05-08 17:32:31,267 - INFO - condition_encoder.final_norm.bias	torch.Size([128])	cuda:0	True
2026-05-08 17:32:31,267 - INFO - noise_predictor.future_position_embedding	torch.Size([1, 12, 1, 128])	cuda:0	True
2026-05-08 17:32:31,267 - INFO - noise_predictor.condition_temporal_weight	torch.Size([12])	cuda:0	True
2026-05-08 17:32:31,267 - INFO - noise_predictor.input_projection.weight	torch.Size([128, 3])	cuda:0	True
2026-05-08 17:32:31,267 - INFO - noise_predictor.input_projection.bias	torch.Size([128])	cuda:0	True
2026-05-08 17:32:31,267 - INFO - noise_predictor.time_projection.0.weight	torch.Size([128, 128])	cuda:0	True
2026-05-08 17:32:31,267 - INFO - noise_predictor.time_projection.0.bias	torch.Size([128])	cuda:0	True
2026-05-08 17:32:31,267 - INFO - noise_predictor.time_projection.2.weight	torch.Size([128, 128])	cuda:0	True
2026-05-08 17:32:31,267 - INFO - noise_predictor.time_projection.2.bias	torch.Size([128])	cuda:0	True
2026-05-08 17:32:31,267 - INFO - noise_predictor.condition_fusion.weight	torch.Size([128, 256])	cuda:0	True
2026-05-08 17:32:31,267 - INFO - noise_predictor.condition_fusion.bias	torch.Size([128])	cuda:0	True
2026-05-08 17:32:31,267 - INFO - noise_predictor.blocks.0.temporal_attention.query_projection.weight	torch.Size([128, 128])	cuda:0	True
2026-05-08 17:32:31,267 - INFO - noise_predictor.blocks.0.temporal_attention.query_projection.bias	torch.Size([128])	cuda:0	True
2026-05-08 17:32:31,267 - INFO - noise_predictor.blocks.0.temporal_attention.key_projection.weight	torch.Size([128, 128])	cuda:0	True
2026-05-08 17:32:31,267 - INFO - noise_predictor.blocks.0.temporal_attention.key_projection.bias	torch.Size([128])	cuda:0	True
2026-05-08 17:32:31,267 - INFO - noise_predictor.blocks.0.temporal_attention.value_projection.weight	torch.Size([128, 128])	cuda:0	True
2026-05-08 17:32:31,267 - INFO - noise_predictor.blocks.0.temporal_attention.value_projection.bias	torch.Size([128])	cuda:0	True
2026-05-08 17:32:31,267 - INFO - noise_predictor.blocks.0.temporal_attention.output_projection.weight	torch.Size([128, 128])	cuda:0	True
2026-05-08 17:32:31,267 - INFO - noise_predictor.blocks.0.temporal_attention.output_projection.bias	torch.Size([128])	cuda:0	True
2026-05-08 17:32:31,268 - INFO - noise_predictor.blocks.0.graph_convolution.projections.0.weight	torch.Size([128, 128])	cuda:0	True
2026-05-08 17:32:31,268 - INFO - noise_predictor.blocks.0.graph_convolution.projections.0.bias	torch.Size([128])	cuda:0	True
2026-05-08 17:32:31,268 - INFO - noise_predictor.blocks.0.graph_convolution.projections.1.weight	torch.Size([128, 128])	cuda:0	True
2026-05-08 17:32:31,268 - INFO - noise_predictor.blocks.0.graph_convolution.projections.1.bias	torch.Size([128])	cuda:0	True
2026-05-08 17:32:31,268 - INFO - noise_predictor.blocks.0.graph_convolution.projections.2.weight	torch.Size([128, 128])	cuda:0	True
2026-05-08 17:32:31,268 - INFO - noise_predictor.blocks.0.graph_convolution.projections.2.bias	torch.Size([128])	cuda:0	True
2026-05-08 17:32:31,268 - INFO - noise_predictor.blocks.0.cross_attention.query_projection.weight	torch.Size([128, 128])	cuda:0	True
2026-05-08 17:32:31,268 - INFO - noise_predictor.blocks.0.cross_attention.query_projection.bias	torch.Size([128])	cuda:0	True
2026-05-08 17:32:31,268 - INFO - noise_predictor.blocks.0.cross_attention.key_projection.weight	torch.Size([128, 128])	cuda:0	True
2026-05-08 17:32:31,268 - INFO - noise_predictor.blocks.0.cross_attention.key_projection.bias	torch.Size([128])	cuda:0	True
2026-05-08 17:32:31,268 - INFO - noise_predictor.blocks.0.cross_attention.value_projection.weight	torch.Size([128, 128])	cuda:0	True
2026-05-08 17:32:31,268 - INFO - noise_predictor.blocks.0.cross_attention.value_projection.bias	torch.Size([128])	cuda:0	True
2026-05-08 17:32:31,268 - INFO - noise_predictor.blocks.0.cross_attention.output_projection.weight	torch.Size([128, 128])	cuda:0	True
2026-05-08 17:32:31,268 - INFO - noise_predictor.blocks.0.cross_attention.output_projection.bias	torch.Size([128])	cuda:0	True
2026-05-08 17:32:31,268 - INFO - noise_predictor.blocks.0.spatiotemporal_attention.query_projection.weight	torch.Size([128, 128])	cuda:0	True
2026-05-08 17:32:31,268 - INFO - noise_predictor.blocks.0.spatiotemporal_attention.query_projection.bias	torch.Size([128])	cuda:0	True
2026-05-08 17:32:31,268 - INFO - noise_predictor.blocks.0.spatiotemporal_attention.key_projection.weight	torch.Size([128, 128])	cuda:0	True
2026-05-08 17:32:31,268 - INFO - noise_predictor.blocks.0.spatiotemporal_attention.key_projection.bias	torch.Size([128])	cuda:0	True
2026-05-08 17:32:31,268 - INFO - noise_predictor.blocks.0.spatiotemporal_attention.value_projection.weight	torch.Size([128, 128])	cuda:0	True
2026-05-08 17:32:31,268 - INFO - noise_predictor.blocks.0.spatiotemporal_attention.value_projection.bias	torch.Size([128])	cuda:0	True
2026-05-08 17:32:31,268 - INFO - noise_predictor.blocks.0.spatiotemporal_attention.output_projection.weight	torch.Size([128, 128])	cuda:0	True
2026-05-08 17:32:31,268 - INFO - noise_predictor.blocks.0.spatiotemporal_attention.output_projection.bias	torch.Size([128])	cuda:0	True
2026-05-08 17:32:31,268 - INFO - noise_predictor.blocks.0.feed_forward.network.0.weight	torch.Size([256, 128])	cuda:0	True
2026-05-08 17:32:31,268 - INFO - noise_predictor.blocks.0.feed_forward.network.0.bias	torch.Size([256])	cuda:0	True
2026-05-08 17:32:31,268 - INFO - noise_predictor.blocks.0.feed_forward.network.3.weight	torch.Size([128, 256])	cuda:0	True
2026-05-08 17:32:31,268 - INFO - noise_predictor.blocks.0.feed_forward.network.3.bias	torch.Size([128])	cuda:0	True
2026-05-08 17:32:31,268 - INFO - noise_predictor.blocks.0.norm_temporal.weight	torch.Size([128])	cuda:0	True
2026-05-08 17:32:31,268 - INFO - noise_predictor.blocks.0.norm_temporal.bias	torch.Size([128])	cuda:0	True
2026-05-08 17:32:31,268 - INFO - noise_predictor.blocks.0.norm_graph.weight	torch.Size([128])	cuda:0	True
2026-05-08 17:32:31,268 - INFO - noise_predictor.blocks.0.norm_graph.bias	torch.Size([128])	cuda:0	True
2026-05-08 17:32:31,268 - INFO - noise_predictor.blocks.0.norm_cross.weight	torch.Size([128])	cuda:0	True
2026-05-08 17:32:31,268 - INFO - noise_predictor.blocks.0.norm_cross.bias	torch.Size([128])	cuda:0	True
2026-05-08 17:32:31,268 - INFO - noise_predictor.blocks.0.norm_spatiotemporal.weight	torch.Size([128])	cuda:0	True
2026-05-08 17:32:31,268 - INFO - noise_predictor.blocks.0.norm_spatiotemporal.bias	torch.Size([128])	cuda:0	True
2026-05-08 17:32:31,268 - INFO - noise_predictor.blocks.0.norm_ffn.weight	torch.Size([128])	cuda:0	True
2026-05-08 17:32:31,268 - INFO - noise_predictor.blocks.0.norm_ffn.bias	torch.Size([128])	cuda:0	True
2026-05-08 17:32:31,268 - INFO - noise_predictor.blocks.1.temporal_attention.query_projection.weight	torch.Size([128, 128])	cuda:0	True
2026-05-08 17:32:31,268 - INFO - noise_predictor.blocks.1.temporal_attention.query_projection.bias	torch.Size([128])	cuda:0	True
2026-05-08 17:32:31,268 - INFO - noise_predictor.blocks.1.temporal_attention.key_projection.weight	torch.Size([128, 128])	cuda:0	True
2026-05-08 17:32:31,268 - INFO - noise_predictor.blocks.1.temporal_attention.key_projection.bias	torch.Size([128])	cuda:0	True
2026-05-08 17:32:31,268 - INFO - noise_predictor.blocks.1.temporal_attention.value_projection.weight	torch.Size([128, 128])	cuda:0	True
2026-05-08 17:32:31,268 - INFO - noise_predictor.blocks.1.temporal_attention.value_projection.bias	torch.Size([128])	cuda:0	True
2026-05-08 17:32:31,269 - INFO - noise_predictor.blocks.1.temporal_attention.output_projection.weight	torch.Size([128, 128])	cuda:0	True
2026-05-08 17:32:31,269 - INFO - noise_predictor.blocks.1.temporal_attention.output_projection.bias	torch.Size([128])	cuda:0	True
2026-05-08 17:32:31,269 - INFO - noise_predictor.blocks.1.graph_convolution.projections.0.weight	torch.Size([128, 128])	cuda:0	True
2026-05-08 17:32:31,269 - INFO - noise_predictor.blocks.1.graph_convolution.projections.0.bias	torch.Size([128])	cuda:0	True
2026-05-08 17:32:31,269 - INFO - noise_predictor.blocks.1.graph_convolution.projections.1.weight	torch.Size([128, 128])	cuda:0	True
2026-05-08 17:32:31,269 - INFO - noise_predictor.blocks.1.graph_convolution.projections.1.bias	torch.Size([128])	cuda:0	True
2026-05-08 17:32:31,269 - INFO - noise_predictor.blocks.1.graph_convolution.projections.2.weight	torch.Size([128, 128])	cuda:0	True
2026-05-08 17:32:31,269 - INFO - noise_predictor.blocks.1.graph_convolution.projections.2.bias	torch.Size([128])	cuda:0	True
2026-05-08 17:32:31,269 - INFO - noise_predictor.blocks.1.cross_attention.query_projection.weight	torch.Size([128, 128])	cuda:0	True
2026-05-08 17:32:31,269 - INFO - noise_predictor.blocks.1.cross_attention.query_projection.bias	torch.Size([128])	cuda:0	True
2026-05-08 17:32:31,269 - INFO - noise_predictor.blocks.1.cross_attention.key_projection.weight	torch.Size([128, 128])	cuda:0	True
2026-05-08 17:32:31,269 - INFO - noise_predictor.blocks.1.cross_attention.key_projection.bias	torch.Size([128])	cuda:0	True
2026-05-08 17:32:31,269 - INFO - noise_predictor.blocks.1.cross_attention.value_projection.weight	torch.Size([128, 128])	cuda:0	True
2026-05-08 17:32:31,269 - INFO - noise_predictor.blocks.1.cross_attention.value_projection.bias	torch.Size([128])	cuda:0	True
2026-05-08 17:32:31,269 - INFO - noise_predictor.blocks.1.cross_attention.output_projection.weight	torch.Size([128, 128])	cuda:0	True
2026-05-08 17:32:31,269 - INFO - noise_predictor.blocks.1.cross_attention.output_projection.bias	torch.Size([128])	cuda:0	True
2026-05-08 17:32:31,269 - INFO - noise_predictor.blocks.1.spatiotemporal_attention.query_projection.weight	torch.Size([128, 128])	cuda:0	True
2026-05-08 17:32:31,269 - INFO - noise_predictor.blocks.1.spatiotemporal_attention.query_projection.bias	torch.Size([128])	cuda:0	True
2026-05-08 17:32:31,269 - INFO - noise_predictor.blocks.1.spatiotemporal_attention.key_projection.weight	torch.Size([128, 128])	cuda:0	True
2026-05-08 17:32:31,269 - INFO - noise_predictor.blocks.1.spatiotemporal_attention.key_projection.bias	torch.Size([128])	cuda:0	True
2026-05-08 17:32:31,269 - INFO - noise_predictor.blocks.1.spatiotemporal_attention.value_projection.weight	torch.Size([128, 128])	cuda:0	True
2026-05-08 17:32:31,269 - INFO - noise_predictor.blocks.1.spatiotemporal_attention.value_projection.bias	torch.Size([128])	cuda:0	True
2026-05-08 17:32:31,269 - INFO - noise_predictor.blocks.1.spatiotemporal_attention.output_projection.weight	torch.Size([128, 128])	cuda:0	True
2026-05-08 17:32:31,269 - INFO - noise_predictor.blocks.1.spatiotemporal_attention.output_projection.bias	torch.Size([128])	cuda:0	True
2026-05-08 17:32:31,269 - INFO - noise_predictor.blocks.1.feed_forward.network.0.weight	torch.Size([256, 128])	cuda:0	True
2026-05-08 17:32:31,269 - INFO - noise_predictor.blocks.1.feed_forward.network.0.bias	torch.Size([256])	cuda:0	True
2026-05-08 17:32:31,269 - INFO - noise_predictor.blocks.1.feed_forward.network.3.weight	torch.Size([128, 256])	cuda:0	True
2026-05-08 17:32:31,269 - INFO - noise_predictor.blocks.1.feed_forward.network.3.bias	torch.Size([128])	cuda:0	True
2026-05-08 17:32:31,269 - INFO - noise_predictor.blocks.1.norm_temporal.weight	torch.Size([128])	cuda:0	True
2026-05-08 17:32:31,269 - INFO - noise_predictor.blocks.1.norm_temporal.bias	torch.Size([128])	cuda:0	True
2026-05-08 17:32:31,269 - INFO - noise_predictor.blocks.1.norm_graph.weight	torch.Size([128])	cuda:0	True
2026-05-08 17:32:31,269 - INFO - noise_predictor.blocks.1.norm_graph.bias	torch.Size([128])	cuda:0	True
2026-05-08 17:32:31,269 - INFO - noise_predictor.blocks.1.norm_cross.weight	torch.Size([128])	cuda:0	True
2026-05-08 17:32:31,269 - INFO - noise_predictor.blocks.1.norm_cross.bias	torch.Size([128])	cuda:0	True
2026-05-08 17:32:31,269 - INFO - noise_predictor.blocks.1.norm_spatiotemporal.weight	torch.Size([128])	cuda:0	True
2026-05-08 17:32:31,269 - INFO - noise_predictor.blocks.1.norm_spatiotemporal.bias	torch.Size([128])	cuda:0	True
2026-05-08 17:32:31,269 - INFO - noise_predictor.blocks.1.norm_ffn.weight	torch.Size([128])	cuda:0	True
2026-05-08 17:32:31,269 - INFO - noise_predictor.blocks.1.norm_ffn.bias	torch.Size([128])	cuda:0	True
2026-05-08 17:32:31,269 - INFO - noise_predictor.blocks.2.temporal_attention.query_projection.weight	torch.Size([128, 128])	cuda:0	True
2026-05-08 17:32:31,269 - INFO - noise_predictor.blocks.2.temporal_attention.query_projection.bias	torch.Size([128])	cuda:0	True
2026-05-08 17:32:31,270 - INFO - noise_predictor.blocks.2.temporal_attention.key_projection.weight	torch.Size([128, 128])	cuda:0	True
2026-05-08 17:32:31,270 - INFO - noise_predictor.blocks.2.temporal_attention.key_projection.bias	torch.Size([128])	cuda:0	True
2026-05-08 17:32:31,270 - INFO - noise_predictor.blocks.2.temporal_attention.value_projection.weight	torch.Size([128, 128])	cuda:0	True
2026-05-08 17:32:31,270 - INFO - noise_predictor.blocks.2.temporal_attention.value_projection.bias	torch.Size([128])	cuda:0	True
2026-05-08 17:32:31,270 - INFO - noise_predictor.blocks.2.temporal_attention.output_projection.weight	torch.Size([128, 128])	cuda:0	True
2026-05-08 17:32:31,270 - INFO - noise_predictor.blocks.2.temporal_attention.output_projection.bias	torch.Size([128])	cuda:0	True
2026-05-08 17:32:31,270 - INFO - noise_predictor.blocks.2.graph_convolution.projections.0.weight	torch.Size([128, 128])	cuda:0	True
2026-05-08 17:32:31,270 - INFO - noise_predictor.blocks.2.graph_convolution.projections.0.bias	torch.Size([128])	cuda:0	True
2026-05-08 17:32:31,270 - INFO - noise_predictor.blocks.2.graph_convolution.projections.1.weight	torch.Size([128, 128])	cuda:0	True
2026-05-08 17:32:31,270 - INFO - noise_predictor.blocks.2.graph_convolution.projections.1.bias	torch.Size([128])	cuda:0	True
2026-05-08 17:32:31,270 - INFO - noise_predictor.blocks.2.graph_convolution.projections.2.weight	torch.Size([128, 128])	cuda:0	True
2026-05-08 17:32:31,270 - INFO - noise_predictor.blocks.2.graph_convolution.projections.2.bias	torch.Size([128])	cuda:0	True
2026-05-08 17:32:31,270 - INFO - noise_predictor.blocks.2.cross_attention.query_projection.weight	torch.Size([128, 128])	cuda:0	True
2026-05-08 17:32:31,270 - INFO - noise_predictor.blocks.2.cross_attention.query_projection.bias	torch.Size([128])	cuda:0	True
2026-05-08 17:32:31,270 - INFO - noise_predictor.blocks.2.cross_attention.key_projection.weight	torch.Size([128, 128])	cuda:0	True
2026-05-08 17:32:31,270 - INFO - noise_predictor.blocks.2.cross_attention.key_projection.bias	torch.Size([128])	cuda:0	True
2026-05-08 17:32:31,270 - INFO - noise_predictor.blocks.2.cross_attention.value_projection.weight	torch.Size([128, 128])	cuda:0	True
2026-05-08 17:32:31,270 - INFO - noise_predictor.blocks.2.cross_attention.value_projection.bias	torch.Size([128])	cuda:0	True
2026-05-08 17:32:31,270 - INFO - noise_predictor.blocks.2.cross_attention.output_projection.weight	torch.Size([128, 128])	cuda:0	True
2026-05-08 17:32:31,270 - INFO - noise_predictor.blocks.2.cross_attention.output_projection.bias	torch.Size([128])	cuda:0	True
2026-05-08 17:32:31,270 - INFO - noise_predictor.blocks.2.spatiotemporal_attention.query_projection.weight	torch.Size([128, 128])	cuda:0	True
2026-05-08 17:32:31,270 - INFO - noise_predictor.blocks.2.spatiotemporal_attention.query_projection.bias	torch.Size([128])	cuda:0	True
2026-05-08 17:32:31,270 - INFO - noise_predictor.blocks.2.spatiotemporal_attention.key_projection.weight	torch.Size([128, 128])	cuda:0	True
2026-05-08 17:32:31,270 - INFO - noise_predictor.blocks.2.spatiotemporal_attention.key_projection.bias	torch.Size([128])	cuda:0	True
2026-05-08 17:32:31,270 - INFO - noise_predictor.blocks.2.spatiotemporal_attention.value_projection.weight	torch.Size([128, 128])	cuda:0	True
2026-05-08 17:32:31,270 - INFO - noise_predictor.blocks.2.spatiotemporal_attention.value_projection.bias	torch.Size([128])	cuda:0	True
2026-05-08 17:32:31,270 - INFO - noise_predictor.blocks.2.spatiotemporal_attention.output_projection.weight	torch.Size([128, 128])	cuda:0	True
2026-05-08 17:32:31,270 - INFO - noise_predictor.blocks.2.spatiotemporal_attention.output_projection.bias	torch.Size([128])	cuda:0	True
2026-05-08 17:32:31,270 - INFO - noise_predictor.blocks.2.feed_forward.network.0.weight	torch.Size([256, 128])	cuda:0	True
2026-05-08 17:32:31,270 - INFO - noise_predictor.blocks.2.feed_forward.network.0.bias	torch.Size([256])	cuda:0	True
2026-05-08 17:32:31,270 - INFO - noise_predictor.blocks.2.feed_forward.network.3.weight	torch.Size([128, 256])	cuda:0	True
2026-05-08 17:32:31,270 - INFO - noise_predictor.blocks.2.feed_forward.network.3.bias	torch.Size([128])	cuda:0	True
2026-05-08 17:32:31,270 - INFO - noise_predictor.blocks.2.norm_temporal.weight	torch.Size([128])	cuda:0	True
2026-05-08 17:32:31,270 - INFO - noise_predictor.blocks.2.norm_temporal.bias	torch.Size([128])	cuda:0	True
2026-05-08 17:32:31,270 - INFO - noise_predictor.blocks.2.norm_graph.weight	torch.Size([128])	cuda:0	True
2026-05-08 17:32:31,270 - INFO - noise_predictor.blocks.2.norm_graph.bias	torch.Size([128])	cuda:0	True
2026-05-08 17:32:31,270 - INFO - noise_predictor.blocks.2.norm_cross.weight	torch.Size([128])	cuda:0	True
2026-05-08 17:32:31,270 - INFO - noise_predictor.blocks.2.norm_cross.bias	torch.Size([128])	cuda:0	True
2026-05-08 17:32:31,270 - INFO - noise_predictor.blocks.2.norm_spatiotemporal.weight	torch.Size([128])	cuda:0	True
2026-05-08 17:32:31,270 - INFO - noise_predictor.blocks.2.norm_spatiotemporal.bias	torch.Size([128])	cuda:0	True
2026-05-08 17:32:31,270 - INFO - noise_predictor.blocks.2.norm_ffn.weight	torch.Size([128])	cuda:0	True
2026-05-08 17:32:31,271 - INFO - noise_predictor.blocks.2.norm_ffn.bias	torch.Size([128])	cuda:0	True
2026-05-08 17:32:31,271 - INFO - noise_predictor.blocks.3.temporal_attention.query_projection.weight	torch.Size([128, 128])	cuda:0	True
2026-05-08 17:32:31,271 - INFO - noise_predictor.blocks.3.temporal_attention.query_projection.bias	torch.Size([128])	cuda:0	True
2026-05-08 17:32:31,271 - INFO - noise_predictor.blocks.3.temporal_attention.key_projection.weight	torch.Size([128, 128])	cuda:0	True
2026-05-08 17:32:31,271 - INFO - noise_predictor.blocks.3.temporal_attention.key_projection.bias	torch.Size([128])	cuda:0	True
2026-05-08 17:32:31,271 - INFO - noise_predictor.blocks.3.temporal_attention.value_projection.weight	torch.Size([128, 128])	cuda:0	True
2026-05-08 17:32:31,271 - INFO - noise_predictor.blocks.3.temporal_attention.value_projection.bias	torch.Size([128])	cuda:0	True
2026-05-08 17:32:31,271 - INFO - noise_predictor.blocks.3.temporal_attention.output_projection.weight	torch.Size([128, 128])	cuda:0	True
2026-05-08 17:32:31,271 - INFO - noise_predictor.blocks.3.temporal_attention.output_projection.bias	torch.Size([128])	cuda:0	True
2026-05-08 17:32:31,271 - INFO - noise_predictor.blocks.3.graph_convolution.projections.0.weight	torch.Size([128, 128])	cuda:0	True
2026-05-08 17:32:31,271 - INFO - noise_predictor.blocks.3.graph_convolution.projections.0.bias	torch.Size([128])	cuda:0	True
2026-05-08 17:32:31,271 - INFO - noise_predictor.blocks.3.graph_convolution.projections.1.weight	torch.Size([128, 128])	cuda:0	True
2026-05-08 17:32:31,271 - INFO - noise_predictor.blocks.3.graph_convolution.projections.1.bias	torch.Size([128])	cuda:0	True
2026-05-08 17:32:31,271 - INFO - noise_predictor.blocks.3.graph_convolution.projections.2.weight	torch.Size([128, 128])	cuda:0	True
2026-05-08 17:32:31,271 - INFO - noise_predictor.blocks.3.graph_convolution.projections.2.bias	torch.Size([128])	cuda:0	True
2026-05-08 17:32:31,271 - INFO - noise_predictor.blocks.3.cross_attention.query_projection.weight	torch.Size([128, 128])	cuda:0	True
2026-05-08 17:32:31,271 - INFO - noise_predictor.blocks.3.cross_attention.query_projection.bias	torch.Size([128])	cuda:0	True
2026-05-08 17:32:31,271 - INFO - noise_predictor.blocks.3.cross_attention.key_projection.weight	torch.Size([128, 128])	cuda:0	True
2026-05-08 17:32:31,271 - INFO - noise_predictor.blocks.3.cross_attention.key_projection.bias	torch.Size([128])	cuda:0	True
2026-05-08 17:32:31,271 - INFO - noise_predictor.blocks.3.cross_attention.value_projection.weight	torch.Size([128, 128])	cuda:0	True
2026-05-08 17:32:31,271 - INFO - noise_predictor.blocks.3.cross_attention.value_projection.bias	torch.Size([128])	cuda:0	True
2026-05-08 17:32:31,271 - INFO - noise_predictor.blocks.3.cross_attention.output_projection.weight	torch.Size([128, 128])	cuda:0	True
2026-05-08 17:32:31,271 - INFO - noise_predictor.blocks.3.cross_attention.output_projection.bias	torch.Size([128])	cuda:0	True
2026-05-08 17:32:31,271 - INFO - noise_predictor.blocks.3.spatiotemporal_attention.query_projection.weight	torch.Size([128, 128])	cuda:0	True
2026-05-08 17:32:31,271 - INFO - noise_predictor.blocks.3.spatiotemporal_attention.query_projection.bias	torch.Size([128])	cuda:0	True
2026-05-08 17:32:31,271 - INFO - noise_predictor.blocks.3.spatiotemporal_attention.key_projection.weight	torch.Size([128, 128])	cuda:0	True
2026-05-08 17:32:31,271 - INFO - noise_predictor.blocks.3.spatiotemporal_attention.key_projection.bias	torch.Size([128])	cuda:0	True
2026-05-08 17:32:31,271 - INFO - noise_predictor.blocks.3.spatiotemporal_attention.value_projection.weight	torch.Size([128, 128])	cuda:0	True
2026-05-08 17:32:31,271 - INFO - noise_predictor.blocks.3.spatiotemporal_attention.value_projection.bias	torch.Size([128])	cuda:0	True
2026-05-08 17:32:31,271 - INFO - noise_predictor.blocks.3.spatiotemporal_attention.output_projection.weight	torch.Size([128, 128])	cuda:0	True
2026-05-08 17:32:31,271 - INFO - noise_predictor.blocks.3.spatiotemporal_attention.output_projection.bias	torch.Size([128])	cuda:0	True
2026-05-08 17:32:31,271 - INFO - noise_predictor.blocks.3.feed_forward.network.0.weight	torch.Size([256, 128])	cuda:0	True
2026-05-08 17:32:31,271 - INFO - noise_predictor.blocks.3.feed_forward.network.0.bias	torch.Size([256])	cuda:0	True
2026-05-08 17:32:31,271 - INFO - noise_predictor.blocks.3.feed_forward.network.3.weight	torch.Size([128, 256])	cuda:0	True
2026-05-08 17:32:31,271 - INFO - noise_predictor.blocks.3.feed_forward.network.3.bias	torch.Size([128])	cuda:0	True
2026-05-08 17:32:31,271 - INFO - noise_predictor.blocks.3.norm_temporal.weight	torch.Size([128])	cuda:0	True
2026-05-08 17:32:31,271 - INFO - noise_predictor.blocks.3.norm_temporal.bias	torch.Size([128])	cuda:0	True
2026-05-08 17:32:31,271 - INFO - noise_predictor.blocks.3.norm_graph.weight	torch.Size([128])	cuda:0	True
2026-05-08 17:32:31,271 - INFO - noise_predictor.blocks.3.norm_graph.bias	torch.Size([128])	cuda:0	True
2026-05-08 17:32:31,271 - INFO - noise_predictor.blocks.3.norm_cross.weight	torch.Size([128])	cuda:0	True
2026-05-08 17:32:31,271 - INFO - noise_predictor.blocks.3.norm_cross.bias	torch.Size([128])	cuda:0	True
2026-05-08 17:32:31,272 - INFO - noise_predictor.blocks.3.norm_spatiotemporal.weight	torch.Size([128])	cuda:0	True
2026-05-08 17:32:31,272 - INFO - noise_predictor.blocks.3.norm_spatiotemporal.bias	torch.Size([128])	cuda:0	True
2026-05-08 17:32:31,272 - INFO - noise_predictor.blocks.3.norm_ffn.weight	torch.Size([128])	cuda:0	True
2026-05-08 17:32:31,272 - INFO - noise_predictor.blocks.3.norm_ffn.bias	torch.Size([128])	cuda:0	True
2026-05-08 17:32:31,272 - INFO - noise_predictor.final_norm.weight	torch.Size([128])	cuda:0	True
2026-05-08 17:32:31,272 - INFO - noise_predictor.final_norm.bias	torch.Size([128])	cuda:0	True
2026-05-08 17:32:31,272 - INFO - noise_predictor.output_projection.weight	torch.Size([3, 128])	cuda:0	True
2026-05-08 17:32:31,272 - INFO - noise_predictor.output_projection.bias	torch.Size([3])	cuda:0	True
2026-05-08 17:32:31,272 - INFO - noise_predictor.adaptive_graph_learner.node_embeddings	torch.Size([307, 32])	cuda:0	True
2026-05-08 17:32:31,272 - INFO - noise_predictor.adaptive_graph_learner.blend_logit	torch.Size([])	cuda:0	True
2026-05-08 17:32:31,272 - INFO - noise_predictor.adaptive_graph_learner.fuzzy_centers	torch.Size([3])	cuda:0	True
2026-05-08 17:32:31,272 - INFO - noise_predictor.adaptive_graph_learner.fuzzy_log_sigmas	torch.Size([3])	cuda:0	True
2026-05-08 17:32:31,272 - INFO - noise_predictor.adaptive_graph_learner.fuzzy_rule_logits	torch.Size([3])	cuda:0	True
2026-05-08 17:32:31,272 - INFO - noise_predictor.adaptive_graph_learner.feature_projection.weight	torch.Size([32, 128])	cuda:0	True
2026-05-08 17:32:31,272 - INFO - noise_predictor.adaptive_graph_learner.feature_projection.bias	torch.Size([32])	cuda:0	True
2026-05-08 17:32:31,272 - INFO - noise_predictor.adaptive_graph_learner.time_projection.weight	torch.Size([32, 128])	cuda:0	True
2026-05-08 17:32:31,272 - INFO - noise_predictor.adaptive_graph_learner.time_projection.bias	torch.Size([32])	cuda:0	True
2026-05-08 17:32:31,272 - INFO - Total parameter numbers: 1713081
2026-05-08 17:32:31,272 - INFO - You select `adamw` optimizer.
2026-05-08 17:32:32,016 - INFO - You select `cosineannealinglr` lr_scheduler.
2026-05-08 17:32:32,159 - INFO - Loaded model at 49
2026-05-08 17:32:32,159 - WARNING - Received none train loss func and will use the loss func defined in the model.
2026-05-08 17:32:32,159 - INFO - Start evaluating ...
2026-05-08 17:44:49,848 - INFO - Note that you select the single mode to evaluate!
2026-05-08 17:44:49,852 - INFO - Evaluate result is saved at /home/lizhuoxuan/lzq/Bigscity-LibCity-master/outputs/20260508_150102__traffic_state_pred__new_diffusion_fuzzy__PEMSD4/evaluate_cache/2026_05_08_17_44_49_new_diffusion_fuzzy_PEMSD4.csv
2026-05-08 17:44:49,861 - INFO - 
          MAE          MAPE           MSE  ...  masked_RMSE        R2      EVAR
1   37.552872  10557.772461   9047.511719  ...    95.500237  0.453429  0.508272
2   37.586594  10705.793945   9035.309570  ...    95.434807  0.454143  0.509093
3   37.718361  10760.823242   9078.610352  ...    95.665405  0.451595  0.507211
4   37.872211  10802.916016   9132.217773  ...    95.944260  0.448311  0.504522
5   38.115719  11284.173828   9190.488281  ...    96.246521  0.444784  0.501480
6   38.396000  11516.518555   9251.198242  ...    96.558533  0.441024  0.498390
7   38.732193  11816.797852   9354.561523  ...    97.099739  0.434757  0.493017
8   38.971630  11991.638672   9419.405273  ...    97.433693  0.430827  0.489881
9   39.404720  12659.773438   9565.491211  ...    98.180534  0.422024  0.482182
10  39.941895  13080.454102   9721.250000  ...    98.972572  0.412570  0.473948
11  40.439949  13314.282227   9876.765625  ...    99.764740  0.403164  0.465558
12  41.039196  13758.392578  10083.421875  ...   100.803207  0.390697  0.454599

[12 rows x 10 columns]
2026-05-08 17:44:49,862 - INFO - Eval checkpoint pipeline finished.
